kode;nama_tindakan;kelas;biaya_dokter;biaya_rs
1;ANOSCOPY;ED;767000;0
2;ASPIRATION;ED;1002000;0
3;Block Pain;ED;2601000;0
4;BODY ANALYZER (BIA);ED;342000;0
5;BONE MARROW PUNCTURE PROCEDURE  (BMP);ED;2464000;0
6;BRONCHOSCOPY;ED;7365000;1698000
7;BRONCHOSCOPY + BIOPSI;ED;9730000;0
8;CATHERIZATION  OR SHEATH OR DRAIN REMOVAL;ED;390000;0
9;CATHETERIZATION PLACEMENT;ED;652000;0
10;CIRCUMCISION;ED;3250000;0
11;COLONOSCOPY;ED;8714000;1379000
12;COLONOSCOPY + BIOPSY;ED;10294000;0
13;ERCP AND PAPILLOTOMY;ED;22326000;3127000
14;ERCP AND SPHINTEROTOMI;ED;13906000;0
15;ERCP AND SPHINTEROTOMI AND COMPLEX STONE EXTRACTION;ED;28395000;0
16;ERCP AND SPHINTEROTOMI AND SIMPLE STONE EXTRACTION;ED;21774000;0
17;ERCP AND SPHINTEROTOMI AND STENT;ED;21774000;0
18;ERCP DIAGNOSTIC;ED;9472000;1327000
19;ESOPHAGOSCOPY;ED;4059000;569000
20;FACET BLOCK MULTI LEVEL (MULTIPLE);ED;6145000;0
21;FACET BLOCK ONE LEVEL;ED;4592000;0
22;FEE I_TABLE 1A_CARDIAC SURGERY;ED;1860000;650000
23;FEE I_TABLE 1A_DENTISTRY;ED;1760000;620000
24;FEE I_TABLE 1A_ENT / OTORHINOLARYNGOLOGY;ED;1520000;530000
25;FEE I_TABLE 1A_GENERAL SURGERY;ED;1390000;490000
26;FEE I_TABLE 1A_NEUROSURGERY;ED;1620000;570000
27;FEE I_TABLE 1A_OBSTETRICS AND GYNECOLOGY;ED;1340000;470000
28;FEE I_TABLE 1A_OPHTHALMOLOGY;ED;1400000;490000
29;FEE I_TABLE 1A_ORTHOPEDIC SURGERY;ED;1430000;500000
30;FEE I_TABLE 1A_PEDIATRIC SURGERY;ED;1450000;510000
31;FEE I_TABLE 1A_PLASTIC SURGERY;ED;1760000;620000
32;FEE I_TABLE 1A_UROLOGICAL SURGERY;ED;1410000;490000
33;FEE I_TABLE 1B_CARDIAC SURGERY;ED;2240000;780000
34;FEE I_TABLE 1B_DENTISTRY;ED;2110000;740000
35;FEE I_TABLE 1B_ENT / OTORHINOLARYNGOLOGY;ED;2240000;780000
36;FEE I_TABLE 1B_GENERAL SURGERY;ED;2480000;870000
37;FEE I_TABLE 1B_NEUROSURGERY;ED;2590000;910000
38;FEE I_TABLE 1B_OBSTETRICS AND GYNECOLOGY;ED;1680000;590000
39;FEE I_TABLE 1B_OPHTHALMOLOGY;ED;2460000;860000
40;FEE I_TABLE 1B_ORTHOPEDIC SURGERY;ED;2150000;750000
41;FEE I_TABLE 1B_PEDIATRIC SURGERY;ED;2420000;850000
42;FEE I_TABLE 1B_PLASTIC SURGERY;ED;2350000;820000
43;FEE I_TABLE 1B_UROLOGICAL SURGERY;ED;2350000;820000
44;FEE I_TABLE 1C_CARDIAC SURGERY;ED;2980000;1040000
45;FEE I_TABLE 1C_DENTISTRY;ED;2460000;860000
46;FEE I_TABLE 1C_ENT / OTORHINOLARYNGOLOGY;ED;3140000;1100000
47;FEE I_TABLE 1C_GENERAL SURGERY;ED;3470000;1210000
48;FEE I_TABLE 1C_NEUROSURGERY;ED;4200000;1470000
49;FEE I_TABLE 1C_OBSTETRICS AND GYNECOLOGY;ED;2520000;880000
50;FEE I_TABLE 1C_OPHTHALMOLOGY;ED;2460000;860000
51;FEE I_TABLE 1C_ORTHOPEDIC SURGERY;ED;3590000;1260000
52;FEE I_TABLE 1C_PEDIATRIC SURGERY;ED;3640000;1270000
53;FEE I_TABLE 1C_PLASTIC SURGERY;ED;2940000;1030000
54;FEE I_TABLE 1C_UROLOGICAL SURGERY;ED;2940000;1030000
55;FEE I_TABLE 2A_CARDIAC SURGERY;ED;3730000;1310000
56;FEE I_TABLE 2A_DENTISTRY;ED;2810000;980000
57;FEE I_TABLE 2A_ENT / OTORHINOLARYNGOLOGY;ED;4040000;1410000
58;FEE I_TABLE 2A_GENERAL SURGERY;ED;4460000;1560000
59;FEE I_TABLE 2A_NEUROSURGERY;ED;5820000;2040000
60;FEE I_TABLE 2A_OBSTETRICS AND GYNECOLOGY;ED;2940000;1030000
61;FEE I_TABLE 2A_OPHTHALMOLOGY;ED;3860000;1350000
62;FEE I_TABLE 2A_ORTHOPEDIC SURGERY;ED;5020000;1760000
63;FEE I_TABLE 2A_PEDIATRIC SURGERY;ED;4850000;1700000
64;FEE I_TABLE 2A_PLASTIC SURGERY;ED;4110000;1440000
65;FEE I_TABLE 2A_UROLOGICAL SURGERY;ED;3530000;1240000
66;FEE I_TABLE 2B_CARDIAC SURGERY;ED;4470000;1560000
67;FEE I_TABLE 2B_DENTISTRY;ED;3160000;1110000
68;FEE I_TABLE 2B_ENT / OTORHINOLARYNGOLOGY;ED;4930000;1730000
69;FEE I_TABLE 2B_GENERAL SURGERY;ED;4950000;1730000
70;FEE I_TABLE 2B_NEUROSURGERY;ED;7430000;2600000
71;FEE I_TABLE 2B_OBSTETRICS AND GYNECOLOGY;ED;3780000;1320000
72;FEE I_TABLE 2B_OPHTHALMOLOGY;ED;4910000;1720000
73;FEE I_TABLE 2B_ORTHOPEDIC SURGERY;ED;6460000;2260000
74;FEE I_TABLE 2B_PEDIATRIC SURGERY;ED;6060000;2120000
75;FEE I_TABLE 2B_PLASTIC SURGERY;ED;5290000;1850000
76;FEE I_TABLE 2B_UROLOGICAL SURGERY;ED;4120000;1440000
77;FEE I_TABLE 2C_CARDIAC SURGERY;ED;5220000;1830000
78;FEE I_TABLE 2C_DENTISTRY;ED;3510000;1230000
79;FEE I_TABLE 2C_ENT / OTORHINOLARYNGOLOGY;ED;6730000;2360000
80;FEE I_TABLE 2C_GENERAL SURGERY;ED;5940000;2080000
81;FEE I_TABLE 2C_NEUROSURGERY;ED;9050000;3170000
82;FEE I_TABLE 2C_OBSTETRICS AND GYNECOLOGY;ED;5040000;1760000
83;FEE I_TABLE 2C_OPHTHALMOLOGY;ED;5970000;2090000
84;FEE I_TABLE 2C_ORTHOPEDIC SURGERY;ED;7890000;2760000
85;FEE I_TABLE 2C_PEDIATRIC SURGERY;ED;7270000;2540000
86;FEE I_TABLE 2C_PLASTIC SURGERY;ED;7050000;2470000
87;FEE I_TABLE 2C_UROLOGICAL SURGERY;ED;5290000;1850000
88;FEE I_TABLE 3A_CARDIAC SURGERY;ED;5960000;2090000
89;FEE I_TABLE 3A_DENTISTRY;ED;5270000;1840000
90;FEE I_TABLE 3A_ENT / OTORHINOLARYNGOLOGY;ED;8070000;2820000
91;FEE I_TABLE 3A_GENERAL SURGERY;ED;6930000;2430000
92;FEE I_TABLE 3A_NEUROSURGERY;ED;10660000;3730000
93;FEE I_TABLE 3A_OBSTETRICS AND GYNECOLOGY;ED;6300000;2210000
94;FEE I_TABLE 3A_OPHTHALMOLOGY;ED;7020000;2460000
95;FEE I_TABLE 3A_ORTHOPEDIC SURGERY;ED;9320000;3260000
96;FEE I_TABLE 3A_PEDIATRIC SURGERY;ED;8480000;2970000
97;FEE I_TABLE 3A_PLASTIC SURGERY;ED;8230000;2880000
98;FEE I_TABLE 3A_UROLOGICAL SURGERY;ED;7060000;2470000
99;FEE I_TABLE 3B_CARDIAC SURGERY;ED;6710000;2350000
100;FEE I_TABLE 3B_DENTISTRY;ED;7020000;2460000
101;FEE I_TABLE 3B_ENT / OTORHINOLARYNGOLOGY;ED;8520000;2980000
102;FEE I_TABLE 3B_GENERAL SURGERY;ED;8420000;2950000
103;FEE I_TABLE 3B_NEUROSURGERY;ED;12920000;4520000
104;FEE I_TABLE 3B_OBSTETRICS AND GYNECOLOGY;ED;7140000;2500000
105;FEE I_TABLE 3B_OPHTHALMOLOGY;ED;7720000;2700000
106;FEE I_TABLE 3B_ORTHOPEDIC SURGERY;ED;10760000;3770000
107;FEE I_TABLE 3B_PEDIATRIC SURGERY;ED;9700000;3400000
108;FEE I_TABLE 3B_PLASTIC SURGERY;ED;9400000;3290000
109;FEE I_TABLE 3B_UROLOGICAL SURGERY;ED;8230000;2880000
110;FEE I_TABLE 3C_CARDIAC SURGERY;ED;7460000;2610000
111;FEE I_TABLE 3C_DENTISTRY;ED;8070000;2820000
112;FEE I_TABLE 3C_ENT / OTORHINOLARYNGOLOGY;ED;8970000;3140000
113;FEE I_TABLE 3C_GENERAL SURGERY;ED;9900000;3470000
114;FEE I_TABLE 3C_NEUROSURGERY;ED;14540000;5090000
115;FEE I_TABLE 3C_OBSTETRICS AND GYNECOLOGY;ED;8400000;2940000
116;FEE I_TABLE 3C_OPHTHALMOLOGY;ED;8420000;2950000
117;FEE I_TABLE 3C_ORTHOPEDIC SURGERY;ED;12190000;4270000
118;FEE I_TABLE 3C_PEDIATRIC SURGERY;ED;10910000;3820000
119;FEE I_TABLE 3C_PLASTIC SURGERY;ED;10580000;3700000
120;FEE I_TABLE 3C_UROLOGICAL SURGERY;ED;9410000;3290000
121;FEE I_TABLE 4A_CARDIAC SURGERY;ED;8950000;3130000
122;FEE I_TABLE 4A_DENTISTRY;ED;9130000;3200000
123;FEE I_TABLE 4A_ENT / OTORHINOLARYNGOLOGY;ED;9420000;3300000
124;FEE I_TABLE 4A_GENERAL SURGERY;ED;10890000;3810000
125;FEE I_TABLE 4A_NEUROSURGERY;ED;16150000;5650000
126;FEE I_TABLE 4A_OBSTETRICS AND GYNECOLOGY;ED;9240000;3230000
127;FEE I_TABLE 4A_OPHTHALMOLOGY;ED;9830000;3440000
128;FEE I_TABLE 4A_ORTHOPEDIC SURGERY;ED;12910000;4520000
129;FEE I_TABLE 4A_PEDIATRIC SURGERY;ED;12120000;4240000
130;FEE I_TABLE 4A_PLASTIC SURGERY;ED;11750000;4110000
131;FEE I_TABLE 4A_UROLOGICAL SURGERY;ED;10580000;3700000
132;FEE I_TABLE 4B_CARDIAC SURGERY;ED;10440000;3650000
133;FEE I_TABLE 4B_DENTISTRY;ED;9480000;3320000
134;FEE I_TABLE 4B_ENT / OTORHINOLARYNGOLOGY;ED;9870000;3450000
135;FEE I_TABLE 4B_GENERAL SURGERY;ED;11880000;4160000
136;FEE I_TABLE 4B_NEUROSURGERY;ED;19390000;6790000
137;FEE I_TABLE 4B_OBSTETRICS AND GYNECOLOGY;ED;10080000;3530000
138;FEE I_TABLE 4B_OPHTHALMOLOGY;ED;10530000;3690000
139;FEE I_TABLE 4B_ORTHOPEDIC SURGERY;ED;14350000;5020000
140;FEE I_TABLE 4B_PEDIATRIC SURGERY;ED;13330000;4670000
141;FEE I_TABLE 4B_PLASTIC SURGERY;ED;12930000;4530000
142;FEE I_TABLE 4B_UROLOGICAL SURGERY;ED;11760000;4120000
143;FEE I_TABLE 4C_CARDIAC SURGERY;ED;11930000;4180000
144;FEE I_TABLE 4C_DENTISTRY;ED;9830000;3440000
145;FEE I_TABLE 4C_ENT / OTORHINOLARYNGOLOGY;ED;10760000;3770000
146;FEE I_TABLE 4C_GENERAL SURGERY;ED;13370000;4680000
147;FEE I_TABLE 4C_NEUROSURGERY;ED;22620000;7920000
148;FEE I_TABLE 4C_OBSTETRICS AND GYNECOLOGY;ED;10920000;3820000
149;FEE I_TABLE 4C_OPHTHALMOLOGY;ED;11230000;3930000
150;FEE I_TABLE 4C_ORTHOPEDIC SURGERY;ED;15060000;5270000
151;FEE I_TABLE 4C_PEDIATRIC SURGERY;ED;14540000;5090000
152;FEE I_TABLE 4C_PLASTIC SURGERY;ED;13510000;4730000
153;FEE I_TABLE 4C_UROLOGICAL SURGERY;ED;12350000;4320000
154;FEE I_TABLE 5A_CARDIAC SURGERY;ED;13420000;4700000
155;FEE I_TABLE 5A_DENTISTRY;ED;11230000;3930000
156;FEE I_TABLE 5A_ENT / OTORHINOLARYNGOLOGY;ED;12110000;4240000
157;FEE I_TABLE 5A_GENERAL SURGERY;ED;13860000;4850000
158;FEE I_TABLE 5A_NEUROSURGERY;ED;25850000;9050000
159;FEE I_TABLE 5A_OBSTETRICS AND GYNECOLOGY;ED;11340000;3970000
160;FEE I_TABLE 5A_OPHTHALMOLOGY;ED;11930000;4180000
161;FEE I_TABLE 5A_ORTHOPEDIC SURGERY;ED;15780000;5520000
162;FEE I_TABLE 5A_PEDIATRIC SURGERY;ED;15760000;5520000
163;FEE I_TABLE 5A_PLASTIC SURGERY;ED;14690000;5140000
164;FEE I_TABLE 5A_UROLOGICAL SURGERY;ED;12940000;4530000
165;FEE I_TABLE 5B_CARDIAC SURGERY;ED;14910000;5220000
166;FEE I_TABLE 5B_DENTISTRY;ED;12640000;4420000
167;FEE I_TABLE 5B_ENT / OTORHINOLARYNGOLOGY;ED;13010000;4550000
168;FEE I_TABLE 5B_GENERAL SURGERY;ED;14360000;5030000
169;FEE I_TABLE 5B_NEUROSURGERY;ED;29080000;10180000
170;FEE I_TABLE 5B_OBSTETRICS AND GYNECOLOGY;ED;12180000;4260000
171;FEE I_TABLE 5B_OPHTHALMOLOGY;ED;12640000;4420000
172;FEE I_TABLE 5B_ORTHOPEDIC SURGERY;ED;16500000;5780000
173;FEE I_TABLE 5B_PEDIATRIC SURGERY;ED;16970000;5940000
174;FEE I_TABLE 5B_PLASTIC SURGERY;ED;15860000;5550000
175;FEE I_TABLE 5B_UROLOGICAL SURGERY;ED;14110000;4940000
176;FEE I_TABLE 5C_CARDIAC SURGERY;ED;16400000;5740000
177;FEE I_TABLE 5C_DENTISTRY;ED;14740000;5160000
178;FEE I_TABLE 5C_ENT / OTORHINOLARYNGOLOGY;ED;14350000;5020000
179;FEE I_TABLE 5C_GENERAL SURGERY;ED;14850000;5200000
180;FEE I_TABLE 5C_NEUROSURGERY;ED;32310000;11310000
181;FEE I_TABLE 5C_OBSTETRICS AND GYNECOLOGY;ED;13860000;4850000
182;FEE I_TABLE 5C_OPHTHALMOLOGY;ED;14040000;4910000
183;FEE I_TABLE 5C_ORTHOPEDIC SURGERY;ED;17210000;6020000
184;FEE I_TABLE 5C_PEDIATRIC SURGERY;ED;18180000;6360000
185;FEE I_TABLE 5C_PLASTIC SURGERY;ED;17040000;5960000
186;FEE I_TABLE 5C_UROLOGICAL SURGERY;ED;14700000;5150000
187;FEE I_TABLE 6A_CARDIAC SURGERY;ED;18640000;6520000
188;FEE I_TABLE 6A_DENTISTRY;ED;15800000;5530000
189;FEE I_TABLE 6A_ENT / OTORHINOLARYNGOLOGY;ED;16150000;5650000
190;FEE I_TABLE 6A_GENERAL SURGERY;ED;15350000;5370000
191;FEE I_TABLE 6A_NEUROSURGERY;ED;33920000;11870000
192;FEE I_TABLE 6A_OBSTETRICS AND GYNECOLOGY;ED;14700000;5150000
193;FEE I_TABLE 6A_OPHTHALMOLOGY;ED;15440000;5400000
194;FEE I_TABLE 6A_ORTHOPEDIC SURGERY;ED;17930000;6280000
195;FEE I_TABLE 6A_PEDIATRIC SURGERY;ED;19390000;6790000
196;FEE I_TABLE 6A_PLASTIC SURGERY;ED;18210000;6370000
197;FEE I_TABLE 6A_UROLOGICAL SURGERY;ED;15290000;5350000
198;FEE I_TABLE 6B_CARDIAC SURGERY;ED;20870000;7300000
199;FEE I_TABLE 6B_DENTISTRY;ED;17550000;6140000
200;FEE I_TABLE 6B_ENT / OTORHINOLARYNGOLOGY;ED;17940000;6280000
201;FEE I_TABLE 6B_GENERAL SURGERY;ED;15840000;5540000
202;FEE I_TABLE 6B_NEUROSURGERY;ED;35540000;12440000
203;FEE I_TABLE 6B_OBSTETRICS AND GYNECOLOGY;ED;16380000;5730000
204;FEE I_TABLE 6B_OPHTHALMOLOGY;ED;16850000;5900000
205;FEE I_TABLE 6B_ORTHOPEDIC SURGERY;ED;20080000;7030000
206;FEE I_TABLE 6B_PEDIATRIC SURGERY;ED;20600000;7210000
207;FEE I_TABLE 6B_PLASTIC SURGERY;ED;19390000;6790000
208;FEE I_TABLE 6B_UROLOGICAL SURGERY;ED;16460000;5760000
209;FEE I_TABLE 6C_CARDIAC SURGERY;ED;23110000;8090000
210;FEE I_TABLE 6C_DENTISTRY;ED;18950000;6630000
211;FEE I_TABLE 6C_ENT / OTORHINOLARYNGOLOGY;ED;19290000;6750000
212;FEE I_TABLE 6C_GENERAL SURGERY;ED;16830000;5890000
213;FEE I_TABLE 6C_NEUROSURGERY;ED;37150000;13000000
214;FEE I_TABLE 6C_OBSTETRICS AND GYNECOLOGY;ED;18480000;6470000
215;FEE I_TABLE 6C_OPHTHALMOLOGY;ED;18950000;6630000
216;FEE I_TABLE 6C_ORTHOPEDIC SURGERY;ED;24390000;8540000
217;FEE I_TABLE 6C_PEDIATRIC SURGERY;ED;21820000;7640000
218;FEE I_TABLE 6C_PLASTIC SURGERY;ED;20560000;7200000
219;FEE I_TABLE 6C_UROLOGICAL SURGERY;ED;17640000;6170000
220;FEE I_TABLE 7A_CARDIAC SURGERY;ED;26090000;9130000
221;FEE I_TABLE 7A_DENTISTRY;ED;21060000;7370000
222;FEE I_TABLE 7A_ENT / OTORHINOLARYNGOLOGY;ED;21530000;7540000
223;FEE I_TABLE 7A_GENERAL SURGERY;ED;17820000;6240000
224;FEE I_TABLE 7A_NEUROSURGERY;ED;38770000;13570000
225;FEE I_TABLE 7A_OBSTETRICS AND GYNECOLOGY;ED;19740000;6910000
226;FEE I_TABLE 7A_OPHTHALMOLOGY;ED;21060000;7370000
227;FEE I_TABLE 7A_ORTHOPEDIC SURGERY;ED;30120000;10540000
228;FEE I_TABLE 7A_PEDIATRIC SURGERY;ED;23030000;8060000
229;FEE I_TABLE 7A_PLASTIC SURGERY;ED;23500000;8230000
230;FEE I_TABLE 7A_UROLOGICAL SURGERY;ED;19400000;6790000
231;FEE I_TABLE 7B_CARDIAC SURGERY;ED;29070000;10170000
232;FEE I_TABLE 7B_DENTISTRY;ED;24220000;8480000
233;FEE I_TABLE 7B_ENT / OTORHINOLARYNGOLOGY;ED;23320000;8160000
234;FEE I_TABLE 7B_GENERAL SURGERY;ED;19800000;6930000
235;FEE I_TABLE 7B_NEUROSURGERY;ED;42000000;14700000
236;FEE I_TABLE 7B_OBSTETRICS AND GYNECOLOGY;ED;21000000;7350000
237;FEE I_TABLE 7B_OPHTHALMOLOGY;ED;23170000;8110000
238;FEE I_TABLE 7B_ORTHOPEDIC SURGERY;ED;35860000;12550000
239;FEE I_TABLE 7B_PEDIATRIC SURGERY;ED;24240000;8480000
240;FEE I_TABLE 7B_PLASTIC SURGERY;ED;26440000;9250000
241;FEE I_TABLE 7B_UROLOGICAL SURGERY;ED;22340000;7820000
242;FEE I_TABLE 7C_CARDIAC SURGERY;ED;32060000;11220000
243;FEE I_TABLE 7C_DENTISTRY;ED;27380000;9580000
244;FEE I_TABLE 7C_ENT / OTORHINOLARYNGOLOGY;ED;24040000;8410000
245;FEE I_TABLE 7C_GENERAL SURGERY;ED;20790000;7280000
246;FEE I_TABLE 7C_NEUROSURGERY;ED;45230000;15830000
247;FEE I_TABLE 7C_OBSTETRICS AND GYNECOLOGY;ED;22260000;7790000
248;FEE I_TABLE 7C_OPHTHALMOLOGY;ED;24570000;8600000
249;FEE I_TABLE 7C_ORTHOPEDIC SURGERY;ED;43040000;15060000
250;FEE I_TABLE 7C_PEDIATRIC SURGERY;ED;26660000;9330000
251;FEE I_TABLE 7C_PLASTIC SURGERY;ED;29380000;10280000
252;FEE I_TABLE 7C_UROLOGICAL SURGERY;ED;25280000;8850000
253;FEE II_TABLE 1A_CARDIAC SURGERY;ED;2420000;850000
254;FEE II_TABLE 1A_DENTISTRY;ED;2290000;800000
255;FEE II_TABLE 1A_DIGESTIVE SURGERY;ED;1980000;690000
256;FEE II_TABLE 1A_ENT / OTORHINOLARYNGOLOGY;ED;1980000;690000
257;FEE II_TABLE 1A_NEUROSURGERY;ED;2110000;740000
258;FEE II_TABLE 1A_OBSTETRICS AND GYNECOLOGY;ED;1740000;610000
259;FEE II_TABLE 1A_ONCOLOGY SURGERY;ED;2130000;750000
260;FEE II_TABLE 1A_OPHTHALMOLOGY;ED;1820000;640000
261;FEE II_TABLE 1A_ORTHOPEDIC SURGERY;ED;1860000;650000
262;FEE II_TABLE 1A_PEDIATRIC SURGERY;ED;1890000;660000
263;FEE II_TABLE 1A_PLASTIC SURGERY;ED;2290000;800000
264;FEE II_TABLE 1A_UROLOGICAL SURGERY;ED;1830000;640000
265;FEE II_TABLE 1A_VASCULAR SURGERY;ED;2080000;730000
266;FEE II_TABLE 1B_CARDIAC SURGERY;ED;2910000;1020000
267;FEE II_TABLE 1B_DENTISTRY;ED;2740000;960000
268;FEE II_TABLE 1B_DIGESTIVE SURGERY;ED;2630000;920000
269;FEE II_TABLE 1B_ENT / OTORHINOLARYNGOLOGY;ED;2910000;1020000
270;FEE II_TABLE 1B_NEUROSURGERY;ED;3370000;1180000
271;FEE II_TABLE 1B_OBSTETRICS AND GYNECOLOGY;ED;2180000;760000
272;FEE II_TABLE 1B_ONCOLOGY SURGERY;ED;4260000;1490000
273;FEE II_TABLE 1B_OPHTHALMOLOGY;ED;3200000;1120000
274;FEE II_TABLE 1B_ORTHOPEDIC SURGERY;ED;2800000;980000
275;FEE II_TABLE 1B_PEDIATRIC SURGERY;ED;3150000;1100000
276;FEE II_TABLE 1B_PLASTIC SURGERY;ED;3060000;1070000
277;FEE II_TABLE 1B_UROLOGICAL SURGERY;ED;3060000;1070000
278;FEE II_TABLE 1B_VASCULAR SURGERY;ED;2770000;970000
279;FEE II_TABLE 1C_CARDIAC SURGERY;ED;3870000;1350000
280;FEE II_TABLE 1C_DENTISTRY;ED;3200000;1120000
281;FEE II_TABLE 1C_DIGESTIVE SURGERY;ED;3940000;1380000
282;FEE II_TABLE 1C_ENT / OTORHINOLARYNGOLOGY;ED;4080000;1430000
283;FEE II_TABLE 1C_NEUROSURGERY;ED;5460000;1910000
284;FEE II_TABLE 1C_OBSTETRICS AND GYNECOLOGY;ED;3280000;1150000
285;FEE II_TABLE 1C_ONCOLOGY SURGERY;ED;5330000;1870000
286;FEE II_TABLE 1C_OPHTHALMOLOGY;ED;3200000;1120000
287;FEE II_TABLE 1C_ORTHOPEDIC SURGERY;ED;4670000;1630000
288;FEE II_TABLE 1C_PEDIATRIC SURGERY;ED;4730000;1660000
289;FEE II_TABLE 1C_PLASTIC SURGERY;ED;3820000;1340000
290;FEE II_TABLE 1C_UROLOGICAL SURGERY;ED;3820000;1340000
291;FEE II_TABLE 1C_VASCULAR SURGERY;ED;3460000;1210000
292;FEE II_TABLE 2A_CARDIAC SURGERY;ED;4850000;1700000
293;FEE II_TABLE 2A_DENTISTRY;ED;3650000;1280000
294;FEE II_TABLE 2A_DIGESTIVE SURGERY;ED;5250000;1840000
295;FEE II_TABLE 2A_ENT / OTORHINOLARYNGOLOGY;ED;5250000;1840000
296;FEE II_TABLE 2A_NEUROSURGERY;ED;7570000;2650000
297;FEE II_TABLE 2A_OBSTETRICS AND GYNECOLOGY;ED;3820000;1340000
298;FEE II_TABLE 2A_ONCOLOGY SURGERY;ED;6380000;2230000
299;FEE II_TABLE 2A_OPHTHALMOLOGY;ED;5020000;1760000
300;FEE II_TABLE 2A_ORTHOPEDIC SURGERY;ED;6530000;2290000
301;FEE II_TABLE 2A_PEDIATRIC SURGERY;ED;6310000;2210000
302;FEE II_TABLE 2A_PLASTIC SURGERY;ED;5340000;1870000
303;FEE II_TABLE 2A_UROLOGICAL SURGERY;ED;4590000;1610000
304;FEE II_TABLE 2A_VASCULAR SURGERY;ED;4160000;1460000
305;FEE II_TABLE 2B_CARDIAC SURGERY;ED;5810000;2030000
306;FEE II_TABLE 2B_DENTISTRY;ED;4110000;1440000
307;FEE II_TABLE 2B_DIGESTIVE SURGERY;ED;6570000;2300000
308;FEE II_TABLE 2B_ENT / OTORHINOLARYNGOLOGY;ED;6410000;2240000
309;FEE II_TABLE 2B_NEUROSURGERY;ED;9660000;3380000
310;FEE II_TABLE 2B_OBSTETRICS AND GYNECOLOGY;ED;4910000;1720000
311;FEE II_TABLE 2B_ONCOLOGY SURGERY;ED;7450000;2610000
312;FEE II_TABLE 2B_OPHTHALMOLOGY;ED;6380000;2230000
313;FEE II_TABLE 2B_ORTHOPEDIC SURGERY;ED;8400000;2940000
314;FEE II_TABLE 2B_PEDIATRIC SURGERY;ED;7880000;2760000
315;FEE II_TABLE 2B_PLASTIC SURGERY;ED;6880000;2410000
316;FEE II_TABLE 2B_UROLOGICAL SURGERY;ED;5360000;1880000
317;FEE II_TABLE 2B_VASCULAR SURGERY;ED;5540000;1940000
318;FEE II_TABLE 2C_CARDIAC SURGERY;ED;6790000;2380000
319;FEE II_TABLE 2C_DENTISTRY;ED;4560000;1600000
320;FEE II_TABLE 2C_DIGESTIVE SURGERY;ED;7880000;2760000
321;FEE II_TABLE 2C_ENT / OTORHINOLARYNGOLOGY;ED;8750000;3060000
322;FEE II_TABLE 2C_NEUROSURGERY;ED;11770000;4120000
323;FEE II_TABLE 2C_OBSTETRICS AND GYNECOLOGY;ED;6550000;2290000
324;FEE II_TABLE 2C_ONCOLOGY SURGERY;ED;9580000;3350000
325;FEE II_TABLE 2C_OPHTHALMOLOGY;ED;7760000;2720000
326;FEE II_TABLE 2C_ORTHOPEDIC SURGERY;ED;10260000;3590000
327;FEE II_TABLE 2C_PEDIATRIC SURGERY;ED;9450000;3310000
328;FEE II_TABLE 2C_PLASTIC SURGERY;ED;9170000;3210000
329;FEE II_TABLE 2C_UROLOGICAL SURGERY;ED;6880000;2410000
330;FEE II_TABLE 2C_VASCULAR SURGERY;ED;6930000;2430000
331;FEE II_TABLE 3A_CARDIAC SURGERY;ED;7750000;2710000
332;FEE II_TABLE 3A_DENTISTRY;ED;6850000;2400000
333;FEE II_TABLE 3A_DIGESTIVE SURGERY;ED;9710000;3400000
334;FEE II_TABLE 3A_ENT / OTORHINOLARYNGOLOGY;ED;10490000;3670000
335;FEE II_TABLE 3A_NEUROSURGERY;ED;13860000;4850000
336;FEE II_TABLE 3A_OBSTETRICS AND GYNECOLOGY;ED;8190000;2870000
337;FEE II_TABLE 3A_ONCOLOGY SURGERY;ED;11710000;4100000
338;FEE II_TABLE 3A_OPHTHALMOLOGY;ED;9130000;3200000
339;FEE II_TABLE 3A_ORTHOPEDIC SURGERY;ED;12120000;4240000
340;FEE II_TABLE 3A_PEDIATRIC SURGERY;ED;11020000;3860000
341;FEE II_TABLE 3A_PLASTIC SURGERY;ED;10700000;3750000
342;FEE II_TABLE 3A_UROLOGICAL SURGERY;ED;9180000;3210000
343;FEE II_TABLE 3A_VASCULAR SURGERY;ED;8310000;2910000
344;FEE II_TABLE 3B_CARDIAC SURGERY;ED;8720000;3050000
345;FEE II_TABLE 3B_DENTISTRY;ED;9130000;3200000
346;FEE II_TABLE 3B_DIGESTIVE SURGERY;ED;11170000;3910000
347;FEE II_TABLE 3B_ENT / OTORHINOLARYNGOLOGY;ED;11080000;3880000
348;FEE II_TABLE 3B_NEUROSURGERY;ED;16800000;5880000
349;FEE II_TABLE 3B_OBSTETRICS AND GYNECOLOGY;ED;9280000;3250000
350;FEE II_TABLE 3B_ONCOLOGY SURGERY;ED;12780000;4470000
351;FEE II_TABLE 3B_OPHTHALMOLOGY;ED;10040000;3510000
352;FEE II_TABLE 3B_ORTHOPEDIC SURGERY;ED;13990000;4900000
353;FEE II_TABLE 3B_PEDIATRIC SURGERY;ED;12610000;4410000
354;FEE II_TABLE 3B_PLASTIC SURGERY;ED;12220000;4280000
355;FEE II_TABLE 3B_UROLOGICAL SURGERY;ED;10700000;3750000
356;FEE II_TABLE 3B_VASCULAR SURGERY;ED;9700000;3400000
357;FEE II_TABLE 3C_CARDIAC SURGERY;ED;9700000;3400000
358;FEE II_TABLE 3C_DENTISTRY;ED;10490000;3670000
359;FEE II_TABLE 3C_DIGESTIVE SURGERY;ED;12480000;4370000
360;FEE II_TABLE 3C_ENT / OTORHINOLARYNGOLOGY;ED;11660000;4080000
361;FEE II_TABLE 3C_NEUROSURGERY;ED;18900000;6620000
362;FEE II_TABLE 3C_OBSTETRICS AND GYNECOLOGY;ED;10920000;3820000
363;FEE II_TABLE 3C_ONCOLOGY SURGERY;ED;14910000;5220000
364;FEE II_TABLE 3C_OPHTHALMOLOGY;ED;10950000;3830000
365;FEE II_TABLE 3C_ORTHOPEDIC SURGERY;ED;15850000;5550000
366;FEE II_TABLE 3C_PEDIATRIC SURGERY;ED;14180000;4960000
367;FEE II_TABLE 3C_PLASTIC SURGERY;ED;13750000;4810000
368;FEE II_TABLE 3C_UROLOGICAL SURGERY;ED;12230000;4280000
369;FEE II_TABLE 3C_VASCULAR SURGERY;ED;11080000;3880000
370;FEE II_TABLE 4A_CARDIAC SURGERY;ED;11640000;4070000
371;FEE II_TABLE 4A_DENTISTRY;ED;11870000;4150000
372;FEE II_TABLE 4A_DIGESTIVE SURGERY;ED;13130000;4600000
373;FEE II_TABLE 4A_ENT / OTORHINOLARYNGOLOGY;ED;12250000;4290000
374;FEE II_TABLE 4A_NEUROSURGERY;ED;21000000;7350000
375;FEE II_TABLE 4A_OBSTETRICS AND GYNECOLOGY;ED;12010000;4200000
376;FEE II_TABLE 4A_ONCOLOGY SURGERY;ED;15980000;5590000
377;FEE II_TABLE 4A_OPHTHALMOLOGY;ED;12780000;4470000
378;FEE II_TABLE 4A_ORTHOPEDIC SURGERY;ED;16780000;5870000
379;FEE II_TABLE 4A_PEDIATRIC SURGERY;ED;15760000;5520000
380;FEE II_TABLE 4A_PLASTIC SURGERY;ED;15280000;5350000
381;FEE II_TABLE 4A_UROLOGICAL SURGERY;ED;13750000;4810000
382;FEE II_TABLE 4A_VASCULAR SURGERY;ED;12470000;4360000
383;FEE II_TABLE 4B_CARDIAC SURGERY;ED;13570000;4750000
384;FEE II_TABLE 4B_DENTISTRY;ED;12320000;4310000
385;FEE II_TABLE 4B_DIGESTIVE SURGERY;ED;14440000;5050000
386;FEE II_TABLE 4B_ENT / OTORHINOLARYNGOLOGY;ED;12830000;4490000
387;FEE II_TABLE 4B_NEUROSURGERY;ED;25210000;8820000
388;FEE II_TABLE 4B_OBSTETRICS AND GYNECOLOGY;ED;13100000;4590000
389;FEE II_TABLE 4B_ONCOLOGY SURGERY;ED;18100000;6340000
390;FEE II_TABLE 4B_OPHTHALMOLOGY;ED;13690000;4790000
391;FEE II_TABLE 4B_ORTHOPEDIC SURGERY;ED;18660000;6530000
392;FEE II_TABLE 4B_PEDIATRIC SURGERY;ED;17330000;6070000
393;FEE II_TABLE 4B_PLASTIC SURGERY;ED;16810000;5880000
394;FEE II_TABLE 4B_UROLOGICAL SURGERY;ED;15290000;5350000
395;FEE II_TABLE 4B_VASCULAR SURGERY;ED;13850000;4850000
396;FEE II_TABLE 4C_CARDIAC SURGERY;ED;15510000;5430000
397;FEE II_TABLE 4C_DENTISTRY;ED;12780000;4470000
398;FEE II_TABLE 4C_DIGESTIVE SURGERY;ED;15760000;5520000
399;FEE II_TABLE 4C_ENT / OTORHINOLARYNGOLOGY;ED;13990000;4900000
400;FEE II_TABLE 4C_NEUROSURGERY;ED;29410000;10290000
401;FEE II_TABLE 4C_OBSTETRICS AND GYNECOLOGY;ED;14200000;4970000
402;FEE II_TABLE 4C_ONCOLOGY SURGERY;ED;20230000;7080000
403;FEE II_TABLE 4C_OPHTHALMOLOGY;ED;14600000;5110000
404;FEE II_TABLE 4C_ORTHOPEDIC SURGERY;ED;19580000;6850000
405;FEE II_TABLE 4C_PEDIATRIC SURGERY;ED;18900000;6620000
406;FEE II_TABLE 4C_PLASTIC SURGERY;ED;17560000;6150000
407;FEE II_TABLE 4C_UROLOGICAL SURGERY;ED;16060000;5620000
408;FEE II_TABLE 4C_VASCULAR SURGERY;ED;15240000;5330000
409;FEE II_TABLE 5A_CARDIAC SURGERY;ED;17450000;6110000
410;FEE II_TABLE 5A_DENTISTRY;ED;14600000;5110000
411;FEE II_TABLE 5A_DIGESTIVE SURGERY;ED;17070000;5970000
412;FEE II_TABLE 5A_ENT / OTORHINOLARYNGOLOGY;ED;15740000;5510000
413;FEE II_TABLE 5A_NEUROSURGERY;ED;33610000;11760000
414;FEE II_TABLE 5A_OBSTETRICS AND GYNECOLOGY;ED;14740000;5160000
415;FEE II_TABLE 5A_ONCOLOGY SURGERY;ED;21290000;7450000
416;FEE II_TABLE 5A_OPHTHALMOLOGY;ED;15510000;5430000
417;FEE II_TABLE 5A_ORTHOPEDIC SURGERY;ED;20510000;7180000
418;FEE II_TABLE 5A_PEDIATRIC SURGERY;ED;20490000;7170000
419;FEE II_TABLE 5A_PLASTIC SURGERY;ED;19100000;6690000
420;FEE II_TABLE 5A_UROLOGICAL SURGERY;ED;16820000;5890000
421;FEE II_TABLE 5A_VASCULAR SURGERY;ED;16610000;5810000
422;FEE II_TABLE 5B_CARDIAC SURGERY;ED;19380000;6780000
423;FEE II_TABLE 5B_DENTISTRY;ED;16430000;5750000
424;FEE II_TABLE 5B_DIGESTIVE SURGERY;ED;18380000;6430000
425;FEE II_TABLE 5B_ENT / OTORHINOLARYNGOLOGY;ED;16910000;5920000
426;FEE II_TABLE 5B_NEUROSURGERY;ED;37800000;13230000
427;FEE II_TABLE 5B_OBSTETRICS AND GYNECOLOGY;ED;15830000;5540000
428;FEE II_TABLE 5B_ONCOLOGY SURGERY;ED;23430000;8200000
429;FEE II_TABLE 5B_OPHTHALMOLOGY;ED;16430000;5750000
430;FEE II_TABLE 5B_ORTHOPEDIC SURGERY;ED;21450000;7510000
431;FEE II_TABLE 5B_PEDIATRIC SURGERY;ED;22060000;7720000
432;FEE II_TABLE 5B_PLASTIC SURGERY;ED;20620000;7220000
433;FEE II_TABLE 5B_UROLOGICAL SURGERY;ED;18340000;6420000
434;FEE II_TABLE 5B_VASCULAR SURGERY;ED;18010000;6300000
435;FEE II_TABLE 5C_CARDIAC SURGERY;ED;21320000;7460000
436;FEE II_TABLE 5C_DENTISTRY;ED;19160000;6710000
437;FEE II_TABLE 5C_DIGESTIVE SURGERY;ED;19700000;6900000
438;FEE II_TABLE 5C_ENT / OTORHINOLARYNGOLOGY;ED;18660000;6530000
439;FEE II_TABLE 5C_NEUROSURGERY;ED;42000000;14700000
440;FEE II_TABLE 5C_OBSTETRICS AND GYNECOLOGY;ED;18020000;6310000
441;FEE II_TABLE 5C_ONCOLOGY SURGERY;ED;25560000;8950000
442;FEE II_TABLE 5C_OPHTHALMOLOGY;ED;18250000;6390000
443;FEE II_TABLE 5C_ORTHOPEDIC SURGERY;ED;22370000;7830000
444;FEE II_TABLE 5C_PEDIATRIC SURGERY;ED;23630000;8270000
445;FEE II_TABLE 5C_PLASTIC SURGERY;ED;22150000;7750000
446;FEE II_TABLE 5C_UROLOGICAL SURGERY;ED;19110000;6690000
447;FEE II_TABLE 5C_VASCULAR SURGERY;ED;19380000;6780000
448;FEE II_TABLE 6A_CARDIAC SURGERY;ED;24230000;8480000
449;FEE II_TABLE 6A_DENTISTRY;ED;20540000;7190000
450;FEE II_TABLE 6A_DIGESTIVE SURGERY;ED;21010000;7350000
451;FEE II_TABLE 6A_ENT / OTORHINOLARYNGOLOGY;ED;21000000;7350000
452;FEE II_TABLE 6A_NEUROSURGERY;ED;44100000;15440000
453;FEE II_TABLE 6A_OBSTETRICS AND GYNECOLOGY;ED;19110000;6690000
454;FEE II_TABLE 6A_ONCOLOGY SURGERY;ED;27680000;9690000
455;FEE II_TABLE 6A_OPHTHALMOLOGY;ED;20070000;7020000
456;FEE II_TABLE 6A_ORTHOPEDIC SURGERY;ED;23310000;8160000
457;FEE II_TABLE 6A_PEDIATRIC SURGERY;ED;25210000;8820000
458;FEE II_TABLE 6A_PLASTIC SURGERY;ED;23670000;8280000
459;FEE II_TABLE 6A_UROLOGICAL SURGERY;ED;19880000;6960000
460;FEE II_TABLE 6A_VASCULAR SURGERY;ED;22150000;7750000
461;FEE II_TABLE 6B_CARDIAC SURGERY;ED;27130000;9500000
462;FEE II_TABLE 6B_DENTISTRY;ED;22820000;7990000
463;FEE II_TABLE 6B_DIGESTIVE SURGERY;ED;22320000;7810000
464;FEE II_TABLE 6B_ENT / OTORHINOLARYNGOLOGY;ED;23320000;8160000
465;FEE II_TABLE 6B_NEUROSURGERY;ED;46200000;16170000
466;FEE II_TABLE 6B_OBSTETRICS AND GYNECOLOGY;ED;21290000;7450000
467;FEE II_TABLE 6B_ONCOLOGY SURGERY;ED;29810000;10430000
468;FEE II_TABLE 6B_OPHTHALMOLOGY;ED;21910000;7670000
469;FEE II_TABLE 6B_ORTHOPEDIC SURGERY;ED;26100000;9140000
470;FEE II_TABLE 6B_PEDIATRIC SURGERY;ED;26780000;9370000
471;FEE II_TABLE 6B_PLASTIC SURGERY;ED;25210000;8820000
472;FEE II_TABLE 6B_UROLOGICAL SURGERY;ED;21400000;7490000
473;FEE II_TABLE 6B_VASCULAR SURGERY;ED;24920000;8720000
474;FEE II_TABLE 6C_CARDIAC SURGERY;ED;30040000;10510000
475;FEE II_TABLE 6C_DENTISTRY;ED;24640000;8620000
476;FEE II_TABLE 6C_DIGESTIVE SURGERY;ED;23630000;8270000
477;FEE II_TABLE 6C_ENT / OTORHINOLARYNGOLOGY;ED;25080000;8780000
478;FEE II_TABLE 6C_NEUROSURGERY;ED;48300000;16910000
479;FEE II_TABLE 6C_OBSTETRICS AND GYNECOLOGY;ED;24020000;8410000
480;FEE II_TABLE 6C_ONCOLOGY SURGERY;ED;31940000;11180000
481;FEE II_TABLE 6C_OPHTHALMOLOGY;ED;24640000;8620000
482;FEE II_TABLE 6C_ORTHOPEDIC SURGERY;ED;31710000;11100000
483;FEE II_TABLE 6C_PEDIATRIC SURGERY;ED;28370000;9930000
484;FEE II_TABLE 6C_PLASTIC SURGERY;ED;26730000;9360000
485;FEE II_TABLE 6C_UROLOGICAL SURGERY;ED;22930000;8030000
486;FEE II_TABLE 6C_VASCULAR SURGERY;ED;27690000;9690000
487;FEE II_TABLE 7A_CARDIAC SURGERY;ED;33920000;11870000
488;FEE II_TABLE 7A_DENTISTRY;ED;27380000;9580000
489;FEE II_TABLE 7A_DIGESTIVE SURGERY;ED;24950000;8730000
490;FEE II_TABLE 7A_ENT / OTORHINOLARYNGOLOGY;ED;27990000;9800000
491;FEE II_TABLE 7A_NEUROSURGERY;ED;50400000;17640000
492;FEE II_TABLE 7A_OBSTETRICS AND GYNECOLOGY;ED;25660000;8980000
493;FEE II_TABLE 7A_ONCOLOGY SURGERY;ED;34070000;11920000
494;FEE II_TABLE 7A_OPHTHALMOLOGY;ED;27380000;9580000
495;FEE II_TABLE 7A_ORTHOPEDIC SURGERY;ED;39160000;13710000
496;FEE II_TABLE 7A_PEDIATRIC SURGERY;ED;29940000;10480000
497;FEE II_TABLE 7A_PLASTIC SURGERY;ED;30550000;10690000
498;FEE II_TABLE 7A_UROLOGICAL SURGERY;ED;25220000;8830000
499;FEE II_TABLE 7A_VASCULAR SURGERY;ED;31850000;11150000
500;FEE II_TABLE 7B_CARDIAC SURGERY;ED;37790000;13230000
501;FEE II_TABLE 7B_DENTISTRY;ED;31490000;11020000
502;FEE II_TABLE 7B_DIGESTIVE SURGERY;ED;26260000;9190000
503;FEE II_TABLE 7B_ENT / OTORHINOLARYNGOLOGY;ED;30320000;10610000
504;FEE II_TABLE 7B_NEUROSURGERY;ED;54600000;19110000
505;FEE II_TABLE 7B_OBSTETRICS AND GYNECOLOGY;ED;27300000;9560000
506;FEE II_TABLE 7B_ONCOLOGY SURGERY;ED;38320000;13410000
507;FEE II_TABLE 7B_OPHTHALMOLOGY;ED;30120000;10540000
508;FEE II_TABLE 7B_ORTHOPEDIC SURGERY;ED;46620000;16320000
509;FEE II_TABLE 7B_PEDIATRIC SURGERY;ED;31510000;11030000
510;FEE II_TABLE 7B_PLASTIC SURGERY;ED;34370000;12030000
511;FEE II_TABLE 7B_UROLOGICAL SURGERY;ED;29040000;10160000
512;FEE II_TABLE 7B_VASCULAR SURGERY;ED;36000000;12600000
513;FEE II_TABLE 7C_CARDIAC SURGERY;ED;41680000;14590000
514;FEE II_TABLE 7C_DENTISTRY;ED;35590000;12460000
515;FEE II_TABLE 7C_DIGESTIVE SURGERY;ED;28890000;10110000
516;FEE II_TABLE 7C_ENT / OTORHINOLARYNGOLOGY;ED;31250000;10940000
517;FEE II_TABLE 7C_NEUROSURGERY;ED;58800000;20580000
518;FEE II_TABLE 7C_OBSTETRICS AND GYNECOLOGY;ED;28940000;10130000
519;FEE II_TABLE 7C_ONCOLOGY SURGERY;ED;42590000;14910000
520;FEE II_TABLE 7C_OPHTHALMOLOGY;ED;31940000;11180000
521;FEE II_TABLE 7C_ORTHOPEDIC SURGERY;ED;55950000;19580000
522;FEE II_TABLE 7C_PEDIATRIC SURGERY;ED;34660000;12130000
523;FEE II_TABLE 7C_PLASTIC SURGERY;ED;38190000;13370000
524;FEE II_TABLE 7C_UROLOGICAL SURGERY;ED;32860000;11500000
525;FEE II_TABLE 7C_VASCULAR SURGERY;ED;40160000;14060000
526;FNAB;ED;660000;0
527;FNAB USG GUIDED PROCEDURE;ED;1531000;0
528;FOREIGN BODY REMOVAL;ED;4059000;570000
529;FOREIGN BODY REMOVAL ;ED;4059000;0
530;GASTRIC BALLON (INSERTION);ED;12177000;1849000
531;GASTRIC BALLON (REMOVAL);ED;12177000;1849000
532;GASTRODUODENOSCOPY AND COLONOSCOPY;ED;12177000;1796000
533;GASTROSCOPY;ED;7901000;1226000
534;GASTROSCOPY + BIOPSY;ED;9554000;0
535;GASTROSCOPY AND COLONOSCOPY ;ED;13377000;2064000
536;INJECTION FOR VACCINE PROCEDURE ;ED;195000;0
537;INJECTION INTRAARTICULAR;ED;822000;0
538;INJECTION TENDER POINT / TRIGGER POINT;ED;781000;0
539;INSERTION OF NGT / OGT;ED;650000;0
540;INTRA OSSEUS CATH;ED;809000;0
541;INTRALESIONAL INJECTION / INJEKSI INTRALESI;ED;470000;0
542;KIDNEY BIOPSY;ED;6359000;0
543;KONSULTASI LAKTASI;ED;143000;0
544;LAVAGE LAUNDRY;ED;582000;0
545;LYPECTOMY (LYPOMA) Q >10  REGIO > 3;ED;3215000;0
546;LYPECTOMY (LYPOMA) Q ≤ 10 REGIO ≤ 3;ED;2104000;0
547;MMSE (MINI MENTAL STATE EXAMINATION);ED;567000;0
548;NECROTOMY;ED;667000;0
549;PASANG VENTILATOR;ED;413000;0
550;PATCH TEST;ED;2600000;0
551;PEMASANGAN PIGTAIL DENGAN USG GUIDED;ED;3640000;0
552;PEMASANGAN PIGTAIL TANPA USG GUIDED;ED;2860000;0
553;PH METRIX;ED;12177000;0
554;PH METRIX OHMEGA;ED;14208000;0
555;PHLEBOTOMY PROCEDURE;ED;767000;0
556;POLIPECTOMY;ED;9702000;1380000
557;PRICK TEST;ED;2600000;0
558;PRICK TEST _ 1;ED;1732000;0
559;PUNKSI ABDOMINAL;ED;1661000;0
560;PUNKSI SENDI;ED;846000;0
561;PUSH ENTEROSCOPY;ED;7904000;1164000
562;READING EEG;ED;140000;0
563;RECTOSCOPY;ED;2155000;0
564;REKTOSIGMOIDOSCOPY;ED;5427000;842000
565;REKTOSIGMOIDOSCOPY + BIOPSY;ED;7214000;0
566;REMOVE / AFF CVC;ED;667000;0
567;REMOVE / AFF WSD / CHEST TUBE;ED;1104000;0
568;RESUCITATION FEE  LESS THAN 1 HOUR(PER HOUR);ED;1012000;0
569;RESUCITATION FEE  MORE THAN 1 HOUR(PER HOUR);ED;414000;0
570;RIGHT TO LEFT SHUNT TEST;ED;993000;0
571;RUBBER BAND LIGATION;ED;1446000;0
572;SKLEROTHERAPI;ED;7547000;1194000
573;SKRINING USG FETOMATERNAL;ED;2183500;0
574;TINDAKAN / BEDAH MINOR A;ED;1326000;0
575;Tindakan / Bedah Minor B;ED;1989000;0
576;TINDAKAN CHEMOTHERAPY;ED;1149000;0
577;TINDAKAN DC SHOCK;ED;525000;0
578;TOUNGE TIED KLINIK LAKTASI;ED;439000;0
579;TRACHEOSTOMY;ED;3710000;0
580;TRACHEOSTOMY REMOVAL OR REPLACE;ED;827000;0
581;TRANSFORAMINAL BLOCK MULTILEVEL (MULTIPLE);ED;6145000;0
582;TRANSFORAMINAL BLOCK ONE LEVEL;ED;4592000;0
583;VENA SECTIE;ED;1002000;0
584;ANOSCOPY;OPD;590000;0
585;ASPIRATION;OPD;770000;0
586;Block Pain;OPD;2000000;0
587;BODY ANALYZER (BIA);OPD;262000;0
588;BONE MARROW PUNCTURE PROCEDURE  (BMP);OPD;1896000;0
589;BRONCHOSCOPY;OPD;5496000;1170000
590;BRONCHOSCOPY + BIOPSI;OPD;7261000;0
591;CATHERIZATION  OR SHEATH OR DRAIN REMOVAL;OPD;300000;0
592;CATHETERIZATION PLACEMENT;OPD;500000;0
593;CIRCUMCISION;OPD;2500000;0
594;COLONOSCOPY;OPD;6503000;950000
595;COLONOSCOPY + BIOPSY;OPD;7682000;0
596;ERCP AND PAPILLOTOMY;OPD;16661000;2333000
597;ERCP AND SPHINTEROTOMI;OPD;10378000;0
598;ERCP AND SPHINTEROTOMI AND COMPLEX STONE EXTRACTION;OPD;21191000;0
599;ERCP AND SPHINTEROTOMI AND SIMPLE STONE EXTRACTION;OPD;16249000;0
600;ERCP AND SPHINTEROTOMI AND STENT;OPD;16249000;0
601;ERCP DIAGNOSTIC;OPD;7069000;991000
602;ESOPHAGOSCOPY;OPD;3030000;425000
603;FACET BLOCK MULTI LEVEL (MULTIPLE);OPD;5121000;0
604;FACET BLOCK ONE LEVEL;OPD;3826000;0
605;FEE I_TABLE 1A_CARDIAC SURGERY;OPD;1400000;490000
606;FEE I_TABLE 1A_DENTISTRY;OPD;1320000;460000
607;FEE I_TABLE 1A_ENT / OTORHINOLARYNGOLOGY;OPD;1140000;400000
608;FEE I_TABLE 1A_GENERAL SURGERY;OPD;1040000;360000
609;FEE I_TABLE 1A_NEUROSURGERY;OPD;1220000;430000
610;FEE I_TABLE 1A_OBSTETRICS AND GYNECOLOGY;OPD;1010000;350000
611;FEE I_TABLE 1A_OPHTHALMOLOGY;OPD;1050000;370000
612;FEE I_TABLE 1A_ORTHOPEDIC SURGERY;OPD;1070000;370000
613;FEE I_TABLE 1A_PEDIATRIC SURGERY;OPD;1090000;380000
614;FEE I_TABLE 1A_PLASTIC SURGERY;OPD;1320000;460000
615;FEE I_TABLE 1A_UROLOGICAL SURGERY;OPD;1060000;370000
616;FEE I_TABLE 1B_CARDIAC SURGERY;OPD;1680000;590000
617;FEE I_TABLE 1B_DENTISTRY;OPD;1580000;550000
618;FEE I_TABLE 1B_ENT / OTORHINOLARYNGOLOGY;OPD;1680000;590000
619;FEE I_TABLE 1B_GENERAL SURGERY;OPD;1860000;650000
620;FEE I_TABLE 1B_NEUROSURGERY;OPD;1940000;680000
621;FEE I_TABLE 1B_OBSTETRICS AND GYNECOLOGY;OPD;1260000;440000
622;FEE I_TABLE 1B_OPHTHALMOLOGY;OPD;1850000;650000
623;FEE I_TABLE 1B_ORTHOPEDIC SURGERY;OPD;1610000;560000
624;FEE I_TABLE 1B_PEDIATRIC SURGERY;OPD;1820000;640000
625;FEE I_TABLE 1B_PLASTIC SURGERY;OPD;1760000;620000
626;FEE I_TABLE 1B_UROLOGICAL SURGERY;OPD;1760000;620000
627;FEE I_TABLE 1C_CARDIAC SURGERY;OPD;2240000;780000
628;FEE I_TABLE 1C_DENTISTRY;OPD;1850000;650000
629;FEE I_TABLE 1C_ENT / OTORHINOLARYNGOLOGY;OPD;2360000;830000
630;FEE I_TABLE 1C_GENERAL SURGERY;OPD;2600000;910000
631;FEE I_TABLE 1C_NEUROSURGERY;OPD;3150000;1100000
632;FEE I_TABLE 1C_OBSTETRICS AND GYNECOLOGY;OPD;1890000;660000
633;FEE I_TABLE 1C_OPHTHALMOLOGY;OPD;1850000;650000
634;FEE I_TABLE 1C_ORTHOPEDIC SURGERY;OPD;2690000;940000
635;FEE I_TABLE 1C_PEDIATRIC SURGERY;OPD;2730000;960000
636;FEE I_TABLE 1C_PLASTIC SURGERY;OPD;2210000;770000
637;FEE I_TABLE 1C_UROLOGICAL SURGERY;OPD;2210000;770000
638;FEE I_TABLE 2A_CARDIAC SURGERY;OPD;2800000;980000
639;FEE I_TABLE 2A_DENTISTRY;OPD;2110000;740000
640;FEE I_TABLE 2A_ENT / OTORHINOLARYNGOLOGY;OPD;3030000;1060000
641;FEE I_TABLE 2A_GENERAL SURGERY;OPD;3350000;1170000
642;FEE I_TABLE 2A_NEUROSURGERY;OPD;4370000;1530000
643;FEE I_TABLE 2A_OBSTETRICS AND GYNECOLOGY;OPD;2210000;770000
644;FEE I_TABLE 2A_OPHTHALMOLOGY;OPD;2900000;1020000
645;FEE I_TABLE 2A_ORTHOPEDIC SURGERY;OPD;3770000;1320000
646;FEE I_TABLE 2A_PEDIATRIC SURGERY;OPD;3640000;1270000
647;FEE I_TABLE 2A_PLASTIC SURGERY;OPD;3080000;1080000
648;FEE I_TABLE 2A_UROLOGICAL SURGERY;OPD;2650000;930000
649;FEE I_TABLE 2B_CARDIAC SURGERY;OPD;3350000;1170000
650;FEE I_TABLE 2B_DENTISTRY;OPD;2370000;830000
651;FEE I_TABLE 2B_ENT / OTORHINOLARYNGOLOGY;OPD;3700000;1300000
652;FEE I_TABLE 2B_GENERAL SURGERY;OPD;3710000;1300000
653;FEE I_TABLE 2B_NEUROSURGERY;OPD;5570000;1950000
654;FEE I_TABLE 2B_OBSTETRICS AND GYNECOLOGY;OPD;2840000;990000
655;FEE I_TABLE 2B_OPHTHALMOLOGY;OPD;3680000;1290000
656;FEE I_TABLE 2B_ORTHOPEDIC SURGERY;OPD;4850000;1700000
657;FEE I_TABLE 2B_PEDIATRIC SURGERY;OPD;4550000;1590000
658;FEE I_TABLE 2B_PLASTIC SURGERY;OPD;3970000;1390000
659;FEE I_TABLE 2B_UROLOGICAL SURGERY;OPD;3090000;1080000
660;FEE I_TABLE 2C_CARDIAC SURGERY;OPD;3920000;1370000
661;FEE I_TABLE 2C_DENTISTRY;OPD;2630000;920000
662;FEE I_TABLE 2C_ENT / OTORHINOLARYNGOLOGY;OPD;5050000;1770000
663;FEE I_TABLE 2C_GENERAL SURGERY;OPD;4460000;1560000
664;FEE I_TABLE 2C_NEUROSURGERY;OPD;6790000;2380000
665;FEE I_TABLE 2C_OBSTETRICS AND GYNECOLOGY;OPD;3780000;1320000
666;FEE I_TABLE 2C_OPHTHALMOLOGY;OPD;4480000;1570000
667;FEE I_TABLE 2C_ORTHOPEDIC SURGERY;OPD;5920000;2070000
668;FEE I_TABLE 2C_PEDIATRIC SURGERY;OPD;5450000;1910000
669;FEE I_TABLE 2C_PLASTIC SURGERY;OPD;5290000;1850000
670;FEE I_TABLE 2C_UROLOGICAL SURGERY;OPD;3970000;1390000
671;FEE I_TABLE 3A_CARDIAC SURGERY;OPD;4470000;1560000
672;FEE I_TABLE 3A_DENTISTRY;OPD;3950000;1380000
673;FEE I_TABLE 3A_ENT / OTORHINOLARYNGOLOGY;OPD;6050000;2120000
674;FEE I_TABLE 3A_GENERAL SURGERY;OPD;5200000;1820000
675;FEE I_TABLE 3A_NEUROSURGERY;OPD;8000000;2800000
676;FEE I_TABLE 3A_OBSTETRICS AND GYNECOLOGY;OPD;4730000;1660000
677;FEE I_TABLE 3A_OPHTHALMOLOGY;OPD;5270000;1840000
678;FEE I_TABLE 3A_ORTHOPEDIC SURGERY;OPD;6990000;2450000
679;FEE I_TABLE 3A_PEDIATRIC SURGERY;OPD;6360000;2230000
680;FEE I_TABLE 3A_PLASTIC SURGERY;OPD;6170000;2160000
681;FEE I_TABLE 3A_UROLOGICAL SURGERY;OPD;5300000;1860000
682;FEE I_TABLE 3B_CARDIAC SURGERY;OPD;5030000;1760000
683;FEE I_TABLE 3B_DENTISTRY;OPD;5270000;1840000
684;FEE I_TABLE 3B_ENT / OTORHINOLARYNGOLOGY;OPD;6390000;2240000
685;FEE I_TABLE 3B_GENERAL SURGERY;OPD;6320000;2210000
686;FEE I_TABLE 3B_NEUROSURGERY;OPD;9690000;3390000
687;FEE I_TABLE 3B_OBSTETRICS AND GYNECOLOGY;OPD;5360000;1880000
688;FEE I_TABLE 3B_OPHTHALMOLOGY;OPD;5790000;2030000
689;FEE I_TABLE 3B_ORTHOPEDIC SURGERY;OPD;8070000;2820000
690;FEE I_TABLE 3B_PEDIATRIC SURGERY;OPD;7280000;2550000
691;FEE I_TABLE 3B_PLASTIC SURGERY;OPD;7050000;2470000
692;FEE I_TABLE 3B_UROLOGICAL SURGERY;OPD;6170000;2160000
693;FEE I_TABLE 3C_CARDIAC SURGERY;OPD;5600000;1960000
694;FEE I_TABLE 3C_DENTISTRY;OPD;6050000;2120000
695;FEE I_TABLE 3C_ENT / OTORHINOLARYNGOLOGY;OPD;6730000;2360000
696;FEE I_TABLE 3C_GENERAL SURGERY;OPD;7430000;2600000
697;FEE I_TABLE 3C_NEUROSURGERY;OPD;10910000;3820000
698;FEE I_TABLE 3C_OBSTETRICS AND GYNECOLOGY;OPD;6300000;2210000
699;FEE I_TABLE 3C_OPHTHALMOLOGY;OPD;6320000;2210000
700;FEE I_TABLE 3C_ORTHOPEDIC SURGERY;OPD;9140000;3200000
701;FEE I_TABLE 3C_PEDIATRIC SURGERY;OPD;8180000;2860000
702;FEE I_TABLE 3C_PLASTIC SURGERY;OPD;7940000;2780000
703;FEE I_TABLE 3C_UROLOGICAL SURGERY;OPD;7060000;2470000
704;FEE I_TABLE 4A_CARDIAC SURGERY;OPD;6710000;2350000
705;FEE I_TABLE 4A_DENTISTRY;OPD;6850000;2400000
706;FEE I_TABLE 4A_ENT / OTORHINOLARYNGOLOGY;OPD;7070000;2470000
707;FEE I_TABLE 4A_GENERAL SURGERY;OPD;8170000;2860000
708;FEE I_TABLE 4A_NEUROSURGERY;OPD;12110000;4240000
709;FEE I_TABLE 4A_OBSTETRICS AND GYNECOLOGY;OPD;6930000;2430000
710;FEE I_TABLE 4A_OPHTHALMOLOGY;OPD;7370000;2580000
711;FEE I_TABLE 4A_ORTHOPEDIC SURGERY;OPD;9680000;3390000
712;FEE I_TABLE 4A_PEDIATRIC SURGERY;OPD;9090000;3180000
713;FEE I_TABLE 4A_PLASTIC SURGERY;OPD;8810000;3080000
714;FEE I_TABLE 4A_UROLOGICAL SURGERY;OPD;7940000;2780000
715;FEE I_TABLE 4B_CARDIAC SURGERY;OPD;7830000;2740000
716;FEE I_TABLE 4B_DENTISTRY;OPD;7110000;2490000
717;FEE I_TABLE 4B_ENT / OTORHINOLARYNGOLOGY;OPD;7400000;2590000
718;FEE I_TABLE 4B_GENERAL SURGERY;OPD;8910000;3120000
719;FEE I_TABLE 4B_NEUROSURGERY;OPD;14540000;5090000
720;FEE I_TABLE 4B_OBSTETRICS AND GYNECOLOGY;OPD;7560000;2650000
721;FEE I_TABLE 4B_OPHTHALMOLOGY;OPD;7900000;2770000
722;FEE I_TABLE 4B_ORTHOPEDIC SURGERY;OPD;10760000;3770000
723;FEE I_TABLE 4B_PEDIATRIC SURGERY;OPD;10000000;3500000
724;FEE I_TABLE 4B_PLASTIC SURGERY;OPD;9700000;3400000
725;FEE I_TABLE 4B_UROLOGICAL SURGERY;OPD;8820000;3090000
726;FEE I_TABLE 4C_CARDIAC SURGERY;OPD;8950000;3130000
727;FEE I_TABLE 4C_DENTISTRY;OPD;7370000;2580000
728;FEE I_TABLE 4C_ENT / OTORHINOLARYNGOLOGY;OPD;8070000;2820000
729;FEE I_TABLE 4C_GENERAL SURGERY;OPD;10030000;3510000
730;FEE I_TABLE 4C_NEUROSURGERY;OPD;16970000;5940000
731;FEE I_TABLE 4C_OBSTETRICS AND GYNECOLOGY;OPD;8190000;2870000
732;FEE I_TABLE 4C_OPHTHALMOLOGY;OPD;8420000;2950000
733;FEE I_TABLE 4C_ORTHOPEDIC SURGERY;OPD;11300000;3960000
734;FEE I_TABLE 4C_PEDIATRIC SURGERY;OPD;10910000;3820000
735;FEE I_TABLE 4C_PLASTIC SURGERY;OPD;10130000;3550000
736;FEE I_TABLE 4C_UROLOGICAL SURGERY;OPD;9260000;3240000
737;FEE I_TABLE 5A_CARDIAC SURGERY;OPD;10070000;3520000
738;FEE I_TABLE 5A_DENTISTRY;OPD;8420000;2950000
739;FEE I_TABLE 5A_ENT / OTORHINOLARYNGOLOGY;OPD;9080000;3180000
740;FEE I_TABLE 5A_GENERAL SURGERY;OPD;10400000;3640000
741;FEE I_TABLE 5A_NEUROSURGERY;OPD;19390000;6790000
742;FEE I_TABLE 5A_OBSTETRICS AND GYNECOLOGY;OPD;8510000;2980000
743;FEE I_TABLE 5A_OPHTHALMOLOGY;OPD;8950000;3130000
744;FEE I_TABLE 5A_ORTHOPEDIC SURGERY;OPD;11840000;4140000
745;FEE I_TABLE 5A_PEDIATRIC SURGERY;OPD;11820000;4140000
746;FEE I_TABLE 5A_PLASTIC SURGERY;OPD;11020000;3860000
747;FEE I_TABLE 5A_UROLOGICAL SURGERY;OPD;9710000;3400000
748;FEE I_TABLE 5B_CARDIAC SURGERY;OPD;11180000;3910000
749;FEE I_TABLE 5B_DENTISTRY;OPD;9480000;3320000
750;FEE I_TABLE 5B_ENT / OTORHINOLARYNGOLOGY;OPD;9760000;3420000
751;FEE I_TABLE 5B_GENERAL SURGERY;OPD;10770000;3770000
752;FEE I_TABLE 5B_NEUROSURGERY;OPD;21810000;7630000
753;FEE I_TABLE 5B_OBSTETRICS AND GYNECOLOGY;OPD;9140000;3200000
754;FEE I_TABLE 5B_OPHTHALMOLOGY;OPD;9480000;3320000
755;FEE I_TABLE 5B_ORTHOPEDIC SURGERY;OPD;12380000;4330000
756;FEE I_TABLE 5B_PEDIATRIC SURGERY;OPD;12730000;4460000
757;FEE I_TABLE 5B_PLASTIC SURGERY;OPD;11900000;4170000
758;FEE I_TABLE 5B_UROLOGICAL SURGERY;OPD;10580000;3700000
759;FEE I_TABLE 5C_CARDIAC SURGERY;OPD;12300000;4310000
760;FEE I_TABLE 5C_DENTISTRY;OPD;11060000;3870000
761;FEE I_TABLE 5C_ENT / OTORHINOLARYNGOLOGY;OPD;10760000;3770000
762;FEE I_TABLE 5C_GENERAL SURGERY;OPD;11140000;3900000
763;FEE I_TABLE 5C_NEUROSURGERY;OPD;24230000;8480000
764;FEE I_TABLE 5C_OBSTETRICS AND GYNECOLOGY;OPD;10400000;3640000
765;FEE I_TABLE 5C_OPHTHALMOLOGY;OPD;10530000;3690000
766;FEE I_TABLE 5C_ORTHOPEDIC SURGERY;OPD;12910000;4520000
767;FEE I_TABLE 5C_PEDIATRIC SURGERY;OPD;13640000;4770000
768;FEE I_TABLE 5C_PLASTIC SURGERY;OPD;12780000;4470000
769;FEE I_TABLE 5C_UROLOGICAL SURGERY;OPD;11030000;3860000
770;FEE I_TABLE 6A_CARDIAC SURGERY;OPD;13980000;4890000
771;FEE I_TABLE 6A_DENTISTRY;OPD;11850000;4150000
772;FEE I_TABLE 6A_ENT / OTORHINOLARYNGOLOGY;OPD;12110000;4240000
773;FEE I_TABLE 6A_GENERAL SURGERY;OPD;11510000;4030000
774;FEE I_TABLE 6A_NEUROSURGERY;OPD;25440000;8900000
775;FEE I_TABLE 6A_OBSTETRICS AND GYNECOLOGY;OPD;11030000;3860000
776;FEE I_TABLE 6A_OPHTHALMOLOGY;OPD;11580000;4050000
777;FEE I_TABLE 6A_ORTHOPEDIC SURGERY;OPD;13450000;4710000
778;FEE I_TABLE 6A_PEDIATRIC SURGERY;OPD;14540000;5090000
779;FEE I_TABLE 6A_PLASTIC SURGERY;OPD;13660000;4780000
780;FEE I_TABLE 6A_UROLOGICAL SURGERY;OPD;11470000;4010000
781;FEE I_TABLE 6B_CARDIAC SURGERY;OPD;15650000;5480000
782;FEE I_TABLE 6B_DENTISTRY;OPD;13160000;4610000
783;FEE I_TABLE 6B_ENT / OTORHINOLARYNGOLOGY;OPD;13460000;4710000
784;FEE I_TABLE 6B_GENERAL SURGERY;OPD;11880000;4160000
785;FEE I_TABLE 6B_NEUROSURGERY;OPD;26660000;9330000
786;FEE I_TABLE 6B_OBSTETRICS AND GYNECOLOGY;OPD;12290000;4300000
787;FEE I_TABLE 6B_OPHTHALMOLOGY;OPD;12640000;4420000
788;FEE I_TABLE 6B_ORTHOPEDIC SURGERY;OPD;15060000;5270000
789;FEE I_TABLE 6B_PEDIATRIC SURGERY;OPD;15450000;5410000
790;FEE I_TABLE 6B_PLASTIC SURGERY;OPD;14540000;5090000
791;FEE I_TABLE 6B_UROLOGICAL SURGERY;OPD;12350000;4320000
792;FEE I_TABLE 6C_CARDIAC SURGERY;OPD;17330000;6070000
793;FEE I_TABLE 6C_DENTISTRY;OPD;14210000;4970000
794;FEE I_TABLE 6C_ENT / OTORHINOLARYNGOLOGY;OPD;14470000;5060000
795;FEE I_TABLE 6C_GENERAL SURGERY;OPD;12620000;4420000
796;FEE I_TABLE 6C_NEUROSURGERY;OPD;27860000;9750000
797;FEE I_TABLE 6C_OBSTETRICS AND GYNECOLOGY;OPD;13860000;4850000
798;FEE I_TABLE 6C_OPHTHALMOLOGY;OPD;14210000;4970000
799;FEE I_TABLE 6C_ORTHOPEDIC SURGERY;OPD;18290000;6400000
800;FEE I_TABLE 6C_PEDIATRIC SURGERY;OPD;16370000;5730000
801;FEE I_TABLE 6C_PLASTIC SURGERY;OPD;15420000;5400000
802;FEE I_TABLE 6C_UROLOGICAL SURGERY;OPD;13230000;4630000
803;FEE I_TABLE 7A_CARDIAC SURGERY;OPD;19570000;6850000
804;FEE I_TABLE 7A_DENTISTRY;OPD;15800000;5530000
805;FEE I_TABLE 7A_ENT / OTORHINOLARYNGOLOGY;OPD;16150000;5650000
806;FEE I_TABLE 7A_GENERAL SURGERY;OPD;13370000;4680000
807;FEE I_TABLE 7A_NEUROSURGERY;OPD;29080000;10180000
808;FEE I_TABLE 7A_OBSTETRICS AND GYNECOLOGY;OPD;14810000;5180000
809;FEE I_TABLE 7A_OPHTHALMOLOGY;OPD;15800000;5530000
810;FEE I_TABLE 7A_ORTHOPEDIC SURGERY;OPD;22590000;7910000
811;FEE I_TABLE 7A_PEDIATRIC SURGERY;OPD;17270000;6040000
812;FEE I_TABLE 7A_PLASTIC SURGERY;OPD;17630000;6170000
813;FEE I_TABLE 7A_UROLOGICAL SURGERY;OPD;14550000;5090000
814;FEE I_TABLE 7B_CARDIAC SURGERY;OPD;21800000;7630000
815;FEE I_TABLE 7B_DENTISTRY;OPD;18170000;6360000
816;FEE I_TABLE 7B_ENT / OTORHINOLARYNGOLOGY;OPD;17490000;6120000
817;FEE I_TABLE 7B_GENERAL SURGERY;OPD;14850000;5200000
818;FEE I_TABLE 7B_NEUROSURGERY;OPD;31500000;11030000
819;FEE I_TABLE 7B_OBSTETRICS AND GYNECOLOGY;OPD;15750000;5510000
820;FEE I_TABLE 7B_OPHTHALMOLOGY;OPD;17380000;6080000
821;FEE I_TABLE 7B_ORTHOPEDIC SURGERY;OPD;26900000;9420000
822;FEE I_TABLE 7B_PEDIATRIC SURGERY;OPD;18180000;6360000
823;FEE I_TABLE 7B_PLASTIC SURGERY;OPD;19830000;6940000
824;FEE I_TABLE 7B_UROLOGICAL SURGERY;OPD;16760000;5870000
825;FEE I_TABLE 7C_CARDIAC SURGERY;OPD;24050000;8420000
826;FEE I_TABLE 7C_DENTISTRY;OPD;20540000;7190000
827;FEE I_TABLE 7C_ENT / OTORHINOLARYNGOLOGY;OPD;18030000;6310000
828;FEE I_TABLE 7C_GENERAL SURGERY;OPD;15590000;5460000
829;FEE I_TABLE 7C_NEUROSURGERY;OPD;33920000;11870000
830;FEE I_TABLE 7C_OBSTETRICS AND GYNECOLOGY;OPD;16700000;5850000
831;FEE I_TABLE 7C_OPHTHALMOLOGY;OPD;18430000;6450000
832;FEE I_TABLE 7C_ORTHOPEDIC SURGERY;OPD;32280000;11300000
833;FEE I_TABLE 7C_PEDIATRIC SURGERY;OPD;20000000;7000000
834;FEE I_TABLE 7C_PLASTIC SURGERY;OPD;22040000;7710000
835;FEE I_TABLE 7C_UROLOGICAL SURGERY;OPD;18960000;6640000
836;FEE II_TABLE 1A_CARDIAC SURGERY;OPD;1820000;640000
837;FEE II_TABLE 1A_DENTISTRY;OPD;1720000;600000
838;FEE II_TABLE 1A_DIGESTIVE SURGERY;OPD;1490000;520000
839;FEE II_TABLE 1A_ENT / OTORHINOLARYNGOLOGY;OPD;1490000;520000
840;FEE II_TABLE 1A_NEUROSURGERY;OPD;1580000;550000
841;FEE II_TABLE 1A_OBSTETRICS AND GYNECOLOGY;OPD;1310000;460000
842;FEE II_TABLE 1A_ONCOLOGY SURGERY;OPD;1600000;560000
843;FEE II_TABLE 1A_OPHTHALMOLOGY;OPD;1370000;480000
844;FEE II_TABLE 1A_ORTHOPEDIC SURGERY;OPD;1400000;490000
845;FEE II_TABLE 1A_PEDIATRIC SURGERY;OPD;1420000;500000
846;FEE II_TABLE 1A_PLASTIC SURGERY;OPD;1720000;600000
847;FEE II_TABLE 1A_UROLOGICAL SURGERY;OPD;1370000;480000
848;FEE II_TABLE 1A_VASCULAR SURGERY;OPD;1560000;550000
849;FEE II_TABLE 1B_CARDIAC SURGERY;OPD;2180000;760000
850;FEE II_TABLE 1B_DENTISTRY;OPD;2060000;720000
851;FEE II_TABLE 1B_DIGESTIVE SURGERY;OPD;1970000;690000
852;FEE II_TABLE 1B_ENT / OTORHINOLARYNGOLOGY;OPD;2180000;760000
853;FEE II_TABLE 1B_NEUROSURGERY;OPD;2530000;890000
854;FEE II_TABLE 1B_OBSTETRICS AND GYNECOLOGY;OPD;1640000;570000
855;FEE II_TABLE 1B_ONCOLOGY SURGERY;OPD;3200000;1120000
856;FEE II_TABLE 1B_OPHTHALMOLOGY;OPD;2400000;840000
857;FEE II_TABLE 1B_ORTHOPEDIC SURGERY;OPD;2100000;740000
858;FEE II_TABLE 1B_PEDIATRIC SURGERY;OPD;2360000;830000
859;FEE II_TABLE 1B_PLASTIC SURGERY;OPD;2300000;810000
860;FEE II_TABLE 1B_UROLOGICAL SURGERY;OPD;2300000;810000
861;FEE II_TABLE 1B_VASCULAR SURGERY;OPD;2080000;730000
862;FEE II_TABLE 1C_CARDIAC SURGERY;OPD;2900000;1020000
863;FEE II_TABLE 1C_DENTISTRY;OPD;2400000;840000
864;FEE II_TABLE 1C_DIGESTIVE SURGERY;OPD;2960000;1040000
865;FEE II_TABLE 1C_ENT / OTORHINOLARYNGOLOGY;OPD;3060000;1070000
866;FEE II_TABLE 1C_NEUROSURGERY;OPD;4100000;1440000
867;FEE II_TABLE 1C_OBSTETRICS AND GYNECOLOGY;OPD;2460000;860000
868;FEE II_TABLE 1C_ONCOLOGY SURGERY;OPD;4000000;1400000
869;FEE II_TABLE 1C_OPHTHALMOLOGY;OPD;2400000;840000
870;FEE II_TABLE 1C_ORTHOPEDIC SURGERY;OPD;3500000;1230000
871;FEE II_TABLE 1C_PEDIATRIC SURGERY;OPD;3550000;1240000
872;FEE II_TABLE 1C_PLASTIC SURGERY;OPD;2870000;1000000
873;FEE II_TABLE 1C_UROLOGICAL SURGERY;OPD;2870000;1000000
874;FEE II_TABLE 1C_VASCULAR SURGERY;OPD;2600000;910000
875;FEE II_TABLE 2A_CARDIAC SURGERY;OPD;3640000;1270000
876;FEE II_TABLE 2A_DENTISTRY;OPD;2740000;960000
877;FEE II_TABLE 2A_DIGESTIVE SURGERY;OPD;3940000;1380000
878;FEE II_TABLE 2A_ENT / OTORHINOLARYNGOLOGY;OPD;3940000;1380000
879;FEE II_TABLE 2A_NEUROSURGERY;OPD;5680000;1990000
880;FEE II_TABLE 2A_OBSTETRICS AND GYNECOLOGY;OPD;2870000;1000000
881;FEE II_TABLE 2A_ONCOLOGY SURGERY;OPD;4790000;1680000
882;FEE II_TABLE 2A_OPHTHALMOLOGY;OPD;3770000;1320000
883;FEE II_TABLE 2A_ORTHOPEDIC SURGERY;OPD;4900000;1720000
884;FEE II_TABLE 2A_PEDIATRIC SURGERY;OPD;4730000;1660000
885;FEE II_TABLE 2A_PLASTIC SURGERY;OPD;4010000;1400000
886;FEE II_TABLE 2A_UROLOGICAL SURGERY;OPD;3440000;1200000
887;FEE II_TABLE 2A_VASCULAR SURGERY;OPD;3120000;1090000
888;FEE II_TABLE 2B_CARDIAC SURGERY;OPD;4360000;1530000
889;FEE II_TABLE 2B_DENTISTRY;OPD;3080000;1080000
890;FEE II_TABLE 2B_DIGESTIVE SURGERY;OPD;4930000;1730000
891;FEE II_TABLE 2B_ENT / OTORHINOLARYNGOLOGY;OPD;4810000;1680000
892;FEE II_TABLE 2B_NEUROSURGERY;OPD;7250000;2540000
893;FEE II_TABLE 2B_OBSTETRICS AND GYNECOLOGY;OPD;3680000;1290000
894;FEE II_TABLE 2B_ONCOLOGY SURGERY;OPD;5590000;1960000
895;FEE II_TABLE 2B_OPHTHALMOLOGY;OPD;4790000;1680000
896;FEE II_TABLE 2B_ORTHOPEDIC SURGERY;OPD;6300000;2210000
897;FEE II_TABLE 2B_PEDIATRIC SURGERY;OPD;5910000;2070000
898;FEE II_TABLE 2B_PLASTIC SURGERY;OPD;5160000;1810000
899;FEE II_TABLE 2B_UROLOGICAL SURGERY;OPD;4020000;1410000
900;FEE II_TABLE 2B_VASCULAR SURGERY;OPD;4160000;1460000
901;FEE II_TABLE 2C_CARDIAC SURGERY;OPD;5090000;1780000
902;FEE II_TABLE 2C_DENTISTRY;OPD;3420000;1200000
903;FEE II_TABLE 2C_DIGESTIVE SURGERY;OPD;5910000;2070000
904;FEE II_TABLE 2C_ENT / OTORHINOLARYNGOLOGY;OPD;6560000;2300000
905;FEE II_TABLE 2C_NEUROSURGERY;OPD;8830000;3090000
906;FEE II_TABLE 2C_OBSTETRICS AND GYNECOLOGY;OPD;4910000;1720000
907;FEE II_TABLE 2C_ONCOLOGY SURGERY;OPD;7190000;2520000
908;FEE II_TABLE 2C_OPHTHALMOLOGY;OPD;5820000;2040000
909;FEE II_TABLE 2C_ORTHOPEDIC SURGERY;OPD;7700000;2700000
910;FEE II_TABLE 2C_PEDIATRIC SURGERY;OPD;7090000;2480000
911;FEE II_TABLE 2C_PLASTIC SURGERY;OPD;6880000;2410000
912;FEE II_TABLE 2C_UROLOGICAL SURGERY;OPD;5160000;1810000
913;FEE II_TABLE 2C_VASCULAR SURGERY;OPD;5200000;1820000
914;FEE II_TABLE 3A_CARDIAC SURGERY;OPD;5810000;2030000
915;FEE II_TABLE 3A_DENTISTRY;OPD;5140000;1800000
916;FEE II_TABLE 3A_DIGESTIVE SURGERY;OPD;7280000;2550000
917;FEE II_TABLE 3A_ENT / OTORHINOLARYNGOLOGY;OPD;7870000;2750000
918;FEE II_TABLE 3A_NEUROSURGERY;OPD;10400000;3640000
919;FEE II_TABLE 3A_OBSTETRICS AND GYNECOLOGY;OPD;6140000;2150000
920;FEE II_TABLE 3A_ONCOLOGY SURGERY;OPD;8780000;3070000
921;FEE II_TABLE 3A_OPHTHALMOLOGY;OPD;6850000;2400000
922;FEE II_TABLE 3A_ORTHOPEDIC SURGERY;OPD;9090000;3180000
923;FEE II_TABLE 3A_PEDIATRIC SURGERY;OPD;8270000;2890000
924;FEE II_TABLE 3A_PLASTIC SURGERY;OPD;8030000;2810000
925;FEE II_TABLE 3A_UROLOGICAL SURGERY;OPD;6890000;2410000
926;FEE II_TABLE 3A_VASCULAR SURGERY;OPD;6230000;2180000
927;FEE II_TABLE 3B_CARDIAC SURGERY;OPD;6540000;2290000
928;FEE II_TABLE 3B_DENTISTRY;OPD;6850000;2400000
929;FEE II_TABLE 3B_DIGESTIVE SURGERY;OPD;8380000;2930000
930;FEE II_TABLE 3B_ENT / OTORHINOLARYNGOLOGY;OPD;8310000;2910000
931;FEE II_TABLE 3B_NEUROSURGERY;OPD;12600000;4410000
932;FEE II_TABLE 3B_OBSTETRICS AND GYNECOLOGY;OPD;6960000;2440000
933;FEE II_TABLE 3B_ONCOLOGY SURGERY;OPD;9590000;3360000
934;FEE II_TABLE 3B_OPHTHALMOLOGY;OPD;7530000;2640000
935;FEE II_TABLE 3B_ORTHOPEDIC SURGERY;OPD;10490000;3670000
936;FEE II_TABLE 3B_PEDIATRIC SURGERY;OPD;9460000;3310000
937;FEE II_TABLE 3B_PLASTIC SURGERY;OPD;9170000;3210000
938;FEE II_TABLE 3B_UROLOGICAL SURGERY;OPD;8030000;2810000
939;FEE II_TABLE 3B_VASCULAR SURGERY;OPD;7280000;2550000
940;FEE II_TABLE 3C_CARDIAC SURGERY;OPD;7280000;2550000
941;FEE II_TABLE 3C_DENTISTRY;OPD;7870000;2750000
942;FEE II_TABLE 3C_DIGESTIVE SURGERY;OPD;9360000;3280000
943;FEE II_TABLE 3C_ENT / OTORHINOLARYNGOLOGY;OPD;8750000;3060000
944;FEE II_TABLE 3C_NEUROSURGERY;OPD;14180000;4960000
945;FEE II_TABLE 3C_OBSTETRICS AND GYNECOLOGY;OPD;8190000;2870000
946;FEE II_TABLE 3C_ONCOLOGY SURGERY;OPD;11180000;3910000
947;FEE II_TABLE 3C_OPHTHALMOLOGY;OPD;8210000;2870000
948;FEE II_TABLE 3C_ORTHOPEDIC SURGERY;OPD;11890000;4160000
949;FEE II_TABLE 3C_PEDIATRIC SURGERY;OPD;10640000;3720000
950;FEE II_TABLE 3C_PLASTIC SURGERY;OPD;10310000;3610000
951;FEE II_TABLE 3C_UROLOGICAL SURGERY;OPD;9170000;3210000
952;FEE II_TABLE 3C_VASCULAR SURGERY;OPD;8310000;2910000
953;FEE II_TABLE 4A_CARDIAC SURGERY;OPD;8730000;3060000
954;FEE II_TABLE 4A_DENTISTRY;OPD;8900000;3120000
955;FEE II_TABLE 4A_DIGESTIVE SURGERY;OPD;9850000;3450000
956;FEE II_TABLE 4A_ENT / OTORHINOLARYNGOLOGY;OPD;9190000;3220000
957;FEE II_TABLE 4A_NEUROSURGERY;OPD;15750000;5510000
958;FEE II_TABLE 4A_OBSTETRICS AND GYNECOLOGY;OPD;9010000;3150000
959;FEE II_TABLE 4A_ONCOLOGY SURGERY;OPD;11990000;4200000
960;FEE II_TABLE 4A_OPHTHALMOLOGY;OPD;9590000;3360000
961;FEE II_TABLE 4A_ORTHOPEDIC SURGERY;OPD;12590000;4410000
962;FEE II_TABLE 4A_PEDIATRIC SURGERY;OPD;11820000;4140000
963;FEE II_TABLE 4A_PLASTIC SURGERY;OPD;11460000;4010000
964;FEE II_TABLE 4A_UROLOGICAL SURGERY;OPD;10310000;3610000
965;FEE II_TABLE 4A_VASCULAR SURGERY;OPD;9350000;3270000
966;FEE II_TABLE 4B_CARDIAC SURGERY;OPD;10180000;3560000
967;FEE II_TABLE 4B_DENTISTRY;OPD;9240000;3230000
968;FEE II_TABLE 4B_DIGESTIVE SURGERY;OPD;10830000;3790000
969;FEE II_TABLE 4B_ENT / OTORHINOLARYNGOLOGY;OPD;9620000;3370000
970;FEE II_TABLE 4B_NEUROSURGERY;OPD;18910000;6620000
971;FEE II_TABLE 4B_OBSTETRICS AND GYNECOLOGY;OPD;9830000;3440000
972;FEE II_TABLE 4B_ONCOLOGY SURGERY;OPD;13580000;4750000
973;FEE II_TABLE 4B_OPHTHALMOLOGY;OPD;10270000;3590000
974;FEE II_TABLE 4B_ORTHOPEDIC SURGERY;OPD;14000000;4900000
975;FEE II_TABLE 4B_PEDIATRIC SURGERY;OPD;13000000;4550000
976;FEE II_TABLE 4B_PLASTIC SURGERY;OPD;12610000;4410000
977;FEE II_TABLE 4B_UROLOGICAL SURGERY;OPD;11470000;4010000
978;FEE II_TABLE 4B_VASCULAR SURGERY;OPD;10390000;3640000
979;FEE II_TABLE 4C_CARDIAC SURGERY;OPD;11630000;4070000
980;FEE II_TABLE 4C_DENTISTRY;OPD;9590000;3360000
981;FEE II_TABLE 4C_DIGESTIVE SURGERY;OPD;11820000;4140000
982;FEE II_TABLE 4C_ENT / OTORHINOLARYNGOLOGY;OPD;10490000;3670000
983;FEE II_TABLE 4C_NEUROSURGERY;OPD;22060000;7720000
984;FEE II_TABLE 4C_OBSTETRICS AND GYNECOLOGY;OPD;10650000;3730000
985;FEE II_TABLE 4C_ONCOLOGY SURGERY;OPD;15170000;5310000
986;FEE II_TABLE 4C_OPHTHALMOLOGY;OPD;10950000;3830000
987;FEE II_TABLE 4C_ORTHOPEDIC SURGERY;OPD;14690000;5140000
988;FEE II_TABLE 4C_PEDIATRIC SURGERY;OPD;14180000;4960000
989;FEE II_TABLE 4C_PLASTIC SURGERY;OPD;13170000;4610000
990;FEE II_TABLE 4C_UROLOGICAL SURGERY;OPD;12050000;4220000
991;FEE II_TABLE 4C_VASCULAR SURGERY;OPD;11430000;4000000
992;FEE II_TABLE 5A_CARDIAC SURGERY;OPD;13090000;4580000
993;FEE II_TABLE 5A_DENTISTRY;OPD;10950000;3830000
994;FEE II_TABLE 5A_DIGESTIVE SURGERY;OPD;12800000;4480000
995;FEE II_TABLE 5A_ENT / OTORHINOLARYNGOLOGY;OPD;11810000;4130000
996;FEE II_TABLE 5A_NEUROSURGERY;OPD;25210000;8820000
997;FEE II_TABLE 5A_OBSTETRICS AND GYNECOLOGY;OPD;11060000;3870000
998;FEE II_TABLE 5A_ONCOLOGY SURGERY;OPD;15970000;5590000
999;FEE II_TABLE 5A_OPHTHALMOLOGY;OPD;11630000;4070000
1000;FEE II_TABLE 5A_ORTHOPEDIC SURGERY;OPD;15380000;5380000
1001;FEE II_TABLE 5A_PEDIATRIC SURGERY;OPD;15370000;5380000
1002;FEE II_TABLE 5A_PLASTIC SURGERY;OPD;14330000;5020000
1003;FEE II_TABLE 5A_UROLOGICAL SURGERY;OPD;12620000;4420000
1004;FEE II_TABLE 5A_VASCULAR SURGERY;OPD;12460000;4360000
1005;FEE II_TABLE 5B_CARDIAC SURGERY;OPD;14540000;5090000
1006;FEE II_TABLE 5B_DENTISTRY;OPD;12320000;4310000
1007;FEE II_TABLE 5B_DIGESTIVE SURGERY;OPD;13790000;4830000
1008;FEE II_TABLE 5B_ENT / OTORHINOLARYNGOLOGY;OPD;12680000;4440000
1009;FEE II_TABLE 5B_NEUROSURGERY;OPD;28350000;9920000
1010;FEE II_TABLE 5B_OBSTETRICS AND GYNECOLOGY;OPD;11870000;4150000
1011;FEE II_TABLE 5B_ONCOLOGY SURGERY;OPD;17570000;6150000
1012;FEE II_TABLE 5B_OPHTHALMOLOGY;OPD;12320000;4310000
1013;FEE II_TABLE 5B_ORTHOPEDIC SURGERY;OPD;16090000;5630000
1014;FEE II_TABLE 5B_PEDIATRIC SURGERY;OPD;16550000;5790000
1015;FEE II_TABLE 5B_PLASTIC SURGERY;OPD;15470000;5410000
1016;FEE II_TABLE 5B_UROLOGICAL SURGERY;OPD;13760000;4820000
1017;FEE II_TABLE 5B_VASCULAR SURGERY;OPD;13510000;4730000
1018;FEE II_TABLE 5C_CARDIAC SURGERY;OPD;15990000;5600000
1019;FEE II_TABLE 5C_DENTISTRY;OPD;14370000;5030000
1020;FEE II_TABLE 5C_DIGESTIVE SURGERY;OPD;14780000;5170000
1021;FEE II_TABLE 5C_ENT / OTORHINOLARYNGOLOGY;OPD;14000000;4900000
1022;FEE II_TABLE 5C_NEUROSURGERY;OPD;31500000;11030000
1023;FEE II_TABLE 5C_OBSTETRICS AND GYNECOLOGY;OPD;13520000;4730000
1024;FEE II_TABLE 5C_ONCOLOGY SURGERY;OPD;19170000;6710000
1025;FEE II_TABLE 5C_OPHTHALMOLOGY;OPD;13690000;4790000
1026;FEE II_TABLE 5C_ORTHOPEDIC SURGERY;OPD;16780000;5870000
1027;FEE II_TABLE 5C_PEDIATRIC SURGERY;OPD;17720000;6200000
1028;FEE II_TABLE 5C_PLASTIC SURGERY;OPD;16610000;5810000
1029;FEE II_TABLE 5C_UROLOGICAL SURGERY;OPD;14330000;5020000
1030;FEE II_TABLE 5C_VASCULAR SURGERY;OPD;14540000;5090000
1031;FEE II_TABLE 6A_CARDIAC SURGERY;OPD;18170000;6360000
1032;FEE II_TABLE 6A_DENTISTRY;OPD;15410000;5390000
1033;FEE II_TABLE 6A_DIGESTIVE SURGERY;OPD;15760000;5520000
1034;FEE II_TABLE 6A_ENT / OTORHINOLARYNGOLOGY;OPD;15750000;5510000
1035;FEE II_TABLE 6A_NEUROSURGERY;OPD;33080000;11580000
1036;FEE II_TABLE 6A_OBSTETRICS AND GYNECOLOGY;OPD;14330000;5020000
1037;FEE II_TABLE 6A_ONCOLOGY SURGERY;OPD;20760000;7270000
1038;FEE II_TABLE 6A_OPHTHALMOLOGY;OPD;15050000;5270000
1039;FEE II_TABLE 6A_ORTHOPEDIC SURGERY;OPD;17480000;6120000
1040;FEE II_TABLE 6A_PEDIATRIC SURGERY;OPD;18910000;6620000
1041;FEE II_TABLE 6A_PLASTIC SURGERY;OPD;17750000;6210000
1042;FEE II_TABLE 6A_UROLOGICAL SURGERY;OPD;14910000;5220000
1043;FEE II_TABLE 6A_VASCULAR SURGERY;OPD;16610000;5810000
1044;FEE II_TABLE 6B_CARDIAC SURGERY;OPD;20350000;7120000
1045;FEE II_TABLE 6B_DENTISTRY;OPD;17120000;5990000
1046;FEE II_TABLE 6B_DIGESTIVE SURGERY;OPD;16740000;5860000
1047;FEE II_TABLE 6B_ENT / OTORHINOLARYNGOLOGY;OPD;17490000;6120000
1048;FEE II_TABLE 6B_NEUROSURGERY;OPD;34650000;12130000
1049;FEE II_TABLE 6B_OBSTETRICS AND GYNECOLOGY;OPD;15970000;5590000
1050;FEE II_TABLE 6B_ONCOLOGY SURGERY;OPD;22360000;7830000
1051;FEE II_TABLE 6B_OPHTHALMOLOGY;OPD;16430000;5750000
1052;FEE II_TABLE 6B_ORTHOPEDIC SURGERY;OPD;19580000;6850000
1053;FEE II_TABLE 6B_PEDIATRIC SURGERY;OPD;20090000;7030000
1054;FEE II_TABLE 6B_PLASTIC SURGERY;OPD;18910000;6620000
1055;FEE II_TABLE 6B_UROLOGICAL SURGERY;OPD;16050000;5620000
1056;FEE II_TABLE 6B_VASCULAR SURGERY;OPD;18690000;6540000
1057;FEE II_TABLE 6C_CARDIAC SURGERY;OPD;22530000;7890000
1058;FEE II_TABLE 6C_DENTISTRY;OPD;18480000;6470000
1059;FEE II_TABLE 6C_DIGESTIVE SURGERY;OPD;17720000;6200000
1060;FEE II_TABLE 6C_ENT / OTORHINOLARYNGOLOGY;OPD;18810000;6580000
1061;FEE II_TABLE 6C_NEUROSURGERY;OPD;36230000;12680000
1062;FEE II_TABLE 6C_OBSTETRICS AND GYNECOLOGY;OPD;18020000;6310000
1063;FEE II_TABLE 6C_ONCOLOGY SURGERY;OPD;23960000;8390000
1064;FEE II_TABLE 6C_OPHTHALMOLOGY;OPD;18480000;6470000
1065;FEE II_TABLE 6C_ORTHOPEDIC SURGERY;OPD;23780000;8320000
1066;FEE II_TABLE 6C_PEDIATRIC SURGERY;OPD;21280000;7450000
1067;FEE II_TABLE 6C_PLASTIC SURGERY;OPD;20050000;7020000
1068;FEE II_TABLE 6C_UROLOGICAL SURGERY;OPD;17200000;6020000
1069;FEE II_TABLE 6C_VASCULAR SURGERY;OPD;20770000;7270000
1070;FEE II_TABLE 7A_CARDIAC SURGERY;OPD;25440000;8900000
1071;FEE II_TABLE 7A_DENTISTRY;OPD;20540000;7190000
1072;FEE II_TABLE 7A_DIGESTIVE SURGERY;OPD;18710000;6550000
1073;FEE II_TABLE 7A_ENT / OTORHINOLARYNGOLOGY;OPD;20990000;7350000
1074;FEE II_TABLE 7A_NEUROSURGERY;OPD;37800000;13230000
1075;FEE II_TABLE 7A_OBSTETRICS AND GYNECOLOGY;OPD;19250000;6740000
1076;FEE II_TABLE 7A_ONCOLOGY SURGERY;OPD;25550000;8940000
1077;FEE II_TABLE 7A_OPHTHALMOLOGY;OPD;20540000;7190000
1078;FEE II_TABLE 7A_ORTHOPEDIC SURGERY;OPD;29370000;10280000
1079;FEE II_TABLE 7A_PEDIATRIC SURGERY;OPD;22460000;7860000
1080;FEE II_TABLE 7A_PLASTIC SURGERY;OPD;22910000;8020000
1081;FEE II_TABLE 7A_UROLOGICAL SURGERY;OPD;18920000;6620000
1082;FEE II_TABLE 7A_VASCULAR SURGERY;OPD;23890000;8360000
1083;FEE II_TABLE 7B_CARDIAC SURGERY;OPD;28340000;9920000
1084;FEE II_TABLE 7B_DENTISTRY;OPD;23620000;8270000
1085;FEE II_TABLE 7B_DIGESTIVE SURGERY;OPD;19700000;6900000
1086;FEE II_TABLE 7B_ENT / OTORHINOLARYNGOLOGY;OPD;22740000;7960000
1087;FEE II_TABLE 7B_NEUROSURGERY;OPD;40950000;14330000
1088;FEE II_TABLE 7B_OBSTETRICS AND GYNECOLOGY;OPD;20480000;7170000
1089;FEE II_TABLE 7B_ONCOLOGY SURGERY;OPD;28740000;10060000
1090;FEE II_TABLE 7B_OPHTHALMOLOGY;OPD;22590000;7910000
1091;FEE II_TABLE 7B_ORTHOPEDIC SURGERY;OPD;34970000;12240000
1092;FEE II_TABLE 7B_PEDIATRIC SURGERY;OPD;23630000;8270000
1093;FEE II_TABLE 7B_PLASTIC SURGERY;OPD;25780000;9020000
1094;FEE II_TABLE 7B_UROLOGICAL SURGERY;OPD;21780000;7620000
1095;FEE II_TABLE 7B_VASCULAR SURGERY;OPD;27000000;9450000
1096;FEE II_TABLE 7C_CARDIAC SURGERY;OPD;31260000;10940000
1097;FEE II_TABLE 7C_DENTISTRY;OPD;26690000;9340000
1098;FEE II_TABLE 7C_DIGESTIVE SURGERY;OPD;21670000;7580000
1099;FEE II_TABLE 7C_ENT / OTORHINOLARYNGOLOGY;OPD;23440000;8200000
1100;FEE II_TABLE 7C_NEUROSURGERY;OPD;44100000;15440000
1101;FEE II_TABLE 7C_OBSTETRICS AND GYNECOLOGY;OPD;21710000;7600000
1102;FEE II_TABLE 7C_ONCOLOGY SURGERY;OPD;31940000;11180000
1103;FEE II_TABLE 7C_OPHTHALMOLOGY;OPD;23960000;8390000
1104;FEE II_TABLE 7C_ORTHOPEDIC SURGERY;OPD;41960000;14690000
1105;FEE II_TABLE 7C_PEDIATRIC SURGERY;OPD;26000000;9100000
1106;FEE II_TABLE 7C_PLASTIC SURGERY;OPD;28640000;10020000
1107;FEE II_TABLE 7C_UROLOGICAL SURGERY;OPD;24650000;8630000
1108;FEE II_TABLE 7C_VASCULAR SURGERY;OPD;30120000;10540000
1109;FNAB;OPD;600000;0
1110;FNAB USG GUIDED PROCEDURE;OPD;1177000;0
1111;FOREIGN BODY REMOVAL;OPD;3030000;426000
1112;FOREIGN BODY REMOVAL ;OPD;3030000;0
1113;GASTRIC BALLON (INSERTION);OPD;9088000;1274000
1114;GASTRIC BALLON (REMOVAL);OPD;9088000;1274000
1115;GASTRODUODENOSCOPY AND COLONOSCOPY;OPD;9088000;1238000
1116;GASTROSCOPY;OPD;5896000;844000
1117;GASTROSCOPY + BIOPSY;OPD;7130000;0
1118;GASTROSCOPY AND COLONOSCOPY;OPD;9983000;1421000
1119;INJECTION FOR VACCINE PROCEDURE ;OPD;150000;0
1120;INJECTION INTRAARTICULAR;OPD;632000;0
1121;INJECTION TENDER POINT / TRIGGER POINT;OPD;601000;0
1122;INSERTION OF NGT / OGT;OPD;500000;0
1123;INTRA OSSEUS CATH;OPD;622000;0
1124;INTRALESIONAL INJECTION / INJEKSI INTRALESI;OPD;361000;0
1125;KIDNEY BIOPSY;OPD;4745000;0
1126;KONSULTASI LAKTASI;OPD;109000;0
1127;LAVAGE LAUNDRY;OPD;448000;0
1128;LYPECTOMY (LYPOMA) Q >10  REGIO > 3;OPD;2472000;0
1129;LYPECTOMY (LYPOMA) Q ≤ 10 REGIO ≤ 3;OPD;1618000;0
1130;MMSE (MINI MENTAL STATE EXAMINATION);OPD;436000;0
1131;NECROTOMY;OPD;513000;0
1132;ODC < 3 jam;OPD;300000;0
1133;ODC injeksi obat OPD;OPD;150000;0
1134;PASANG VENTILATOR;OPD;317000;0
1135;PATCH TEST;OPD;2000000;0
1136;PEMASANGAN PIGTAIL DENGAN USG GUIDED;OPD;2800000;0
1137;PEMASANGAN PIGTAIL TANPA USG GUIDED;OPD;2200000;0
1138;PH METRIX;OPD;9088000;0
1139;PH METRIX OHMEGA;OPD;10603000;0
1140;PHLEBOTOMY PROCEDURE;OPD;590000;0
1141;POLIPECTOMY;OPD;7240000;1030000
1142;PRICK TEST;OPD;2000000;0
1143;PRICK TEST _ 1;OPD;1332000;0
1144;PUNKSI ABDOMINAL;OPD;1277000;0
1145;PUNKSI SENDI;OPD;650000;0
1146;PUSH ENTEROSCOPY;OPD;5899000;869000
1147;READING EEG;OPD;107000;0
1148;RECTOSCOPY;OPD;1608000;0
1149;REKTOSIGMOIDOSCOPY;OPD;4050000;580000
1150;REKTOSIGMOIDOSCOPY + BIOPSY;OPD;5384000;0
1151;REMOVE / AFF CVC;OPD;513000;0
1152;REMOVE / AFF WSD / CHEST TUBE;OPD;1080000;0
1153;RESUCITATION FEE  LESS THAN 1 HOUR(PER HOUR);OPD;778000;0
1154;RESUCITATION FEE  MORE THAN 1 HOUR(PER HOUR);OPD;318000;0
1155;RIGHT TO LEFT SHUNT TEST;OPD;764000;0
1156;RUBBER BAND LIGATION;OPD;1112000;0
1157;SKLEROTHERAPI;OPD;5632000;821000
1158;SKRINING USG FETOMATERNAL;OPD;1985000;0
1159;SPECIALIST HOME VISIT 30 minutes;OPD;400000;0
1160;TINDAKAN / BEDAH MINOR A;OPD;1020000;0
1161;Tindakan / Bedah Minor B;OPD;1530000;0
1162;TINDAKAN CHEMOTHERAPY;OPD;884000;0
1163;TINDAKAN DC SHOCK;OPD;404000;0
1164;TOUNGE TIED KLINIK LAKTASI;OPD;439000;0
1165;TRACHEOSTOMY;OPD;3247000;0
1166;TRACHEOSTOMY REMOVAL OR REPLACE;OPD;635000;0
1167;TRANSFORAMINAL BLOCK MULTILEVEL (MULTIPLE);OPD;5121000;0
1168;TRANSFORAMINAL BLOCK ONE LEVEL;OPD;3826000;0
1169;VENA SECTIE;OPD;770000;0
1170;ANOSCOPY;BASIC;590000;0
1171;ASPIRATION;BASIC;770000;0
1172;Block Pain;BASIC;2000000;0
1173;BODY ANALYZER (BIA);BASIC;262000;0
1174;BONE MARROW PUNCTURE PROCEDURE  (BMP);BASIC;1896000;0
1175;BRONCHOSCOPY;BASIC;6540000;1392000
1176;BRONCHOSCOPY + BIOPSI;BASIC;8641000;0
1177;CATHERIZATION  OR SHEATH OR DRAIN REMOVAL;BASIC;300000;0
1178;CATHETERIZATION PLACEMENT;BASIC;500000;0
1179;CIRCUMCISION;BASIC;2500000;0
1180;COLONOSCOPY;BASIC;7739000;1130000
1181;COLONOSCOPY + BIOPSY;BASIC;9142000;0
1182;ERCP AND PAPILLOTOMY;BASIC;19827000;2777000
1183;ERCP AND SPHINTEROTOMI;BASIC;12349000;0
1184;ERCP AND SPHINTEROTOMI AND COMPLEX STONE EXTRACTION;BASIC;25217000;0
1185;ERCP AND SPHINTEROTOMI AND SIMPLE STONE EXTRACTION;BASIC;19337000;0
1186;ERCP AND SPHINTEROTOMI AND STENT;BASIC;19337000;0
1187;ERCP DIAGNOSTIC;BASIC;8412000;1179000
1188;ESOPHAGOSCOPY;BASIC;3605000;506000
1189;FOREIGN BODY REMOVAL;BASIC;1177000;565000
1190;FACET BLOCK MULTI LEVEL (MULTIPLE);BASIC;5121000;0
1191;FACET BLOCK ONE LEVEL;BASIC;3826000;0
1192;FEE I_TABLE 1A_CARDIAC SURGERY;BASIC;1080000;380000
1193;FEE I_TABLE 1A_DENTISTRY;BASIC;1020000;360000
1194;FEE I_TABLE 1A_ENT / OTORHINOLARYNGOLOGY;BASIC;880000;310000
1195;FEE I_TABLE 1A_GENERAL SURGERY;BASIC;810000;280000
1196;FEE I_TABLE 1A_NEUROSURGERY;BASIC;940000;330000
1197;FEE I_TABLE 1A_OBSTETRICS AND GYNECOLOGY;BASIC;780000;270000
1198;FEE I_TABLE 1A_OPHTHALMOLOGY;BASIC;810000;280000
1199;FEE I_TABLE 1A_ORTHOPEDIC SURGERY;BASIC;830000;290000
1200;FEE I_TABLE 1A_PEDIATRIC SURGERY;BASIC;840000;290000
1201;FEE I_TABLE 1A_PLASTIC SURGERY;BASIC;1020000;360000
1202;FEE I_TABLE 1A_UROLOGICAL SURGERY;BASIC;820000;290000
1203;FEE I_TABLE 1B_CARDIAC SURGERY;BASIC;1300000;460000
1204;FEE I_TABLE 1B_DENTISTRY;BASIC;1220000;430000
1205;FEE I_TABLE 1B_ENT / OTORHINOLARYNGOLOGY;BASIC;1300000;460000
1206;FEE I_TABLE 1B_GENERAL SURGERY;BASIC;1440000;500000
1207;FEE I_TABLE 1B_NEUROSURGERY;BASIC;1500000;530000
1208;FEE I_TABLE 1B_OBSTETRICS AND GYNECOLOGY;BASIC;970000;340000
1209;FEE I_TABLE 1B_OPHTHALMOLOGY;BASIC;1430000;500000
1210;FEE I_TABLE 1B_ORTHOPEDIC SURGERY;BASIC;1250000;440000
1211;FEE I_TABLE 1B_PEDIATRIC SURGERY;BASIC;1400000;490000
1212;FEE I_TABLE 1B_PLASTIC SURGERY;BASIC;1360000;480000
1213;FEE I_TABLE 1B_UROLOGICAL SURGERY;BASIC;1360000;480000
1214;FEE I_TABLE 1C_CARDIAC SURGERY;BASIC;1730000;610000
1215;FEE I_TABLE 1C_DENTISTRY;BASIC;1430000;500000
1216;FEE I_TABLE 1C_ENT / OTORHINOLARYNGOLOGY;BASIC;1820000;640000
1217;FEE I_TABLE 1C_GENERAL SURGERY;BASIC;2010000;700000
1218;FEE I_TABLE 1C_NEUROSURGERY;BASIC;2440000;850000
1219;FEE I_TABLE 1C_OBSTETRICS AND GYNECOLOGY;BASIC;1460000;510000
1220;FEE I_TABLE 1C_OPHTHALMOLOGY;BASIC;1430000;500000
1221;FEE I_TABLE 1C_ORTHOPEDIC SURGERY;BASIC;2080000;730000
1222;FEE I_TABLE 1C_PEDIATRIC SURGERY;BASIC;2110000;740000
1223;FEE I_TABLE 1C_PLASTIC SURGERY;BASIC;1710000;600000
1224;FEE I_TABLE 1C_UROLOGICAL SURGERY;BASIC;1710000;600000
1225;FEE I_TABLE 2A_CARDIAC SURGERY;BASIC;2160000;760000
1226;FEE I_TABLE 2A_DENTISTRY;BASIC;1630000;570000
1227;FEE I_TABLE 2A_ENT / OTORHINOLARYNGOLOGY;BASIC;2340000;820000
1228;FEE I_TABLE 2A_GENERAL SURGERY;BASIC;2590000;910000
1229;FEE I_TABLE 2A_NEUROSURGERY;BASIC;3380000;1180000
1230;FEE I_TABLE 2A_OBSTETRICS AND GYNECOLOGY;BASIC;1710000;600000
1231;FEE I_TABLE 2A_OPHTHALMOLOGY;BASIC;2240000;780000
1232;FEE I_TABLE 2A_ORTHOPEDIC SURGERY;BASIC;2910000;1020000
1233;FEE I_TABLE 2A_PEDIATRIC SURGERY;BASIC;2810000;980000
1234;FEE I_TABLE 2A_PLASTIC SURGERY;BASIC;2380000;830000
1235;FEE I_TABLE 2A_UROLOGICAL SURGERY;BASIC;2050000;720000
1236;FEE I_TABLE 2B_CARDIAC SURGERY;BASIC;2590000;910000
1237;FEE I_TABLE 2B_DENTISTRY;BASIC;1830000;640000
1238;FEE I_TABLE 2B_ENT / OTORHINOLARYNGOLOGY;BASIC;2860000;1000000
1239;FEE I_TABLE 2B_GENERAL SURGERY;BASIC;2870000;1000000
1240;FEE I_TABLE 2B_NEUROSURGERY;BASIC;4310000;1510000
1241;FEE I_TABLE 2B_OBSTETRICS AND GYNECOLOGY;BASIC;2190000;770000
1242;FEE I_TABLE 2B_OPHTHALMOLOGY;BASIC;2850000;1000000
1243;FEE I_TABLE 2B_ORTHOPEDIC SURGERY;BASIC;3750000;1310000
1244;FEE I_TABLE 2B_PEDIATRIC SURGERY;BASIC;3510000;1230000
1245;FEE I_TABLE 2B_PLASTIC SURGERY;BASIC;3070000;1070000
1246;FEE I_TABLE 2B_UROLOGICAL SURGERY;BASIC;2390000;840000
1247;FEE I_TABLE 2C_CARDIAC SURGERY;BASIC;3030000;1060000
1248;FEE I_TABLE 2C_DENTISTRY;BASIC;2040000;710000
1249;FEE I_TABLE 2C_ENT / OTORHINOLARYNGOLOGY;BASIC;3900000;1370000
1250;FEE I_TABLE 2C_GENERAL SURGERY;BASIC;3450000;1210000
1251;FEE I_TABLE 2C_NEUROSURGERY;BASIC;5250000;1840000
1252;FEE I_TABLE 2C_OBSTETRICS AND GYNECOLOGY;BASIC;2920000;1020000
1253;FEE I_TABLE 2C_OPHTHALMOLOGY;BASIC;3460000;1210000
1254;FEE I_TABLE 2C_ORTHOPEDIC SURGERY;BASIC;4580000;1600000
1255;FEE I_TABLE 2C_PEDIATRIC SURGERY;BASIC;4220000;1480000
1256;FEE I_TABLE 2C_PLASTIC SURGERY;BASIC;4090000;1430000
1257;FEE I_TABLE 2C_UROLOGICAL SURGERY;BASIC;3070000;1070000
1258;FEE I_TABLE 3A_CARDIAC SURGERY;BASIC;3460000;1210000
1259;FEE I_TABLE 3A_DENTISTRY;BASIC;3060000;1070000
1260;FEE I_TABLE 3A_ENT / OTORHINOLARYNGOLOGY;BASIC;4680000;1640000
1261;FEE I_TABLE 3A_GENERAL SURGERY;BASIC;4020000;1410000
1262;FEE I_TABLE 3A_NEUROSURGERY;BASIC;6180000;2160000
1263;FEE I_TABLE 3A_OBSTETRICS AND GYNECOLOGY;BASIC;3650000;1280000
1264;FEE I_TABLE 3A_OPHTHALMOLOGY;BASIC;4070000;1420000
1265;FEE I_TABLE 3A_ORTHOPEDIC SURGERY;BASIC;5410000;1890000
1266;FEE I_TABLE 3A_PEDIATRIC SURGERY;BASIC;4920000;1720000
1267;FEE I_TABLE 3A_PLASTIC SURGERY;BASIC;4770000;1670000
1268;FEE I_TABLE 3A_UROLOGICAL SURGERY;BASIC;4090000;1430000
1269;FEE I_TABLE 3B_CARDIAC SURGERY;BASIC;3890000;1360000
1270;FEE I_TABLE 3B_DENTISTRY;BASIC;4070000;1420000
1271;FEE I_TABLE 3B_ENT / OTORHINOLARYNGOLOGY;BASIC;4940000;1730000
1272;FEE I_TABLE 3B_GENERAL SURGERY;BASIC;4880000;1710000
1273;FEE I_TABLE 3B_NEUROSURGERY;BASIC;7490000;2620000
1274;FEE I_TABLE 3B_OBSTETRICS AND GYNECOLOGY;BASIC;4140000;1450000
1275;FEE I_TABLE 3B_OPHTHALMOLOGY;BASIC;4480000;1570000
1276;FEE I_TABLE 3B_ORTHOPEDIC SURGERY;BASIC;6240000;2180000
1277;FEE I_TABLE 3B_PEDIATRIC SURGERY;BASIC;5630000;1970000
1278;FEE I_TABLE 3B_PLASTIC SURGERY;BASIC;5450000;1910000
1279;FEE I_TABLE 3B_UROLOGICAL SURGERY;BASIC;4770000;1670000
1280;FEE I_TABLE 3C_CARDIAC SURGERY;BASIC;4330000;1520000
1281;FEE I_TABLE 3C_DENTISTRY;BASIC;4680000;1640000
1282;FEE I_TABLE 3C_ENT / OTORHINOLARYNGOLOGY;BASIC;5200000;1820000
1283;FEE I_TABLE 3C_GENERAL SURGERY;BASIC;5740000;2010000
1284;FEE I_TABLE 3C_NEUROSURGERY;BASIC;8430000;2950000
1285;FEE I_TABLE 3C_OBSTETRICS AND GYNECOLOGY;BASIC;4870000;1700000
1286;FEE I_TABLE 3C_OPHTHALMOLOGY;BASIC;4880000;1710000
1287;FEE I_TABLE 3C_ORTHOPEDIC SURGERY;BASIC;7070000;2470000
1288;FEE I_TABLE 3C_PEDIATRIC SURGERY;BASIC;6330000;2220000
1289;FEE I_TABLE 3C_PLASTIC SURGERY;BASIC;6140000;2150000
1290;FEE I_TABLE 3C_UROLOGICAL SURGERY;BASIC;5460000;1910000
1291;FEE I_TABLE 4A_CARDIAC SURGERY;BASIC;5190000;1820000
1292;FEE I_TABLE 4A_DENTISTRY;BASIC;5300000;1860000
1293;FEE I_TABLE 4A_ENT / OTORHINOLARYNGOLOGY;BASIC;5460000;1910000
1294;FEE I_TABLE 4A_GENERAL SURGERY;BASIC;6320000;2210000
1295;FEE I_TABLE 4A_NEUROSURGERY;BASIC;9370000;3280000
1296;FEE I_TABLE 4A_OBSTETRICS AND GYNECOLOGY;BASIC;5360000;1880000
1297;FEE I_TABLE 4A_OPHTHALMOLOGY;BASIC;5700000;2000000
1298;FEE I_TABLE 4A_ORTHOPEDIC SURGERY;BASIC;7490000;2620000
1299;FEE I_TABLE 4A_PEDIATRIC SURGERY;BASIC;7030000;2460000
1300;FEE I_TABLE 4A_PLASTIC SURGERY;BASIC;6820000;2390000
1301;FEE I_TABLE 4A_UROLOGICAL SURGERY;BASIC;6140000;2150000
1302;FEE I_TABLE 4B_CARDIAC SURGERY;BASIC;6060000;2120000
1303;FEE I_TABLE 4B_DENTISTRY;BASIC;5500000;1930000
1304;FEE I_TABLE 4B_ENT / OTORHINOLARYNGOLOGY;BASIC;5720000;2000000
1305;FEE I_TABLE 4B_GENERAL SURGERY;BASIC;6890000;2410000
1306;FEE I_TABLE 4B_NEUROSURGERY;BASIC;11250000;3940000
1307;FEE I_TABLE 4B_OBSTETRICS AND GYNECOLOGY;BASIC;5850000;2050000
1308;FEE I_TABLE 4B_OPHTHALMOLOGY;BASIC;6110000;2140000
1309;FEE I_TABLE 4B_ORTHOPEDIC SURGERY;BASIC;8320000;2910000
1310;FEE I_TABLE 4B_PEDIATRIC SURGERY;BASIC;7730000;2710000
1311;FEE I_TABLE 4B_PLASTIC SURGERY;BASIC;7500000;2630000
1312;FEE I_TABLE 4B_UROLOGICAL SURGERY;BASIC;6820000;2390000
1313;FEE I_TABLE 4C_CARDIAC SURGERY;BASIC;6920000;2420000
1314;FEE I_TABLE 4C_DENTISTRY;BASIC;5700000;2000000
1315;FEE I_TABLE 4C_ENT / OTORHINOLARYNGOLOGY;BASIC;6240000;2180000
1316;FEE I_TABLE 4C_GENERAL SURGERY;BASIC;7750000;2710000
1317;FEE I_TABLE 4C_NEUROSURGERY;BASIC;13120000;4590000
1318;FEE I_TABLE 4C_OBSTETRICS AND GYNECOLOGY;BASIC;6330000;2220000
1319;FEE I_TABLE 4C_OPHTHALMOLOGY;BASIC;6510000;2280000
1320;FEE I_TABLE 4C_ORTHOPEDIC SURGERY;BASIC;8730000;3060000
1321;FEE I_TABLE 4C_PEDIATRIC SURGERY;BASIC;8430000;2950000
1322;FEE I_TABLE 4C_PLASTIC SURGERY;BASIC;7840000;2740000
1323;FEE I_TABLE 4C_UROLOGICAL SURGERY;BASIC;7160000;2510000
1324;FEE I_TABLE 5A_CARDIAC SURGERY;BASIC;7780000;2720000
1325;FEE I_TABLE 5A_DENTISTRY;BASIC;6510000;2280000
1326;FEE I_TABLE 5A_ENT / OTORHINOLARYNGOLOGY;BASIC;7020000;2460000
1327;FEE I_TABLE 5A_GENERAL SURGERY;BASIC;8040000;2810000
1328;FEE I_TABLE 5A_NEUROSURGERY;BASIC;14990000;5250000
1329;FEE I_TABLE 5A_OBSTETRICS AND GYNECOLOGY;BASIC;6580000;2300000
1330;FEE I_TABLE 5A_OPHTHALMOLOGY;BASIC;6920000;2420000
1331;FEE I_TABLE 5A_ORTHOPEDIC SURGERY;BASIC;9150000;3200000
1332;FEE I_TABLE 5A_PEDIATRIC SURGERY;BASIC;9140000;3200000
1333;FEE I_TABLE 5A_PLASTIC SURGERY;BASIC;8520000;2980000
1334;FEE I_TABLE 5A_UROLOGICAL SURGERY;BASIC;7510000;2630000
1335;FEE I_TABLE 5B_CARDIAC SURGERY;BASIC;8650000;3030000
1336;FEE I_TABLE 5B_DENTISTRY;BASIC;7330000;2570000
1337;FEE I_TABLE 5B_ENT / OTORHINOLARYNGOLOGY;BASIC;7550000;2640000
1338;FEE I_TABLE 5B_GENERAL SURGERY;BASIC;8330000;2920000
1339;FEE I_TABLE 5B_NEUROSURGERY;BASIC;16870000;5900000
1340;FEE I_TABLE 5B_OBSTETRICS AND GYNECOLOGY;BASIC;7060000;2470000
1341;FEE I_TABLE 5B_OPHTHALMOLOGY;BASIC;7330000;2570000
1342;FEE I_TABLE 5B_ORTHOPEDIC SURGERY;BASIC;9570000;3350000
1343;FEE I_TABLE 5B_PEDIATRIC SURGERY;BASIC;9840000;3440000
1344;FEE I_TABLE 5B_PLASTIC SURGERY;BASIC;9200000;3220000
1345;FEE I_TABLE 5B_UROLOGICAL SURGERY;BASIC;8180000;2860000
1346;FEE I_TABLE 5C_CARDIAC SURGERY;BASIC;9510000;3330000
1347;FEE I_TABLE 5C_DENTISTRY;BASIC;8550000;2990000
1348;FEE I_TABLE 5C_ENT / OTORHINOLARYNGOLOGY;BASIC;8320000;2910000
1349;FEE I_TABLE 5C_GENERAL SURGERY;BASIC;8610000;3010000
1350;FEE I_TABLE 5C_NEUROSURGERY;BASIC;18740000;6560000
1351;FEE I_TABLE 5C_OBSTETRICS AND GYNECOLOGY;BASIC;8040000;2810000
1352;FEE I_TABLE 5C_OPHTHALMOLOGY;BASIC;8140000;2850000
1353;FEE I_TABLE 5C_ORTHOPEDIC SURGERY;BASIC;9980000;3490000
1354;FEE I_TABLE 5C_PEDIATRIC SURGERY;BASIC;10540000;3690000
1355;FEE I_TABLE 5C_PLASTIC SURGERY;BASIC;9880000;3460000
1356;FEE I_TABLE 5C_UROLOGICAL SURGERY;BASIC;8530000;2990000
1357;FEE I_TABLE 6A_CARDIAC SURGERY;BASIC;10810000;3780000
1358;FEE I_TABLE 6A_DENTISTRY;BASIC;9160000;3210000
1359;FEE I_TABLE 6A_ENT / OTORHINOLARYNGOLOGY;BASIC;9370000;3280000
1360;FEE I_TABLE 6A_GENERAL SURGERY;BASIC;8900000;3120000
1361;FEE I_TABLE 6A_NEUROSURGERY;BASIC;19670000;6880000
1362;FEE I_TABLE 6A_OBSTETRICS AND GYNECOLOGY;BASIC;8530000;2990000
1363;FEE I_TABLE 6A_OPHTHALMOLOGY;BASIC;8960000;3140000
1364;FEE I_TABLE 6A_ORTHOPEDIC SURGERY;BASIC;10400000;3640000
1365;FEE I_TABLE 6A_PEDIATRIC SURGERY;BASIC;11250000;3940000
1366;FEE I_TABLE 6A_PLASTIC SURGERY;BASIC;10560000;3700000
1367;FEE I_TABLE 6A_UROLOGICAL SURGERY;BASIC;8870000;3100000
1368;FEE I_TABLE 6B_CARDIAC SURGERY;BASIC;12100000;4240000
1369;FEE I_TABLE 6B_DENTISTRY;BASIC;10180000;3560000
1370;FEE I_TABLE 6B_ENT / OTORHINOLARYNGOLOGY;BASIC;10410000;3640000
1371;FEE I_TABLE 6B_GENERAL SURGERY;BASIC;9190000;3220000
1372;FEE I_TABLE 6B_NEUROSURGERY;BASIC;20610000;7210000
1373;FEE I_TABLE 6B_OBSTETRICS AND GYNECOLOGY;BASIC;9500000;3330000
1374;FEE I_TABLE 6B_OPHTHALMOLOGY;BASIC;9770000;3420000
1375;FEE I_TABLE 6B_ORTHOPEDIC SURGERY;BASIC;11650000;4080000
1376;FEE I_TABLE 6B_PEDIATRIC SURGERY;BASIC;11950000;4180000
1377;FEE I_TABLE 6B_PLASTIC SURGERY;BASIC;11250000;3940000
1378;FEE I_TABLE 6B_UROLOGICAL SURGERY;BASIC;9550000;3340000
1379;FEE I_TABLE 6C_CARDIAC SURGERY;BASIC;13400000;4690000
1380;FEE I_TABLE 6C_DENTISTRY;BASIC;10990000;3850000
1381;FEE I_TABLE 6C_ENT / OTORHINOLARYNGOLOGY;BASIC;11190000;3920000
1382;FEE I_TABLE 6C_GENERAL SURGERY;BASIC;9760000;3420000
1383;FEE I_TABLE 6C_NEUROSURGERY;BASIC;21550000;7540000
1384;FEE I_TABLE 6C_OBSTETRICS AND GYNECOLOGY;BASIC;10720000;3750000
1385;FEE I_TABLE 6C_OPHTHALMOLOGY;BASIC;10990000;3850000
1386;FEE I_TABLE 6C_ORTHOPEDIC SURGERY;BASIC;14150000;4950000
1387;FEE I_TABLE 6C_PEDIATRIC SURGERY;BASIC;12660000;4430000
1388;FEE I_TABLE 6C_PLASTIC SURGERY;BASIC;11920000;4170000
1389;FEE I_TABLE 6C_UROLOGICAL SURGERY;BASIC;10230000;3580000
1390;FEE I_TABLE 7A_CARDIAC SURGERY;BASIC;15130000;5300000
1391;FEE I_TABLE 7A_DENTISTRY;BASIC;12210000;4270000
1392;FEE I_TABLE 7A_ENT / OTORHINOLARYNGOLOGY;BASIC;12490000;4370000
1393;FEE I_TABLE 7A_GENERAL SURGERY;BASIC;10340000;3620000
1394;FEE I_TABLE 7A_NEUROSURGERY;BASIC;22490000;7870000
1395;FEE I_TABLE 7A_OBSTETRICS AND GYNECOLOGY;BASIC;11450000;4010000
1396;FEE I_TABLE 7A_OPHTHALMOLOGY;BASIC;12210000;4270000
1397;FEE I_TABLE 7A_ORTHOPEDIC SURGERY;BASIC;17470000;6110000
1398;FEE I_TABLE 7A_PEDIATRIC SURGERY;BASIC;13360000;4680000
1399;FEE I_TABLE 7A_PLASTIC SURGERY;BASIC;13630000;4770000
1400;FEE I_TABLE 7A_UROLOGICAL SURGERY;BASIC;11250000;3940000
1401;FEE I_TABLE 7B_CARDIAC SURGERY;BASIC;16860000;5900000
1402;FEE I_TABLE 7B_DENTISTRY;BASIC;14050000;4920000
1403;FEE I_TABLE 7B_ENT / OTORHINOLARYNGOLOGY;BASIC;13530000;4740000
1404;FEE I_TABLE 7B_GENERAL SURGERY;BASIC;11480000;4020000
1405;FEE I_TABLE 7B_NEUROSURGERY;BASIC;24360000;8530000
1406;FEE I_TABLE 7B_OBSTETRICS AND GYNECOLOGY;BASIC;12180000;4260000
1407;FEE I_TABLE 7B_OPHTHALMOLOGY;BASIC;13440000;4700000
1408;FEE I_TABLE 7B_ORTHOPEDIC SURGERY;BASIC;20800000;7280000
1409;FEE I_TABLE 7B_PEDIATRIC SURGERY;BASIC;14060000;4920000
1410;FEE I_TABLE 7B_PLASTIC SURGERY;BASIC;15340000;5370000
1411;FEE I_TABLE 7B_UROLOGICAL SURGERY;BASIC;12960000;4540000
1412;FEE I_TABLE 7C_CARDIAC SURGERY;BASIC;18590000;6510000
1413;FEE I_TABLE 7C_DENTISTRY;BASIC;15880000;5560000
1414;FEE I_TABLE 7C_ENT / OTORHINOLARYNGOLOGY;BASIC;13940000;4880000
1415;FEE I_TABLE 7C_GENERAL SURGERY;BASIC;12060000;4220000
1416;FEE I_TABLE 7C_NEUROSURGERY;BASIC;26230000;9180000
1417;FEE I_TABLE 7C_OBSTETRICS AND GYNECOLOGY;BASIC;12910000;4520000
1418;FEE I_TABLE 7C_OPHTHALMOLOGY;BASIC;14250000;4990000
1419;FEE I_TABLE 7C_ORTHOPEDIC SURGERY;BASIC;24960000;8740000
1420;FEE I_TABLE 7C_PEDIATRIC SURGERY;BASIC;15460000;5410000
1421;FEE I_TABLE 7C_PLASTIC SURGERY;BASIC;17040000;5960000
1422;FEE I_TABLE 7C_UROLOGICAL SURGERY;BASIC;14660000;5130000
1423;FEE II_TABLE 1A_CARDIAC SURGERY;BASIC;1400000;490000
1424;FEE II_TABLE 1A_DENTISTRY;BASIC;1330000;470000
1425;FEE II_TABLE 1A_DIGESTIVE SURGERY;BASIC;1150000;400000
1426;FEE II_TABLE 1A_ENT / OTORHINOLARYNGOLOGY;BASIC;1150000;400000
1427;FEE II_TABLE 1A_NEUROSURGERY;BASIC;1220000;430000
1428;FEE II_TABLE 1A_OBSTETRICS AND GYNECOLOGY;BASIC;1010000;350000
1429;FEE II_TABLE 1A_ONCOLOGY SURGERY;BASIC;1240000;430000
1430;FEE II_TABLE 1A_OPHTHALMOLOGY;BASIC;1060000;370000
1431;FEE II_TABLE 1A_ORTHOPEDIC SURGERY;BASIC;1080000;380000
1432;FEE II_TABLE 1A_PEDIATRIC SURGERY;BASIC;1100000;390000
1433;FEE II_TABLE 1A_PLASTIC SURGERY;BASIC;1330000;470000
1434;FEE II_TABLE 1A_UROLOGICAL SURGERY;BASIC;1060000;370000
1435;FEE II_TABLE 1A_VASCULAR SURGERY;BASIC;1210000;420000
1436;FEE II_TABLE 1B_CARDIAC SURGERY;BASIC;1690000;590000
1437;FEE II_TABLE 1B_DENTISTRY;BASIC;1590000;560000
1438;FEE II_TABLE 1B_DIGESTIVE SURGERY;BASIC;1530000;540000
1439;FEE II_TABLE 1B_ENT / OTORHINOLARYNGOLOGY;BASIC;1690000;590000
1440;FEE II_TABLE 1B_NEUROSURGERY;BASIC;1950000;680000
1441;FEE II_TABLE 1B_OBSTETRICS AND GYNECOLOGY;BASIC;1260000;440000
1442;FEE II_TABLE 1B_ONCOLOGY SURGERY;BASIC;2470000;860000
1443;FEE II_TABLE 1B_OPHTHALMOLOGY;BASIC;1860000;650000
1444;FEE II_TABLE 1B_ORTHOPEDIC SURGERY;BASIC;1620000;570000
1445;FEE II_TABLE 1B_PEDIATRIC SURGERY;BASIC;1830000;640000
1446;FEE II_TABLE 1B_PLASTIC SURGERY;BASIC;1770000;620000
1447;FEE II_TABLE 1B_UROLOGICAL SURGERY;BASIC;1770000;620000
1448;FEE II_TABLE 1B_VASCULAR SURGERY;BASIC;1610000;560000
1449;FEE II_TABLE 1C_CARDIAC SURGERY;BASIC;2240000;780000
1450;FEE II_TABLE 1C_DENTISTRY;BASIC;1860000;650000
1451;FEE II_TABLE 1C_DIGESTIVE SURGERY;BASIC;2290000;800000
1452;FEE II_TABLE 1C_ENT / OTORHINOLARYNGOLOGY;BASIC;2370000;830000
1453;FEE II_TABLE 1C_NEUROSURGERY;BASIC;3170000;1110000
1454;FEE II_TABLE 1C_OBSTETRICS AND GYNECOLOGY;BASIC;1900000;670000
1455;FEE II_TABLE 1C_ONCOLOGY SURGERY;BASIC;3090000;1080000
1456;FEE II_TABLE 1C_OPHTHALMOLOGY;BASIC;1860000;650000
1457;FEE II_TABLE 1C_ORTHOPEDIC SURGERY;BASIC;2710000;950000
1458;FEE II_TABLE 1C_PEDIATRIC SURGERY;BASIC;2740000;960000
1459;FEE II_TABLE 1C_PLASTIC SURGERY;BASIC;2220000;780000
1460;FEE II_TABLE 1C_UROLOGICAL SURGERY;BASIC;2220000;780000
1461;FEE II_TABLE 1C_VASCULAR SURGERY;BASIC;2010000;700000
1462;FEE II_TABLE 2A_CARDIAC SURGERY;BASIC;2810000;980000
1463;FEE II_TABLE 2A_DENTISTRY;BASIC;2120000;740000
1464;FEE II_TABLE 2A_DIGESTIVE SURGERY;BASIC;3050000;1070000
1465;FEE II_TABLE 2A_ENT / OTORHINOLARYNGOLOGY;BASIC;3050000;1070000
1466;FEE II_TABLE 2A_NEUROSURGERY;BASIC;4390000;1540000
1467;FEE II_TABLE 2A_OBSTETRICS AND GYNECOLOGY;BASIC;2220000;780000
1468;FEE II_TABLE 2A_ONCOLOGY SURGERY;BASIC;3700000;1300000
1469;FEE II_TABLE 2A_OPHTHALMOLOGY;BASIC;2910000;1020000
1470;FEE II_TABLE 2A_ORTHOPEDIC SURGERY;BASIC;3790000;1330000
1471;FEE II_TABLE 2A_PEDIATRIC SURGERY;BASIC;3660000;1280000
1472;FEE II_TABLE 2A_PLASTIC SURGERY;BASIC;3100000;1090000
1473;FEE II_TABLE 2A_UROLOGICAL SURGERY;BASIC;2660000;930000
1474;FEE II_TABLE 2A_VASCULAR SURGERY;BASIC;2410000;840000
1475;FEE II_TABLE 2B_CARDIAC SURGERY;BASIC;3370000;1180000
1476;FEE II_TABLE 2B_DENTISTRY;BASIC;2380000;830000
1477;FEE II_TABLE 2B_DIGESTIVE SURGERY;BASIC;3810000;1330000
1478;FEE II_TABLE 2B_ENT / OTORHINOLARYNGOLOGY;BASIC;3720000;1300000
1479;FEE II_TABLE 2B_NEUROSURGERY;BASIC;5600000;1960000
1480;FEE II_TABLE 2B_OBSTETRICS AND GYNECOLOGY;BASIC;2850000;1000000
1481;FEE II_TABLE 2B_ONCOLOGY SURGERY;BASIC;4320000;1510000
1482;FEE II_TABLE 2B_OPHTHALMOLOGY;BASIC;3700000;1300000
1483;FEE II_TABLE 2B_ORTHOPEDIC SURGERY;BASIC;4870000;1700000
1484;FEE II_TABLE 2B_PEDIATRIC SURGERY;BASIC;4570000;1600000
1485;FEE II_TABLE 2B_PLASTIC SURGERY;BASIC;3990000;1400000
1486;FEE II_TABLE 2B_UROLOGICAL SURGERY;BASIC;3110000;1090000
1487;FEE II_TABLE 2B_VASCULAR SURGERY;BASIC;3210000;1120000
1488;FEE II_TABLE 2C_CARDIAC SURGERY;BASIC;3940000;1380000
1489;FEE II_TABLE 2C_DENTISTRY;BASIC;2640000;920000
1490;FEE II_TABLE 2C_DIGESTIVE SURGERY;BASIC;4570000;1600000
1491;FEE II_TABLE 2C_ENT / OTORHINOLARYNGOLOGY;BASIC;5080000;1780000
1492;FEE II_TABLE 2C_NEUROSURGERY;BASIC;6830000;2390000
1493;FEE II_TABLE 2C_OBSTETRICS AND GYNECOLOGY;BASIC;3800000;1330000
1494;FEE II_TABLE 2C_ONCOLOGY SURGERY;BASIC;5560000;1950000
1495;FEE II_TABLE 2C_OPHTHALMOLOGY;BASIC;4500000;1580000
1496;FEE II_TABLE 2C_ORTHOPEDIC SURGERY;BASIC;5950000;2080000
1497;FEE II_TABLE 2C_PEDIATRIC SURGERY;BASIC;5480000;1920000
1498;FEE II_TABLE 2C_PLASTIC SURGERY;BASIC;5320000;1860000
1499;FEE II_TABLE 2C_UROLOGICAL SURGERY;BASIC;3990000;1400000
1500;FEE II_TABLE 2C_VASCULAR SURGERY;BASIC;4020000;1410000
1501;FEE II_TABLE 3A_CARDIAC SURGERY;BASIC;4500000;1580000
1502;FEE II_TABLE 3A_DENTISTRY;BASIC;3970000;1390000
1503;FEE II_TABLE 3A_DIGESTIVE SURGERY;BASIC;5630000;1970000
1504;FEE II_TABLE 3A_ENT / OTORHINOLARYNGOLOGY;BASIC;6080000;2130000
1505;FEE II_TABLE 3A_NEUROSURGERY;BASIC;8040000;2810000
1506;FEE II_TABLE 3A_OBSTETRICS AND GYNECOLOGY;BASIC;4750000;1660000
1507;FEE II_TABLE 3A_ONCOLOGY SURGERY;BASIC;6790000;2380000
1508;FEE II_TABLE 3A_OPHTHALMOLOGY;BASIC;5300000;1860000
1509;FEE II_TABLE 3A_ORTHOPEDIC SURGERY;BASIC;7030000;2460000
1510;FEE II_TABLE 3A_PEDIATRIC SURGERY;BASIC;6390000;2240000
1511;FEE II_TABLE 3A_PLASTIC SURGERY;BASIC;6210000;2170000
1512;FEE II_TABLE 3A_UROLOGICAL SURGERY;BASIC;5320000;1860000
1513;FEE II_TABLE 3A_VASCULAR SURGERY;BASIC;4820000;1690000
1514;FEE II_TABLE 3B_CARDIAC SURGERY;BASIC;5060000;1770000
1515;FEE II_TABLE 3B_DENTISTRY;BASIC;5300000;1860000
1516;FEE II_TABLE 3B_DIGESTIVE SURGERY;BASIC;6480000;2270000
1517;FEE II_TABLE 3B_ENT / OTORHINOLARYNGOLOGY;BASIC;6430000;2250000
1518;FEE II_TABLE 3B_NEUROSURGERY;BASIC;9740000;3410000
1519;FEE II_TABLE 3B_OBSTETRICS AND GYNECOLOGY;BASIC;5380000;1880000
1520;FEE II_TABLE 3B_ONCOLOGY SURGERY;BASIC;7410000;2590000
1521;FEE II_TABLE 3B_OPHTHALMOLOGY;BASIC;5820000;2040000
1522;FEE II_TABLE 3B_ORTHOPEDIC SURGERY;BASIC;8110000;2840000
1523;FEE II_TABLE 3B_PEDIATRIC SURGERY;BASIC;7310000;2560000
1524;FEE II_TABLE 3B_PLASTIC SURGERY;BASIC;7090000;2480000
1525;FEE II_TABLE 3B_UROLOGICAL SURGERY;BASIC;6210000;2170000
1526;FEE II_TABLE 3B_VASCULAR SURGERY;BASIC;5630000;1970000
1527;FEE II_TABLE 3C_CARDIAC SURGERY;BASIC;5630000;1970000
1528;FEE II_TABLE 3C_DENTISTRY;BASIC;6080000;2130000
1529;FEE II_TABLE 3C_DIGESTIVE SURGERY;BASIC;7240000;2530000
1530;FEE II_TABLE 3C_ENT / OTORHINOLARYNGOLOGY;BASIC;6760000;2370000
1531;FEE II_TABLE 3C_NEUROSURGERY;BASIC;10960000;3840000
1532;FEE II_TABLE 3C_OBSTETRICS AND GYNECOLOGY;BASIC;6330000;2220000
1533;FEE II_TABLE 3C_ONCOLOGY SURGERY;BASIC;8650000;3030000
1534;FEE II_TABLE 3C_OPHTHALMOLOGY;BASIC;6350000;2220000
1535;FEE II_TABLE 3C_ORTHOPEDIC SURGERY;BASIC;9190000;3220000
1536;FEE II_TABLE 3C_PEDIATRIC SURGERY;BASIC;8220000;2880000
1537;FEE II_TABLE 3C_PLASTIC SURGERY;BASIC;7980000;2790000
1538;FEE II_TABLE 3C_UROLOGICAL SURGERY;BASIC;7090000;2480000
1539;FEE II_TABLE 3C_VASCULAR SURGERY;BASIC;6430000;2250000
1540;FEE II_TABLE 4A_CARDIAC SURGERY;BASIC;6750000;2360000
1541;FEE II_TABLE 4A_DENTISTRY;BASIC;6880000;2410000
1542;FEE II_TABLE 4A_DIGESTIVE SURGERY;BASIC;7620000;2670000
1543;FEE II_TABLE 4A_ENT / OTORHINOLARYNGOLOGY;BASIC;7110000;2490000
1544;FEE II_TABLE 4A_NEUROSURGERY;BASIC;12180000;4260000
1545;FEE II_TABLE 4A_OBSTETRICS AND GYNECOLOGY;BASIC;6970000;2440000
1546;FEE II_TABLE 4A_ONCOLOGY SURGERY;BASIC;9270000;3240000
1547;FEE II_TABLE 4A_OPHTHALMOLOGY;BASIC;7410000;2590000
1548;FEE II_TABLE 4A_ORTHOPEDIC SURGERY;BASIC;9730000;3410000
1549;FEE II_TABLE 4A_PEDIATRIC SURGERY;BASIC;9140000;3200000
1550;FEE II_TABLE 4A_PLASTIC SURGERY;BASIC;8860000;3100000
1551;FEE II_TABLE 4A_UROLOGICAL SURGERY;BASIC;7980000;2790000
1552;FEE II_TABLE 4A_VASCULAR SURGERY;BASIC;7230000;2530000
1553;FEE II_TABLE 4B_CARDIAC SURGERY;BASIC;7870000;2750000
1554;FEE II_TABLE 4B_DENTISTRY;BASIC;7150000;2500000
1555;FEE II_TABLE 4B_DIGESTIVE SURGERY;BASIC;8380000;2930000
1556;FEE II_TABLE 4B_ENT / OTORHINOLARYNGOLOGY;BASIC;7440000;2600000
1557;FEE II_TABLE 4B_NEUROSURGERY;BASIC;14620000;5120000
1558;FEE II_TABLE 4B_OBSTETRICS AND GYNECOLOGY;BASIC;7600000;2660000
1559;FEE II_TABLE 4B_ONCOLOGY SURGERY;BASIC;10500000;3680000
1560;FEE II_TABLE 4B_OPHTHALMOLOGY;BASIC;7940000;2780000
1561;FEE II_TABLE 4B_ORTHOPEDIC SURGERY;BASIC;10820000;3790000
1562;FEE II_TABLE 4B_PEDIATRIC SURGERY;BASIC;10050000;3520000
1563;FEE II_TABLE 4B_PLASTIC SURGERY;BASIC;9750000;3410000
1564;FEE II_TABLE 4B_UROLOGICAL SURGERY;BASIC;8870000;3100000
1565;FEE II_TABLE 4B_VASCULAR SURGERY;BASIC;8030000;2810000
1566;FEE II_TABLE 4C_CARDIAC SURGERY;BASIC;9000000;3150000
1567;FEE II_TABLE 4C_DENTISTRY;BASIC;7410000;2590000
1568;FEE II_TABLE 4C_DIGESTIVE SURGERY;BASIC;9140000;3200000
1569;FEE II_TABLE 4C_ENT / OTORHINOLARYNGOLOGY;BASIC;8110000;2840000
1570;FEE II_TABLE 4C_NEUROSURGERY;BASIC;17060000;5970000
1571;FEE II_TABLE 4C_OBSTETRICS AND GYNECOLOGY;BASIC;8240000;2880000
1572;FEE II_TABLE 4C_ONCOLOGY SURGERY;BASIC;11730000;4110000
1573;FEE II_TABLE 4C_OPHTHALMOLOGY;BASIC;8470000;2960000
1574;FEE II_TABLE 4C_ORTHOPEDIC SURGERY;BASIC;11360000;3980000
1575;FEE II_TABLE 4C_PEDIATRIC SURGERY;BASIC;10960000;3840000
1576;FEE II_TABLE 4C_PLASTIC SURGERY;BASIC;10180000;3560000
1577;FEE II_TABLE 4C_UROLOGICAL SURGERY;BASIC;9310000;3260000
1578;FEE II_TABLE 4C_VASCULAR SURGERY;BASIC;8840000;3090000
1579;FEE II_TABLE 5A_CARDIAC SURGERY;BASIC;10120000;3540000
1580;FEE II_TABLE 5A_DENTISTRY;BASIC;8470000;2960000
1581;FEE II_TABLE 5A_DIGESTIVE SURGERY;BASIC;9900000;3470000
1582;FEE II_TABLE 5A_ENT / OTORHINOLARYNGOLOGY;BASIC;9130000;3200000
1583;FEE II_TABLE 5A_NEUROSURGERY;BASIC;19490000;6820000
1584;FEE II_TABLE 5A_OBSTETRICS AND GYNECOLOGY;BASIC;8550000;2990000
1585;FEE II_TABLE 5A_ONCOLOGY SURGERY;BASIC;12350000;4320000
1586;FEE II_TABLE 5A_OPHTHALMOLOGY;BASIC;9000000;3150000
1587;FEE II_TABLE 5A_ORTHOPEDIC SURGERY;BASIC;11900000;4170000
1588;FEE II_TABLE 5A_PEDIATRIC SURGERY;BASIC;11880000;4160000
1589;FEE II_TABLE 5A_PLASTIC SURGERY;BASIC;11080000;3880000
1590;FEE II_TABLE 5A_UROLOGICAL SURGERY;BASIC;9760000;3420000
1591;FEE II_TABLE 5A_VASCULAR SURGERY;BASIC;9630000;3370000
1592;FEE II_TABLE 5B_CARDIAC SURGERY;BASIC;11240000;3930000
1593;FEE II_TABLE 5B_DENTISTRY;BASIC;9530000;3340000
1594;FEE II_TABLE 5B_DIGESTIVE SURGERY;BASIC;10660000;3730000
1595;FEE II_TABLE 5B_ENT / OTORHINOLARYNGOLOGY;BASIC;9810000;3430000
1596;FEE II_TABLE 5B_NEUROSURGERY;BASIC;21920000;7670000
1597;FEE II_TABLE 5B_OBSTETRICS AND GYNECOLOGY;BASIC;9180000;3210000
1598;FEE II_TABLE 5B_ONCOLOGY SURGERY;BASIC;13590000;4760000
1599;FEE II_TABLE 5B_OPHTHALMOLOGY;BASIC;9530000;3340000
1600;FEE II_TABLE 5B_ORTHOPEDIC SURGERY;BASIC;12440000;4350000
1601;FEE II_TABLE 5B_PEDIATRIC SURGERY;BASIC;12790000;4480000
1602;FEE II_TABLE 5B_PLASTIC SURGERY;BASIC;11960000;4190000
1603;FEE II_TABLE 5B_UROLOGICAL SURGERY;BASIC;10640000;3720000
1604;FEE II_TABLE 5B_VASCULAR SURGERY;BASIC;10450000;3660000
1605;FEE II_TABLE 5C_CARDIAC SURGERY;BASIC;12370000;4330000
1606;FEE II_TABLE 5C_DENTISTRY;BASIC;11110000;3890000
1607;FEE II_TABLE 5C_DIGESTIVE SURGERY;BASIC;11430000;4000000
1608;FEE II_TABLE 5C_ENT / OTORHINOLARYNGOLOGY;BASIC;10820000;3790000
1609;FEE II_TABLE 5C_NEUROSURGERY;BASIC;24360000;8530000
1610;FEE II_TABLE 5C_OBSTETRICS AND GYNECOLOGY;BASIC;10450000;3660000
1611;FEE II_TABLE 5C_ONCOLOGY SURGERY;BASIC;14820000;5190000
1612;FEE II_TABLE 5C_OPHTHALMOLOGY;BASIC;10590000;3710000
1613;FEE II_TABLE 5C_ORTHOPEDIC SURGERY;BASIC;12970000;4540000
1614;FEE II_TABLE 5C_PEDIATRIC SURGERY;BASIC;13710000;4800000
1615;FEE II_TABLE 5C_PLASTIC SURGERY;BASIC;12850000;4500000
1616;FEE II_TABLE 5C_UROLOGICAL SURGERY;BASIC;11080000;3880000
1617;FEE II_TABLE 5C_VASCULAR SURGERY;BASIC;11240000;3930000
1618;FEE II_TABLE 6A_CARDIAC SURGERY;BASIC;14050000;4920000
1619;FEE II_TABLE 6A_DENTISTRY;BASIC;11910000;4170000
1620;FEE II_TABLE 6A_DIGESTIVE SURGERY;BASIC;12190000;4270000
1621;FEE II_TABLE 6A_ENT / OTORHINOLARYNGOLOGY;BASIC;12180000;4260000
1622;FEE II_TABLE 6A_NEUROSURGERY;BASIC;25580000;8950000
1623;FEE II_TABLE 6A_OBSTETRICS AND GYNECOLOGY;BASIC;11080000;3880000
1624;FEE II_TABLE 6A_ONCOLOGY SURGERY;BASIC;16050000;5620000
1625;FEE II_TABLE 6A_OPHTHALMOLOGY;BASIC;11640000;4070000
1626;FEE II_TABLE 6A_ORTHOPEDIC SURGERY;BASIC;13520000;4730000
1627;FEE II_TABLE 6A_PEDIATRIC SURGERY;BASIC;14620000;5120000
1628;FEE II_TABLE 6A_PLASTIC SURGERY;BASIC;13730000;4810000
1629;FEE II_TABLE 6A_UROLOGICAL SURGERY;BASIC;11530000;4040000
1630;FEE II_TABLE 6A_VASCULAR SURGERY;BASIC;12850000;4500000
1631;FEE II_TABLE 6B_CARDIAC SURGERY;BASIC;15740000;5510000
1632;FEE II_TABLE 6B_DENTISTRY;BASIC;13240000;4630000
1633;FEE II_TABLE 6B_DIGESTIVE SURGERY;BASIC;12950000;4530000
1634;FEE II_TABLE 6B_ENT / OTORHINOLARYNGOLOGY;BASIC;13530000;4740000
1635;FEE II_TABLE 6B_NEUROSURGERY;BASIC;26800000;9380000
1636;FEE II_TABLE 6B_OBSTETRICS AND GYNECOLOGY;BASIC;12350000;4320000
1637;FEE II_TABLE 6B_ONCOLOGY SURGERY;BASIC;17290000;6050000
1638;FEE II_TABLE 6B_OPHTHALMOLOGY;BASIC;12710000;4450000
1639;FEE II_TABLE 6B_ORTHOPEDIC SURGERY;BASIC;15140000;5300000
1640;FEE II_TABLE 6B_PEDIATRIC SURGERY;BASIC;15530000;5440000
1641;FEE II_TABLE 6B_PLASTIC SURGERY;BASIC;14620000;5120000
1642;FEE II_TABLE 6B_UROLOGICAL SURGERY;BASIC;12410000;4340000
1643;FEE II_TABLE 6B_VASCULAR SURGERY;BASIC;14450000;5060000
1644;FEE II_TABLE 6C_CARDIAC SURGERY;BASIC;17420000;6100000
1645;FEE II_TABLE 6C_DENTISTRY;BASIC;14290000;5000000
1646;FEE II_TABLE 6C_DIGESTIVE SURGERY;BASIC;13710000;4800000
1647;FEE II_TABLE 6C_ENT / OTORHINOLARYNGOLOGY;BASIC;14550000;5090000
1648;FEE II_TABLE 6C_NEUROSURGERY;BASIC;28010000;9800000
1649;FEE II_TABLE 6C_OBSTETRICS AND GYNECOLOGY;BASIC;13930000;4880000
1650;FEE II_TABLE 6C_ONCOLOGY SURGERY;BASIC;18530000;6490000
1651;FEE II_TABLE 6C_OPHTHALMOLOGY;BASIC;14290000;5000000
1652;FEE II_TABLE 6C_ORTHOPEDIC SURGERY;BASIC;18390000;6440000
1653;FEE II_TABLE 6C_PEDIATRIC SURGERY;BASIC;16450000;5760000
1654;FEE II_TABLE 6C_PLASTIC SURGERY;BASIC;15500000;5430000
1655;FEE II_TABLE 6C_UROLOGICAL SURGERY;BASIC;13300000;4660000
1656;FEE II_TABLE 6C_VASCULAR SURGERY;BASIC;16060000;5620000
1657;FEE II_TABLE 7A_CARDIAC SURGERY;BASIC;19670000;6880000
1658;FEE II_TABLE 7A_DENTISTRY;BASIC;15880000;5560000
1659;FEE II_TABLE 7A_DIGESTIVE SURGERY;BASIC;14470000;5060000
1660;FEE II_TABLE 7A_ENT / OTORHINOLARYNGOLOGY;BASIC;16230000;5680000
1661;FEE II_TABLE 7A_NEUROSURGERY;BASIC;29230000;10230000
1662;FEE II_TABLE 7A_OBSTETRICS AND GYNECOLOGY;BASIC;14880000;5210000
1663;FEE II_TABLE 7A_ONCOLOGY SURGERY;BASIC;19760000;6920000
1664;FEE II_TABLE 7A_OPHTHALMOLOGY;BASIC;15880000;5560000
1665;FEE II_TABLE 7A_ORTHOPEDIC SURGERY;BASIC;22710000;7950000
1666;FEE II_TABLE 7A_PEDIATRIC SURGERY;BASIC;17370000;6080000
1667;FEE II_TABLE 7A_PLASTIC SURGERY;BASIC;17720000;6200000
1668;FEE II_TABLE 7A_UROLOGICAL SURGERY;BASIC;14630000;5120000
1669;FEE II_TABLE 7A_VASCULAR SURGERY;BASIC;18470000;6460000
1670;FEE II_TABLE 7B_CARDIAC SURGERY;BASIC;21920000;7670000
1671;FEE II_TABLE 7B_DENTISTRY;BASIC;18260000;6390000
1672;FEE II_TABLE 7B_DIGESTIVE SURGERY;BASIC;15230000;5330000
1673;FEE II_TABLE 7B_ENT / OTORHINOLARYNGOLOGY;BASIC;17590000;6160000
1674;FEE II_TABLE 7B_NEUROSURGERY;BASIC;31670000;11080000
1675;FEE II_TABLE 7B_OBSTETRICS AND GYNECOLOGY;BASIC;15830000;5540000
1676;FEE II_TABLE 7B_ONCOLOGY SURGERY;BASIC;22230000;7780000
1677;FEE II_TABLE 7B_OPHTHALMOLOGY;BASIC;17470000;6110000
1678;FEE II_TABLE 7B_ORTHOPEDIC SURGERY;BASIC;27040000;9460000
1679;FEE II_TABLE 7B_PEDIATRIC SURGERY;BASIC;18280000;6400000
1680;FEE II_TABLE 7B_PLASTIC SURGERY;BASIC;19930000;6980000
1681;FEE II_TABLE 7B_UROLOGICAL SURGERY;BASIC;16840000;5890000
1682;FEE II_TABLE 7B_VASCULAR SURGERY;BASIC;20880000;7310000
1683;FEE II_TABLE 7C_CARDIAC SURGERY;BASIC;24170000;8460000
1684;FEE II_TABLE 7C_DENTISTRY;BASIC;20640000;7220000
1685;FEE II_TABLE 7C_DIGESTIVE SURGERY;BASIC;16760000;5870000
1686;FEE II_TABLE 7C_ENT / OTORHINOLARYNGOLOGY;BASIC;18130000;6350000
1687;FEE II_TABLE 7C_NEUROSURGERY;BASIC;34100000;11940000
1688;FEE II_TABLE 7C_OBSTETRICS AND GYNECOLOGY;BASIC;16790000;5880000
1689;FEE II_TABLE 7C_ONCOLOGY SURGERY;BASIC;24700000;8650000
1690;FEE II_TABLE 7C_OPHTHALMOLOGY;BASIC;18530000;6490000
1691;FEE II_TABLE 7C_ORTHOPEDIC SURGERY;BASIC;32450000;11360000
1692;FEE II_TABLE 7C_PEDIATRIC SURGERY;BASIC;20100000;7040000
1693;FEE II_TABLE 7C_PLASTIC SURGERY;BASIC;22150000;7750000
1694;FEE II_TABLE 7C_UROLOGICAL SURGERY;BASIC;19060000;6670000
1695;FEE II_TABLE 7C_VASCULAR SURGERY;BASIC;23290000;8150000
1696;FNAB;BASIC;600000;0
1697;FNAB USG GUIDED PROCEDURE;BASIC;1177000;0
1698;FOREIGN BODY REMOVAL ;BASIC;3605000;506000
1699;GASTRIC BALLON (INSERTION);BASIC;10814000;1516000
1700;GASTRIC BALLON (REMOVAL);BASIC;10814000;1516000
1701;GASTRODUODENOSCOPY AND COLONOSCOPY;BASIC;10814000;1473000
1702;GASTROSCOPY;BASIC;7016000;1005000
1703;GASTROSCOPY + BIOPSY;BASIC;8485000;1005000
1704;GASTROSCOPY AND COLONOSCOPY ;BASIC;11879000;1691000
1705;INJECTION FOR VACCINE PROCEDURE ;BASIC;150000;0
1706;INJECTION INTRAARTICULAR;BASIC;632000;0
1707;INJECTION TENDER POINT / TRIGGER POINT;BASIC;601000;0
1708;INSERTION OF NGT / OGT;BASIC;500000;0
1709;INTRA OSSEUS CATH;BASIC;622000;0
1710;INTRALESIONAL INJECTION / INJEKSI INTRALESI;BASIC;361000;0
1711;KIDNEY BIOPSY;BASIC;5647000;0
1712;KONSULTASI LAKTASI;BASIC;109000;0
1713;LAVAGE LAUNDRY;BASIC;448000;0
1714;LYPECTOMY (LYPOMA) Q >10  REGIO > 3;BASIC;2472000;0
1715;LYPECTOMY (LYPOMA) Q ≤ 10 REGIO ≤ 3;BASIC;1618000;0
1716;MMSE (MINI MENTAL STATE EXAMINATION);BASIC;436000;0
1717;NECROTOMY;BASIC;513000;0
1718;PASANG VENTILATOR;BASIC;317000;0
1719;PATCH TEST;BASIC;2000000;0
1720;PEMASANGAN PIGTAIL DENGAN USG GUIDED;BASIC;2800000;0
1721;PEMASANGAN PIGTAIL TANPA USG GUIDED;BASIC;2200000;0
1722;PH METRIX;BASIC;10814000;0
1723;PH METRIX OHMEGA;BASIC;12618000;0
1724;PHLEBOTOMY PROCEDURE;BASIC;590000;0
1725;POLIPECTOMY;BASIC;8616000;1226000
1726;PRICK TEST;BASIC;2000000;0
1727;PRICK TEST _ 1;BASIC;1332000;0
1728;PUNKSI ABDOMINAL;BASIC;1277000;0
1729;PUNKSI SENDI;BASIC;650000;0
1730;PUSH ENTEROSCOPY;BASIC;7019000;1034000
1731;READING EEG;BASIC;107000;0
1732;RECTOSCOPY;BASIC;1913000;0
1733;REKTOSIGMOIDOSCOPY;BASIC;4820000;690000
1734;REKTOSIGMOIDOSCOPY + BIOPSY;BASIC;6407000;0
1735;REMOVE / AFF CVC;BASIC;513000;0
1736;REMOVE / AFF WSD / CHEST TUBE;BASIC;849000;0
1737;RESUCITATION FEE  LESS THAN 1 HOUR(PER HOUR);BASIC;778000;0
1738;RESUCITATION FEE  MORE THAN 1 HOUR(PER HOUR);BASIC;318000;0
1739;RIGHT TO LEFT SHUNT TEST;BASIC;764000;0
1740;RUBBER BAND LIGATION;BASIC;1112000;0
1741;SKLEROTHERAPI;BASIC;6702000;977000
1742;SKRINING USG FETOMATERNAL;BASIC;1985000;0
1743;TINDAKAN / BEDAH MINOR A;BASIC;1020000;0
1744;Tindakan / Bedah Minor B;BASIC;1530000;0
1745;TINDAKAN CHEMOTHERAPY;BASIC;884000;0
1746;TINDAKAN DC SHOCK;BASIC;404000;0
1747;TOUNGE TIED KLINIK LAKTASI;BASIC;439000;0
1748;TRACHEOSTOMY;BASIC;3247000;0
1749;TRACHEOSTOMY REMOVAL OR REPLACE;BASIC;635000;0
1750;TRANSFORAMINAL BLOCK MULTILEVEL (MULTIPLE);BASIC;5121000;0
1751;TRANSFORAMINAL BLOCK ONE LEVEL;BASIC;3826000;0
1752;VENA SECTIE;BASIC;770000;0
1753;ANOSCOPY;STANDARD;767000;0
1754;ASPIRATION;STANDARD;1002000;0
1755;Block Pain;STANDARD;2601000;0
1756;BODY ANALYZER (BIA);STANDARD;342000;0
1757;BONE MARROW PUNCTURE PROCEDURE  (BMP);STANDARD;2464000;0
1758;BRONCHOSCOPY;STANDARD;7365000;1698000
1759;BRONCHOSCOPY + BIOPSI;STANDARD;9730000;0
1760;CATHERIZATION  OR SHEATH OR DRAIN REMOVAL;STANDARD;390000;0
1761;CATHETERIZATION PLACEMENT;STANDARD;652000;0
1762;CIRCUMCISION;STANDARD;3250000;0
1763;COLONOSCOPY;STANDARD;8714000;1379000
1764;COLONOSCOPY + BIOPSY;STANDARD;10294000;0
1765;ERCP AND PAPILLOTOMY;STANDARD;22326000;3388000
1766;ERCP AND SPHINTEROTOMI;STANDARD;13906000;0
1767;ERCP AND SPHINTEROTOMI AND COMPLEX STONE EXTRACTION;STANDARD;28395000;0
1768;ERCP AND SPHINTEROTOMI AND SIMPLE STONE EXTRACTION;STANDARD;21774000;0
1769;ERCP AND SPHINTEROTOMI AND STENT;STANDARD;21774000;0
1770;ERCP DIAGNOSTIC;STANDARD;9472000;1439000
1771;ESOPHAGOSCOPY;STANDARD;4059000;569000
1772;FACET BLOCK MULTI LEVEL (MULTIPLE);STANDARD;6145000;0
1773;FACET BLOCK ONE LEVEL;STANDARD;4592000;0
1774;FEE I_TABLE 1A_CARDIAC SURGERY;STANDARD;1400000;490000
1775;FEE I_TABLE 1A_DENTISTRY;STANDARD;1320000;460000
1776;FEE I_TABLE 1A_ENT / OTORHINOLARYNGOLOGY;STANDARD;1140000;400000
1777;FEE I_TABLE 1A_GENERAL SURGERY;STANDARD;1040000;360000
1778;FEE I_TABLE 1A_NEUROSURGERY;STANDARD;1220000;430000
1779;FEE I_TABLE 1A_OBSTETRICS AND GYNECOLOGY;STANDARD;1010000;350000
1780;FEE I_TABLE 1A_OPHTHALMOLOGY;STANDARD;1050000;370000
1781;FEE I_TABLE 1A_ORTHOPEDIC SURGERY;STANDARD;1070000;370000
1782;FEE I_TABLE 1A_PEDIATRIC SURGERY;STANDARD;1090000;380000
1783;FEE I_TABLE 1A_PLASTIC SURGERY;STANDARD;1320000;460000
1784;FEE I_TABLE 1A_UROLOGICAL SURGERY;STANDARD;1060000;370000
1785;FEE I_TABLE 1B_CARDIAC SURGERY;STANDARD;1680000;590000
1786;FEE I_TABLE 1B_DENTISTRY;STANDARD;1580000;550000
1787;FEE I_TABLE 1B_ENT / OTORHINOLARYNGOLOGY;STANDARD;1680000;590000
1788;FEE I_TABLE 1B_GENERAL SURGERY;STANDARD;1860000;650000
1789;FEE I_TABLE 1B_NEUROSURGERY;STANDARD;1940000;680000
1790;FEE I_TABLE 1B_OBSTETRICS AND GYNECOLOGY;STANDARD;1260000;440000
1791;FEE I_TABLE 1B_OPHTHALMOLOGY;STANDARD;1850000;650000
1792;FEE I_TABLE 1B_ORTHOPEDIC SURGERY;STANDARD;1610000;560000
1793;FEE I_TABLE 1B_PEDIATRIC SURGERY;STANDARD;1820000;640000
1794;FEE I_TABLE 1B_PLASTIC SURGERY;STANDARD;1760000;620000
1795;FEE I_TABLE 1B_UROLOGICAL SURGERY;STANDARD;1760000;620000
1796;FEE I_TABLE 1C_CARDIAC SURGERY;STANDARD;2240000;780000
1797;FEE I_TABLE 1C_DENTISTRY;STANDARD;1850000;650000
1798;FEE I_TABLE 1C_ENT / OTORHINOLARYNGOLOGY;STANDARD;2360000;830000
1799;FEE I_TABLE 1C_GENERAL SURGERY;STANDARD;2600000;910000
1800;FEE I_TABLE 1C_NEUROSURGERY;STANDARD;3150000;1100000
1801;FEE I_TABLE 1C_OBSTETRICS AND GYNECOLOGY;STANDARD;1890000;660000
1802;FEE I_TABLE 1C_OPHTHALMOLOGY;STANDARD;1850000;650000
1803;FEE I_TABLE 1C_ORTHOPEDIC SURGERY;STANDARD;2690000;940000
1804;FEE I_TABLE 1C_PEDIATRIC SURGERY;STANDARD;2730000;960000
1805;FEE I_TABLE 1C_PLASTIC SURGERY;STANDARD;2210000;770000
1806;FEE I_TABLE 1C_UROLOGICAL SURGERY;STANDARD;2210000;770000
1807;FEE I_TABLE 2A_CARDIAC SURGERY;STANDARD;2800000;980000
1808;FEE I_TABLE 2A_DENTISTRY;STANDARD;2110000;740000
1809;FEE I_TABLE 2A_ENT / OTORHINOLARYNGOLOGY;STANDARD;3030000;1060000
1810;FEE I_TABLE 2A_GENERAL SURGERY;STANDARD;3350000;1170000
1811;FEE I_TABLE 2A_NEUROSURGERY;STANDARD;4370000;1530000
1812;FEE I_TABLE 2A_OBSTETRICS AND GYNECOLOGY;STANDARD;2210000;770000
1813;FEE I_TABLE 2A_OPHTHALMOLOGY;STANDARD;2900000;1020000
1814;FEE I_TABLE 2A_ORTHOPEDIC SURGERY;STANDARD;3770000;1320000
1815;FEE I_TABLE 2A_PEDIATRIC SURGERY;STANDARD;3640000;1270000
1816;FEE I_TABLE 2A_PLASTIC SURGERY;STANDARD;3080000;1080000
1817;FEE I_TABLE 2A_UROLOGICAL SURGERY;STANDARD;2650000;930000
1818;FEE I_TABLE 2B_CARDIAC SURGERY;STANDARD;3350000;1170000
1819;FEE I_TABLE 2B_DENTISTRY;STANDARD;2370000;830000
1820;FEE I_TABLE 2B_ENT / OTORHINOLARYNGOLOGY;STANDARD;3700000;1300000
1821;FEE I_TABLE 2B_GENERAL SURGERY;STANDARD;3710000;1300000
1822;FEE I_TABLE 2B_NEUROSURGERY;STANDARD;5570000;1950000
1823;FEE I_TABLE 2B_OBSTETRICS AND GYNECOLOGY;STANDARD;2840000;990000
1824;FEE I_TABLE 2B_OPHTHALMOLOGY;STANDARD;3680000;1290000
1825;FEE I_TABLE 2B_ORTHOPEDIC SURGERY;STANDARD;4850000;1700000
1826;FEE I_TABLE 2B_PEDIATRIC SURGERY;STANDARD;4550000;1590000
1827;FEE I_TABLE 2B_PLASTIC SURGERY;STANDARD;3970000;1390000
1828;FEE I_TABLE 2B_UROLOGICAL SURGERY;STANDARD;3090000;1080000
1829;FEE I_TABLE 2C_CARDIAC SURGERY;STANDARD;3920000;1370000
1830;FEE I_TABLE 2C_DENTISTRY;STANDARD;2630000;920000
1831;FEE I_TABLE 2C_ENT / OTORHINOLARYNGOLOGY;STANDARD;5050000;1770000
1832;FEE I_TABLE 2C_GENERAL SURGERY;STANDARD;4460000;1560000
1833;FEE I_TABLE 2C_NEUROSURGERY;STANDARD;6790000;2380000
1834;FEE I_TABLE 2C_OBSTETRICS AND GYNECOLOGY;STANDARD;3780000;1320000
1835;FEE I_TABLE 2C_OPHTHALMOLOGY;STANDARD;4480000;1570000
1836;FEE I_TABLE 2C_ORTHOPEDIC SURGERY;STANDARD;5920000;2070000
1837;FEE I_TABLE 2C_PEDIATRIC SURGERY;STANDARD;5450000;1910000
1838;FEE I_TABLE 2C_PLASTIC SURGERY;STANDARD;5290000;1850000
1839;FEE I_TABLE 2C_UROLOGICAL SURGERY;STANDARD;3970000;1390000
1840;FEE I_TABLE 3A_CARDIAC SURGERY;STANDARD;4470000;1560000
1841;FEE I_TABLE 3A_DENTISTRY;STANDARD;3950000;1380000
1842;FEE I_TABLE 3A_ENT / OTORHINOLARYNGOLOGY;STANDARD;6050000;2120000
1843;FEE I_TABLE 3A_GENERAL SURGERY;STANDARD;5200000;1820000
1844;FEE I_TABLE 3A_NEUROSURGERY;STANDARD;8000000;2800000
1845;FEE I_TABLE 3A_OBSTETRICS AND GYNECOLOGY;STANDARD;4730000;1660000
1846;FEE I_TABLE 3A_OPHTHALMOLOGY;STANDARD;5270000;1840000
1847;FEE I_TABLE 3A_ORTHOPEDIC SURGERY;STANDARD;6990000;2450000
1848;FEE I_TABLE 3A_PEDIATRIC SURGERY;STANDARD;6360000;2230000
1849;FEE I_TABLE 3A_PLASTIC SURGERY;STANDARD;6170000;2160000
1850;FEE I_TABLE 3A_UROLOGICAL SURGERY;STANDARD;5300000;1860000
1851;FEE I_TABLE 3B_CARDIAC SURGERY;STANDARD;5030000;1760000
1852;FEE I_TABLE 3B_DENTISTRY;STANDARD;5270000;1840000
1853;FEE I_TABLE 3B_ENT / OTORHINOLARYNGOLOGY;STANDARD;6390000;2240000
1854;FEE I_TABLE 3B_GENERAL SURGERY;STANDARD;6320000;2210000
1855;FEE I_TABLE 3B_NEUROSURGERY;STANDARD;9690000;3390000
1856;FEE I_TABLE 3B_OBSTETRICS AND GYNECOLOGY;STANDARD;5360000;1880000
1857;FEE I_TABLE 3B_OPHTHALMOLOGY;STANDARD;5790000;2030000
1858;FEE I_TABLE 3B_ORTHOPEDIC SURGERY;STANDARD;8070000;2820000
1859;FEE I_TABLE 3B_PEDIATRIC SURGERY;STANDARD;7280000;2550000
1860;FEE I_TABLE 3B_PLASTIC SURGERY;STANDARD;7050000;2470000
1861;FEE I_TABLE 3B_UROLOGICAL SURGERY;STANDARD;6170000;2160000
1862;FEE I_TABLE 3C_CARDIAC SURGERY;STANDARD;5600000;1960000
1863;FEE I_TABLE 3C_DENTISTRY;STANDARD;6050000;2120000
1864;FEE I_TABLE 3C_ENT / OTORHINOLARYNGOLOGY;STANDARD;6730000;2360000
1865;FEE I_TABLE 3C_GENERAL SURGERY;STANDARD;7430000;2600000
1866;FEE I_TABLE 3C_NEUROSURGERY;STANDARD;10910000;3820000
1867;FEE I_TABLE 3C_OBSTETRICS AND GYNECOLOGY;STANDARD;6300000;2210000
1868;FEE I_TABLE 3C_OPHTHALMOLOGY;STANDARD;6320000;2210000
1869;FEE I_TABLE 3C_ORTHOPEDIC SURGERY;STANDARD;9140000;3200000
1870;FEE I_TABLE 3C_PEDIATRIC SURGERY;STANDARD;8180000;2860000
1871;FEE I_TABLE 3C_PLASTIC SURGERY;STANDARD;7940000;2780000
1872;FEE I_TABLE 3C_UROLOGICAL SURGERY;STANDARD;7060000;2470000
1873;FEE I_TABLE 4A_CARDIAC SURGERY;STANDARD;6710000;2350000
1874;FEE I_TABLE 4A_DENTISTRY;STANDARD;6850000;2400000
1875;FEE I_TABLE 4A_ENT / OTORHINOLARYNGOLOGY;STANDARD;7070000;2470000
1876;FEE I_TABLE 4A_GENERAL SURGERY;STANDARD;8170000;2860000
1877;FEE I_TABLE 4A_NEUROSURGERY;STANDARD;12110000;4240000
1878;FEE I_TABLE 4A_OBSTETRICS AND GYNECOLOGY;STANDARD;6930000;2430000
1879;FEE I_TABLE 4A_OPHTHALMOLOGY;STANDARD;7370000;2580000
1880;FEE I_TABLE 4A_ORTHOPEDIC SURGERY;STANDARD;9680000;3390000
1881;FEE I_TABLE 4A_PEDIATRIC SURGERY;STANDARD;9090000;3180000
1882;FEE I_TABLE 4A_PLASTIC SURGERY;STANDARD;8810000;3080000
1883;FEE I_TABLE 4A_UROLOGICAL SURGERY;STANDARD;7940000;2780000
1884;FEE I_TABLE 4B_CARDIAC SURGERY;STANDARD;7830000;2740000
1885;FEE I_TABLE 4B_DENTISTRY;STANDARD;7110000;2490000
1886;FEE I_TABLE 4B_ENT / OTORHINOLARYNGOLOGY;STANDARD;7400000;2590000
1887;FEE I_TABLE 4B_GENERAL SURGERY;STANDARD;8910000;3120000
1888;FEE I_TABLE 4B_NEUROSURGERY;STANDARD;14540000;5090000
1889;FEE I_TABLE 4B_OBSTETRICS AND GYNECOLOGY;STANDARD;7560000;2650000
1890;FEE I_TABLE 4B_OPHTHALMOLOGY;STANDARD;7900000;2770000
1891;FEE I_TABLE 4B_ORTHOPEDIC SURGERY;STANDARD;10760000;3770000
1892;FEE I_TABLE 4B_PEDIATRIC SURGERY;STANDARD;10000000;3500000
1893;FEE I_TABLE 4B_PLASTIC SURGERY;STANDARD;9700000;3400000
1894;FEE I_TABLE 4B_UROLOGICAL SURGERY;STANDARD;8820000;3090000
1895;FEE I_TABLE 4C_CARDIAC SURGERY;STANDARD;8950000;3130000
1896;FEE I_TABLE 4C_DENTISTRY;STANDARD;7370000;2580000
1897;FEE I_TABLE 4C_ENT / OTORHINOLARYNGOLOGY;STANDARD;8070000;2820000
1898;FEE I_TABLE 4C_GENERAL SURGERY;STANDARD;10030000;3510000
1899;FEE I_TABLE 4C_NEUROSURGERY;STANDARD;16970000;5940000
1900;FEE I_TABLE 4C_OBSTETRICS AND GYNECOLOGY;STANDARD;8190000;2870000
1901;FEE I_TABLE 4C_OPHTHALMOLOGY;STANDARD;8420000;2950000
1902;FEE I_TABLE 4C_ORTHOPEDIC SURGERY;STANDARD;11300000;3960000
1903;FEE I_TABLE 4C_PEDIATRIC SURGERY;STANDARD;10910000;3820000
1904;FEE I_TABLE 4C_PLASTIC SURGERY;STANDARD;10130000;3550000
1905;FEE I_TABLE 4C_UROLOGICAL SURGERY;STANDARD;9260000;3240000
1906;FEE I_TABLE 5A_CARDIAC SURGERY;STANDARD;10070000;3520000
1907;FEE I_TABLE 5A_DENTISTRY;STANDARD;8420000;2950000
1908;FEE I_TABLE 5A_ENT / OTORHINOLARYNGOLOGY;STANDARD;9080000;3180000
1909;FEE I_TABLE 5A_GENERAL SURGERY;STANDARD;10400000;3640000
1910;FEE I_TABLE 5A_NEUROSURGERY;STANDARD;19390000;6790000
1911;FEE I_TABLE 5A_OBSTETRICS AND GYNECOLOGY;STANDARD;8510000;2980000
1912;FEE I_TABLE 5A_OPHTHALMOLOGY;STANDARD;8950000;3130000
1913;FEE I_TABLE 5A_ORTHOPEDIC SURGERY;STANDARD;11840000;4140000
1914;FEE I_TABLE 5A_PEDIATRIC SURGERY;STANDARD;11820000;4140000
1915;FEE I_TABLE 5A_PLASTIC SURGERY;STANDARD;11020000;3860000
1916;FEE I_TABLE 5A_UROLOGICAL SURGERY;STANDARD;9710000;3400000
1917;FEE I_TABLE 5B_CARDIAC SURGERY;STANDARD;11180000;3910000
1918;FEE I_TABLE 5B_DENTISTRY;STANDARD;9480000;3320000
1919;FEE I_TABLE 5B_ENT / OTORHINOLARYNGOLOGY;STANDARD;9760000;3420000
1920;FEE I_TABLE 5B_GENERAL SURGERY;STANDARD;10770000;3770000
1921;FEE I_TABLE 5B_NEUROSURGERY;STANDARD;21810000;7630000
1922;FEE I_TABLE 5B_OBSTETRICS AND GYNECOLOGY;STANDARD;9140000;3200000
1923;FEE I_TABLE 5B_OPHTHALMOLOGY;STANDARD;9480000;3320000
1924;FEE I_TABLE 5B_ORTHOPEDIC SURGERY;STANDARD;12380000;4330000
1925;FEE I_TABLE 5B_PEDIATRIC SURGERY;STANDARD;12730000;4460000
1926;FEE I_TABLE 5B_PLASTIC SURGERY;STANDARD;11900000;4170000
1927;FEE I_TABLE 5B_UROLOGICAL SURGERY;STANDARD;10580000;3700000
1928;FEE I_TABLE 5C_CARDIAC SURGERY;STANDARD;12300000;4310000
1929;FEE I_TABLE 5C_DENTISTRY;STANDARD;11060000;3870000
1930;FEE I_TABLE 5C_ENT / OTORHINOLARYNGOLOGY;STANDARD;10760000;3770000
1931;FEE I_TABLE 5C_GENERAL SURGERY;STANDARD;11140000;3900000
1932;FEE I_TABLE 5C_NEUROSURGERY;STANDARD;24230000;8480000
1933;FEE I_TABLE 5C_OBSTETRICS AND GYNECOLOGY;STANDARD;10400000;3640000
1934;FEE I_TABLE 5C_OPHTHALMOLOGY;STANDARD;10530000;3690000
1935;FEE I_TABLE 5C_ORTHOPEDIC SURGERY;STANDARD;12910000;4520000
1936;FEE I_TABLE 5C_PEDIATRIC SURGERY;STANDARD;13640000;4770000
1937;FEE I_TABLE 5C_PLASTIC SURGERY;STANDARD;12780000;4470000
1938;FEE I_TABLE 5C_UROLOGICAL SURGERY;STANDARD;11030000;3860000
1939;FEE I_TABLE 6A_CARDIAC SURGERY;STANDARD;13980000;4890000
1940;FEE I_TABLE 6A_DENTISTRY;STANDARD;11850000;4150000
1941;FEE I_TABLE 6A_ENT / OTORHINOLARYNGOLOGY;STANDARD;12110000;4240000
1942;FEE I_TABLE 6A_GENERAL SURGERY;STANDARD;11510000;4030000
1943;FEE I_TABLE 6A_NEUROSURGERY;STANDARD;25440000;8900000
1944;FEE I_TABLE 6A_OBSTETRICS AND GYNECOLOGY;STANDARD;11030000;3860000
1945;FEE I_TABLE 6A_OPHTHALMOLOGY;STANDARD;11580000;4050000
1946;FEE I_TABLE 6A_ORTHOPEDIC SURGERY;STANDARD;13450000;4710000
1947;FEE I_TABLE 6A_PEDIATRIC SURGERY;STANDARD;14540000;5090000
1948;FEE I_TABLE 6A_PLASTIC SURGERY;STANDARD;13660000;4780000
1949;FEE I_TABLE 6A_UROLOGICAL SURGERY;STANDARD;11470000;4010000
1950;FEE I_TABLE 6B_CARDIAC SURGERY;STANDARD;15650000;5480000
1951;FEE I_TABLE 6B_DENTISTRY;STANDARD;13160000;4610000
1952;FEE I_TABLE 6B_ENT / OTORHINOLARYNGOLOGY;STANDARD;13460000;4710000
1953;FEE I_TABLE 6B_GENERAL SURGERY;STANDARD;11880000;4160000
1954;FEE I_TABLE 6B_NEUROSURGERY;STANDARD;26660000;9330000
1955;FEE I_TABLE 6B_OBSTETRICS AND GYNECOLOGY;STANDARD;12290000;4300000
1956;FEE I_TABLE 6B_OPHTHALMOLOGY;STANDARD;12640000;4420000
1957;FEE I_TABLE 6B_ORTHOPEDIC SURGERY;STANDARD;15060000;5270000
1958;FEE I_TABLE 6B_PEDIATRIC SURGERY;STANDARD;15450000;5410000
1959;FEE I_TABLE 6B_PLASTIC SURGERY;STANDARD;14540000;5090000
1960;FEE I_TABLE 6B_UROLOGICAL SURGERY;STANDARD;12350000;4320000
1961;FEE I_TABLE 6C_CARDIAC SURGERY;STANDARD;17330000;6070000
1962;FEE I_TABLE 6C_DENTISTRY;STANDARD;14210000;4970000
1963;FEE I_TABLE 6C_ENT / OTORHINOLARYNGOLOGY;STANDARD;14470000;5060000
1964;FEE I_TABLE 6C_GENERAL SURGERY;STANDARD;12620000;4420000
1965;FEE I_TABLE 6C_NEUROSURGERY;STANDARD;27860000;9750000
1966;FEE I_TABLE 6C_OBSTETRICS AND GYNECOLOGY;STANDARD;13860000;4850000
1967;FEE I_TABLE 6C_OPHTHALMOLOGY;STANDARD;14210000;4970000
1968;FEE I_TABLE 6C_ORTHOPEDIC SURGERY;STANDARD;18290000;6400000
1969;FEE I_TABLE 6C_PEDIATRIC SURGERY;STANDARD;16370000;5730000
1970;FEE I_TABLE 6C_PLASTIC SURGERY;STANDARD;15420000;5400000
1971;FEE I_TABLE 6C_UROLOGICAL SURGERY;STANDARD;13230000;4630000
1972;FEE I_TABLE 7A_CARDIAC SURGERY;STANDARD;19570000;6850000
1973;FEE I_TABLE 7A_DENTISTRY;STANDARD;15800000;5530000
1974;FEE I_TABLE 7A_ENT / OTORHINOLARYNGOLOGY;STANDARD;16150000;5650000
1975;FEE I_TABLE 7A_GENERAL SURGERY;STANDARD;13370000;4680000
1976;FEE I_TABLE 7A_NEUROSURGERY;STANDARD;29080000;10180000
1977;FEE I_TABLE 7A_OBSTETRICS AND GYNECOLOGY;STANDARD;14810000;5180000
1978;FEE I_TABLE 7A_OPHTHALMOLOGY;STANDARD;15800000;5530000
1979;FEE I_TABLE 7A_ORTHOPEDIC SURGERY;STANDARD;22590000;7910000
1980;FEE I_TABLE 7A_PEDIATRIC SURGERY;STANDARD;17270000;6040000
1981;FEE I_TABLE 7A_PLASTIC SURGERY;STANDARD;17630000;6170000
1982;FEE I_TABLE 7A_UROLOGICAL SURGERY;STANDARD;14550000;5090000
1983;FEE I_TABLE 7B_CARDIAC SURGERY;STANDARD;21800000;7630000
1984;FEE I_TABLE 7B_DENTISTRY;STANDARD;18170000;6360000
1985;FEE I_TABLE 7B_ENT / OTORHINOLARYNGOLOGY;STANDARD;17490000;6120000
1986;FEE I_TABLE 7B_GENERAL SURGERY;STANDARD;14850000;5200000
1987;FEE I_TABLE 7B_NEUROSURGERY;STANDARD;31500000;11030000
1988;FEE I_TABLE 7B_OBSTETRICS AND GYNECOLOGY;STANDARD;15750000;5510000
1989;FEE I_TABLE 7B_OPHTHALMOLOGY;STANDARD;17380000;6080000
1990;FEE I_TABLE 7B_ORTHOPEDIC SURGERY;STANDARD;26900000;9420000
1991;FEE I_TABLE 7B_PEDIATRIC SURGERY;STANDARD;18180000;6360000
1992;FEE I_TABLE 7B_PLASTIC SURGERY;STANDARD;19830000;6940000
1993;FEE I_TABLE 7B_UROLOGICAL SURGERY;STANDARD;16760000;5870000
1994;FEE I_TABLE 7C_CARDIAC SURGERY;STANDARD;24050000;8420000
1995;FEE I_TABLE 7C_DENTISTRY;STANDARD;20540000;7190000
1996;FEE I_TABLE 7C_ENT / OTORHINOLARYNGOLOGY;STANDARD;18030000;6310000
1997;FEE I_TABLE 7C_GENERAL SURGERY;STANDARD;15590000;5460000
1998;FEE I_TABLE 7C_NEUROSURGERY;STANDARD;33920000;11870000
1999;FEE I_TABLE 7C_OBSTETRICS AND GYNECOLOGY;STANDARD;16700000;5850000
2000;FEE I_TABLE 7C_OPHTHALMOLOGY;STANDARD;18430000;6450000
2001;FEE I_TABLE 7C_ORTHOPEDIC SURGERY;STANDARD;32280000;11300000
2002;FEE I_TABLE 7C_PEDIATRIC SURGERY;STANDARD;20000000;7000000
2003;FEE I_TABLE 7C_PLASTIC SURGERY;STANDARD;22040000;7710000
2004;FEE I_TABLE 7C_UROLOGICAL SURGERY;STANDARD;18960000;6640000
2005;FEE II_TABLE 1A_CARDIAC SURGERY;STANDARD;1820000;640000
2006;FEE II_TABLE 1A_DENTISTRY;STANDARD;1720000;600000
2007;FEE II_TABLE 1A_DIGESTIVE SURGERY;STANDARD;1490000;520000
2008;FEE II_TABLE 1A_ENT / OTORHINOLARYNGOLOGY;STANDARD;1490000;520000
2009;FEE II_TABLE 1A_NEUROSURGERY;STANDARD;1580000;550000
2010;FEE II_TABLE 1A_OBSTETRICS AND GYNECOLOGY;STANDARD;1310000;460000
2011;FEE II_TABLE 1A_ONCOLOGY SURGERY;STANDARD;1600000;560000
2012;FEE II_TABLE 1A_OPHTHALMOLOGY;STANDARD;1370000;480000
2013;FEE II_TABLE 1A_ORTHOPEDIC SURGERY;STANDARD;1400000;490000
2014;FEE II_TABLE 1A_PEDIATRIC SURGERY;STANDARD;1420000;500000
2015;FEE II_TABLE 1A_PLASTIC SURGERY;STANDARD;1720000;600000
2016;FEE II_TABLE 1A_UROLOGICAL SURGERY;STANDARD;1370000;480000
2017;FEE II_TABLE 1A_VASCULAR SURGERY;STANDARD;1560000;550000
2018;FEE II_TABLE 1B_CARDIAC SURGERY;STANDARD;2180000;760000
2019;FEE II_TABLE 1B_DENTISTRY;STANDARD;2060000;720000
2020;FEE II_TABLE 1B_DIGESTIVE SURGERY;STANDARD;1970000;690000
2021;FEE II_TABLE 1B_ENT / OTORHINOLARYNGOLOGY;STANDARD;2180000;760000
2022;FEE II_TABLE 1B_NEUROSURGERY;STANDARD;2530000;890000
2023;FEE II_TABLE 1B_OBSTETRICS AND GYNECOLOGY;STANDARD;1640000;570000
2024;FEE II_TABLE 1B_ONCOLOGY SURGERY;STANDARD;3200000;1120000
2025;FEE II_TABLE 1B_OPHTHALMOLOGY;STANDARD;2400000;840000
2026;FEE II_TABLE 1B_ORTHOPEDIC SURGERY;STANDARD;2100000;740000
2027;FEE II_TABLE 1B_PEDIATRIC SURGERY;STANDARD;2360000;830000
2028;FEE II_TABLE 1B_PLASTIC SURGERY;STANDARD;2300000;810000
2029;FEE II_TABLE 1B_UROLOGICAL SURGERY;STANDARD;2300000;810000
2030;FEE II_TABLE 1B_VASCULAR SURGERY;STANDARD;2080000;730000
2031;FEE II_TABLE 1C_CARDIAC SURGERY;STANDARD;2900000;1020000
2032;FEE II_TABLE 1C_DENTISTRY;STANDARD;2400000;840000
2033;FEE II_TABLE 1C_DIGESTIVE SURGERY;STANDARD;2960000;1040000
2034;FEE II_TABLE 1C_ENT / OTORHINOLARYNGOLOGY;STANDARD;3060000;1070000
2035;FEE II_TABLE 1C_NEUROSURGERY;STANDARD;4100000;1440000
2036;FEE II_TABLE 1C_OBSTETRICS AND GYNECOLOGY;STANDARD;2460000;860000
2037;FEE II_TABLE 1C_ONCOLOGY SURGERY;STANDARD;4000000;1400000
2038;FEE II_TABLE 1C_OPHTHALMOLOGY;STANDARD;2400000;840000
2039;FEE II_TABLE 1C_ORTHOPEDIC SURGERY;STANDARD;3500000;1230000
2040;FEE II_TABLE 1C_PEDIATRIC SURGERY;STANDARD;3550000;1240000
2041;FEE II_TABLE 1C_PLASTIC SURGERY;STANDARD;2870000;1000000
2042;FEE II_TABLE 1C_UROLOGICAL SURGERY;STANDARD;2870000;1000000
2043;FEE II_TABLE 1C_VASCULAR SURGERY;STANDARD;2600000;910000
2044;FEE II_TABLE 2A_CARDIAC SURGERY;STANDARD;3640000;1270000
2045;FEE II_TABLE 2A_DENTISTRY;STANDARD;2740000;960000
2046;FEE II_TABLE 2A_DIGESTIVE SURGERY;STANDARD;3940000;1380000
2047;FEE II_TABLE 2A_ENT / OTORHINOLARYNGOLOGY;STANDARD;3940000;1380000
2048;FEE II_TABLE 2A_NEUROSURGERY;STANDARD;5680000;1990000
2049;FEE II_TABLE 2A_OBSTETRICS AND GYNECOLOGY;STANDARD;2870000;1000000
2050;FEE II_TABLE 2A_ONCOLOGY SURGERY;STANDARD;4790000;1680000
2051;FEE II_TABLE 2A_OPHTHALMOLOGY;STANDARD;3770000;1320000
2052;FEE II_TABLE 2A_ORTHOPEDIC SURGERY;STANDARD;4900000;1720000
2053;FEE II_TABLE 2A_PEDIATRIC SURGERY;STANDARD;4730000;1660000
2054;FEE II_TABLE 2A_PLASTIC SURGERY;STANDARD;4010000;1400000
2055;FEE II_TABLE 2A_UROLOGICAL SURGERY;STANDARD;3440000;1200000
2056;FEE II_TABLE 2A_VASCULAR SURGERY;STANDARD;3120000;1090000
2057;FEE II_TABLE 2B_CARDIAC SURGERY;STANDARD;4360000;1530000
2058;FEE II_TABLE 2B_DENTISTRY;STANDARD;3080000;1080000
2059;FEE II_TABLE 2B_DIGESTIVE SURGERY;STANDARD;4930000;1730000
2060;FEE II_TABLE 2B_ENT / OTORHINOLARYNGOLOGY;STANDARD;4810000;1680000
2061;FEE II_TABLE 2B_NEUROSURGERY;STANDARD;7250000;2540000
2062;FEE II_TABLE 2B_OBSTETRICS AND GYNECOLOGY;STANDARD;3680000;1290000
2063;FEE II_TABLE 2B_ONCOLOGY SURGERY;STANDARD;5590000;1960000
2064;FEE II_TABLE 2B_OPHTHALMOLOGY;STANDARD;4790000;1680000
2065;FEE II_TABLE 2B_ORTHOPEDIC SURGERY;STANDARD;6300000;2210000
2066;FEE II_TABLE 2B_PEDIATRIC SURGERY;STANDARD;5910000;2070000
2067;FEE II_TABLE 2B_PLASTIC SURGERY;STANDARD;5160000;1810000
2068;FEE II_TABLE 2B_UROLOGICAL SURGERY;STANDARD;4020000;1410000
2069;FEE II_TABLE 2B_VASCULAR SURGERY;STANDARD;4160000;1460000
2070;FEE II_TABLE 2C_CARDIAC SURGERY;STANDARD;5090000;1780000
2071;FEE II_TABLE 2C_DENTISTRY;STANDARD;3420000;1200000
2072;FEE II_TABLE 2C_DIGESTIVE SURGERY;STANDARD;5910000;2070000
2073;FEE II_TABLE 2C_ENT / OTORHINOLARYNGOLOGY;STANDARD;6560000;2300000
2074;FEE II_TABLE 2C_NEUROSURGERY;STANDARD;8830000;3090000
2075;FEE II_TABLE 2C_OBSTETRICS AND GYNECOLOGY;STANDARD;4910000;1720000
2076;FEE II_TABLE 2C_ONCOLOGY SURGERY;STANDARD;7190000;2520000
2077;FEE II_TABLE 2C_OPHTHALMOLOGY;STANDARD;5820000;2040000
2078;FEE II_TABLE 2C_ORTHOPEDIC SURGERY;STANDARD;7700000;2700000
2079;FEE II_TABLE 2C_PEDIATRIC SURGERY;STANDARD;7090000;2480000
2080;FEE II_TABLE 2C_PLASTIC SURGERY;STANDARD;6880000;2410000
2081;FEE II_TABLE 2C_UROLOGICAL SURGERY;STANDARD;5160000;1810000
2082;FEE II_TABLE 2C_VASCULAR SURGERY;STANDARD;5200000;1820000
2083;FEE II_TABLE 3A_CARDIAC SURGERY;STANDARD;5810000;2030000
2084;FEE II_TABLE 3A_DENTISTRY;STANDARD;5140000;1800000
2085;FEE II_TABLE 3A_DIGESTIVE SURGERY;STANDARD;7280000;2550000
2086;FEE II_TABLE 3A_ENT / OTORHINOLARYNGOLOGY;STANDARD;7870000;2750000
2087;FEE II_TABLE 3A_NEUROSURGERY;STANDARD;10400000;3640000
2088;FEE II_TABLE 3A_OBSTETRICS AND GYNECOLOGY;STANDARD;6140000;2150000
2089;FEE II_TABLE 3A_ONCOLOGY SURGERY;STANDARD;8780000;3070000
2090;FEE II_TABLE 3A_OPHTHALMOLOGY;STANDARD;6850000;2400000
2091;FEE II_TABLE 3A_ORTHOPEDIC SURGERY;STANDARD;9090000;3180000
2092;FEE II_TABLE 3A_PEDIATRIC SURGERY;STANDARD;8270000;2890000
2093;FEE II_TABLE 3A_PLASTIC SURGERY;STANDARD;8030000;2810000
2094;FEE II_TABLE 3A_UROLOGICAL SURGERY;STANDARD;6890000;2410000
2095;FEE II_TABLE 3A_VASCULAR SURGERY;STANDARD;6230000;2180000
2096;FEE II_TABLE 3B_CARDIAC SURGERY;STANDARD;6540000;2290000
2097;FEE II_TABLE 3B_DENTISTRY;STANDARD;6850000;2400000
2098;FEE II_TABLE 3B_DIGESTIVE SURGERY;STANDARD;8380000;2930000
2099;FEE II_TABLE 3B_ENT / OTORHINOLARYNGOLOGY;STANDARD;8310000;2910000
2100;FEE II_TABLE 3B_NEUROSURGERY;STANDARD;12600000;4410000
2101;FEE II_TABLE 3B_OBSTETRICS AND GYNECOLOGY;STANDARD;6960000;2440000
2102;FEE II_TABLE 3B_ONCOLOGY SURGERY;STANDARD;9590000;3360000
2103;FEE II_TABLE 3B_OPHTHALMOLOGY;STANDARD;7530000;2640000
2104;FEE II_TABLE 3B_ORTHOPEDIC SURGERY;STANDARD;10490000;3670000
2105;FEE II_TABLE 3B_PEDIATRIC SURGERY;STANDARD;9460000;3310000
2106;FEE II_TABLE 3B_PLASTIC SURGERY;STANDARD;9170000;3210000
2107;FEE II_TABLE 3B_UROLOGICAL SURGERY;STANDARD;8030000;2810000
2108;FEE II_TABLE 3B_VASCULAR SURGERY;STANDARD;7280000;2550000
2109;FEE II_TABLE 3C_CARDIAC SURGERY;STANDARD;7280000;2550000
2110;FEE II_TABLE 3C_DENTISTRY;STANDARD;7870000;2750000
2111;FEE II_TABLE 3C_DIGESTIVE SURGERY;STANDARD;9360000;3280000
2112;FEE II_TABLE 3C_ENT / OTORHINOLARYNGOLOGY;STANDARD;8750000;3060000
2113;FEE II_TABLE 3C_NEUROSURGERY;STANDARD;14180000;4960000
2114;FEE II_TABLE 3C_OBSTETRICS AND GYNECOLOGY;STANDARD;8190000;2870000
2115;FEE II_TABLE 3C_ONCOLOGY SURGERY;STANDARD;11180000;3910000
2116;FEE II_TABLE 3C_OPHTHALMOLOGY;STANDARD;8210000;2870000
2117;FEE II_TABLE 3C_ORTHOPEDIC SURGERY;STANDARD;11890000;4160000
2118;FEE II_TABLE 3C_PEDIATRIC SURGERY;STANDARD;10640000;3720000
2119;FEE II_TABLE 3C_PLASTIC SURGERY;STANDARD;10310000;3610000
2120;FEE II_TABLE 3C_UROLOGICAL SURGERY;STANDARD;9170000;3210000
2121;FEE II_TABLE 3C_VASCULAR SURGERY;STANDARD;8310000;2910000
2122;FEE II_TABLE 4A_CARDIAC SURGERY;STANDARD;8730000;3060000
2123;FEE II_TABLE 4A_DENTISTRY;STANDARD;8900000;3120000
2124;FEE II_TABLE 4A_DIGESTIVE SURGERY;STANDARD;9850000;3450000
2125;FEE II_TABLE 4A_ENT / OTORHINOLARYNGOLOGY;STANDARD;9190000;3220000
2126;FEE II_TABLE 4A_NEUROSURGERY;STANDARD;15750000;5510000
2127;FEE II_TABLE 4A_OBSTETRICS AND GYNECOLOGY;STANDARD;9010000;3150000
2128;FEE II_TABLE 4A_ONCOLOGY SURGERY;STANDARD;11990000;4200000
2129;FEE II_TABLE 4A_OPHTHALMOLOGY;STANDARD;9590000;3360000
2130;FEE II_TABLE 4A_ORTHOPEDIC SURGERY;STANDARD;12590000;4410000
2131;FEE II_TABLE 4A_PEDIATRIC SURGERY;STANDARD;11820000;4140000
2132;FEE II_TABLE 4A_PLASTIC SURGERY;STANDARD;11460000;4010000
2133;FEE II_TABLE 4A_UROLOGICAL SURGERY;STANDARD;10310000;3610000
2134;FEE II_TABLE 4A_VASCULAR SURGERY;STANDARD;9350000;3270000
2135;FEE II_TABLE 4B_CARDIAC SURGERY;STANDARD;10180000;3560000
2136;FEE II_TABLE 4B_DENTISTRY;STANDARD;9240000;3230000
2137;FEE II_TABLE 4B_DIGESTIVE SURGERY;STANDARD;10830000;3790000
2138;FEE II_TABLE 4B_ENT / OTORHINOLARYNGOLOGY;STANDARD;9620000;3370000
2139;FEE II_TABLE 4B_NEUROSURGERY;STANDARD;18910000;6620000
2140;FEE II_TABLE 4B_OBSTETRICS AND GYNECOLOGY;STANDARD;9830000;3440000
2141;FEE II_TABLE 4B_ONCOLOGY SURGERY;STANDARD;13580000;4750000
2142;FEE II_TABLE 4B_OPHTHALMOLOGY;STANDARD;10270000;3590000
2143;FEE II_TABLE 4B_ORTHOPEDIC SURGERY;STANDARD;14000000;4900000
2144;FEE II_TABLE 4B_PEDIATRIC SURGERY;STANDARD;13000000;4550000
2145;FEE II_TABLE 4B_PLASTIC SURGERY;STANDARD;12610000;4410000
2146;FEE II_TABLE 4B_UROLOGICAL SURGERY;STANDARD;11470000;4010000
2147;FEE II_TABLE 4B_VASCULAR SURGERY;STANDARD;10390000;3640000
2148;FEE II_TABLE 4C_CARDIAC SURGERY;STANDARD;11630000;4070000
2149;FEE II_TABLE 4C_DENTISTRY;STANDARD;9590000;3360000
2150;FEE II_TABLE 4C_DIGESTIVE SURGERY;STANDARD;11820000;4140000
2151;FEE II_TABLE 4C_ENT / OTORHINOLARYNGOLOGY;STANDARD;10490000;3670000
2152;FEE II_TABLE 4C_NEUROSURGERY;STANDARD;22060000;7720000
2153;FEE II_TABLE 4C_OBSTETRICS AND GYNECOLOGY;STANDARD;10650000;3730000
2154;FEE II_TABLE 4C_ONCOLOGY SURGERY;STANDARD;15170000;5310000
2155;FEE II_TABLE 4C_OPHTHALMOLOGY;STANDARD;10950000;3830000
2156;FEE II_TABLE 4C_ORTHOPEDIC SURGERY;STANDARD;14690000;5140000
2157;FEE II_TABLE 4C_PEDIATRIC SURGERY;STANDARD;14180000;4960000
2158;FEE II_TABLE 4C_PLASTIC SURGERY;STANDARD;13170000;4610000
2159;FEE II_TABLE 4C_UROLOGICAL SURGERY;STANDARD;12050000;4220000
2160;FEE II_TABLE 4C_VASCULAR SURGERY;STANDARD;11430000;4000000
2161;FEE II_TABLE 5A_CARDIAC SURGERY;STANDARD;13090000;4580000
2162;FEE II_TABLE 5A_DENTISTRY;STANDARD;10950000;3830000
2163;FEE II_TABLE 5A_DIGESTIVE SURGERY;STANDARD;12800000;4480000
2164;FEE II_TABLE 5A_ENT / OTORHINOLARYNGOLOGY;STANDARD;11810000;4130000
2165;FEE II_TABLE 5A_NEUROSURGERY;STANDARD;25210000;8820000
2166;FEE II_TABLE 5A_OBSTETRICS AND GYNECOLOGY;STANDARD;11060000;3870000
2167;FEE II_TABLE 5A_ONCOLOGY SURGERY;STANDARD;15970000;5590000
2168;FEE II_TABLE 5A_OPHTHALMOLOGY;STANDARD;11630000;4070000
2169;FEE II_TABLE 5A_ORTHOPEDIC SURGERY;STANDARD;15380000;5380000
2170;FEE II_TABLE 5A_PEDIATRIC SURGERY;STANDARD;15370000;5380000
2171;FEE II_TABLE 5A_PLASTIC SURGERY;STANDARD;14330000;5020000
2172;FEE II_TABLE 5A_UROLOGICAL SURGERY;STANDARD;12620000;4420000
2173;FEE II_TABLE 5A_VASCULAR SURGERY;STANDARD;12460000;4360000
2174;FEE II_TABLE 5B_CARDIAC SURGERY;STANDARD;14540000;5090000
2175;FEE II_TABLE 5B_DENTISTRY;STANDARD;12320000;4310000
2176;FEE II_TABLE 5B_DIGESTIVE SURGERY;STANDARD;13790000;4830000
2177;FEE II_TABLE 5B_ENT / OTORHINOLARYNGOLOGY;STANDARD;12680000;4440000
2178;FEE II_TABLE 5B_NEUROSURGERY;STANDARD;28350000;9920000
2179;FEE II_TABLE 5B_OBSTETRICS AND GYNECOLOGY;STANDARD;11870000;4150000
2180;FEE II_TABLE 5B_ONCOLOGY SURGERY;STANDARD;17570000;6150000
2181;FEE II_TABLE 5B_OPHTHALMOLOGY;STANDARD;12320000;4310000
2182;FEE II_TABLE 5B_ORTHOPEDIC SURGERY;STANDARD;16090000;5630000
2183;FEE II_TABLE 5B_PEDIATRIC SURGERY;STANDARD;16550000;5790000
2184;FEE II_TABLE 5B_PLASTIC SURGERY;STANDARD;15470000;5410000
2185;FEE II_TABLE 5B_UROLOGICAL SURGERY;STANDARD;13760000;4820000
2186;FEE II_TABLE 5B_VASCULAR SURGERY;STANDARD;13510000;4730000
2187;FEE II_TABLE 5C_CARDIAC SURGERY;STANDARD;15990000;5600000
2188;FEE II_TABLE 5C_DENTISTRY;STANDARD;14370000;5030000
2189;FEE II_TABLE 5C_DIGESTIVE SURGERY;STANDARD;14780000;5170000
2190;FEE II_TABLE 5C_ENT / OTORHINOLARYNGOLOGY;STANDARD;14000000;4900000
2191;FEE II_TABLE 5C_NEUROSURGERY;STANDARD;31500000;11030000
2192;FEE II_TABLE 5C_OBSTETRICS AND GYNECOLOGY;STANDARD;13520000;4730000
2193;FEE II_TABLE 5C_ONCOLOGY SURGERY;STANDARD;19170000;6710000
2194;FEE II_TABLE 5C_OPHTHALMOLOGY;STANDARD;13690000;4790000
2195;FEE II_TABLE 5C_ORTHOPEDIC SURGERY;STANDARD;16780000;5870000
2196;FEE II_TABLE 5C_PEDIATRIC SURGERY;STANDARD;17720000;6200000
2197;FEE II_TABLE 5C_PLASTIC SURGERY;STANDARD;16610000;5810000
2198;FEE II_TABLE 5C_UROLOGICAL SURGERY;STANDARD;14330000;5020000
2199;FEE II_TABLE 5C_VASCULAR SURGERY;STANDARD;14540000;5090000
2200;FEE II_TABLE 6A_CARDIAC SURGERY;STANDARD;18170000;6360000
2201;FEE II_TABLE 6A_DENTISTRY;STANDARD;15410000;5390000
2202;FEE II_TABLE 6A_DIGESTIVE SURGERY;STANDARD;15760000;5520000
2203;FEE II_TABLE 6A_ENT / OTORHINOLARYNGOLOGY;STANDARD;15750000;5510000
2204;FEE II_TABLE 6A_NEUROSURGERY;STANDARD;33080000;11580000
2205;FEE II_TABLE 6A_OBSTETRICS AND GYNECOLOGY;STANDARD;14330000;5020000
2206;FEE II_TABLE 6A_ONCOLOGY SURGERY;STANDARD;20760000;7270000
2207;FEE II_TABLE 6A_OPHTHALMOLOGY;STANDARD;15050000;5270000
2208;FEE II_TABLE 6A_ORTHOPEDIC SURGERY;STANDARD;17480000;6120000
2209;FEE II_TABLE 6A_PEDIATRIC SURGERY;STANDARD;18910000;6620000
2210;FEE II_TABLE 6A_PLASTIC SURGERY;STANDARD;17750000;6210000
2211;FEE II_TABLE 6A_UROLOGICAL SURGERY;STANDARD;14910000;5220000
2212;FEE II_TABLE 6A_VASCULAR SURGERY;STANDARD;16610000;5810000
2213;FEE II_TABLE 6B_CARDIAC SURGERY;STANDARD;20350000;7120000
2214;FEE II_TABLE 6B_DENTISTRY;STANDARD;17120000;5990000
2215;FEE II_TABLE 6B_DIGESTIVE SURGERY;STANDARD;16740000;5860000
2216;FEE II_TABLE 6B_ENT / OTORHINOLARYNGOLOGY;STANDARD;17490000;6120000
2217;FEE II_TABLE 6B_NEUROSURGERY;STANDARD;34650000;12130000
2218;FEE II_TABLE 6B_OBSTETRICS AND GYNECOLOGY;STANDARD;15970000;5590000
2219;FEE II_TABLE 6B_ONCOLOGY SURGERY;STANDARD;22360000;7830000
2220;FEE II_TABLE 6B_OPHTHALMOLOGY;STANDARD;16430000;5750000
2221;FEE II_TABLE 6B_ORTHOPEDIC SURGERY;STANDARD;19580000;6850000
2222;FEE II_TABLE 6B_PEDIATRIC SURGERY;STANDARD;20090000;7030000
2223;FEE II_TABLE 6B_PLASTIC SURGERY;STANDARD;18910000;6620000
2224;FEE II_TABLE 6B_UROLOGICAL SURGERY;STANDARD;16050000;5620000
2225;FEE II_TABLE 6B_VASCULAR SURGERY;STANDARD;18690000;6540000
2226;FEE II_TABLE 6C_CARDIAC SURGERY;STANDARD;22530000;7890000
2227;FEE II_TABLE 6C_DENTISTRY;STANDARD;18480000;6470000
2228;FEE II_TABLE 6C_DIGESTIVE SURGERY;STANDARD;17720000;6200000
2229;FEE II_TABLE 6C_ENT / OTORHINOLARYNGOLOGY;STANDARD;18810000;6580000
2230;FEE II_TABLE 6C_NEUROSURGERY;STANDARD;36230000;12680000
2231;FEE II_TABLE 6C_OBSTETRICS AND GYNECOLOGY;STANDARD;18020000;6310000
2232;FEE II_TABLE 6C_ONCOLOGY SURGERY;STANDARD;23960000;8390000
2233;FEE II_TABLE 6C_OPHTHALMOLOGY;STANDARD;18480000;6470000
2234;FEE II_TABLE 6C_ORTHOPEDIC SURGERY;STANDARD;23780000;8320000
2235;FEE II_TABLE 6C_PEDIATRIC SURGERY;STANDARD;21280000;7450000
2236;FEE II_TABLE 6C_PLASTIC SURGERY;STANDARD;20050000;7020000
2237;FEE II_TABLE 6C_UROLOGICAL SURGERY;STANDARD;17200000;6020000
2238;FEE II_TABLE 6C_VASCULAR SURGERY;STANDARD;20770000;7270000
2239;FEE II_TABLE 7A_CARDIAC SURGERY;STANDARD;25440000;8900000
2240;FEE II_TABLE 7A_DENTISTRY;STANDARD;20540000;7190000
2241;FEE II_TABLE 7A_DIGESTIVE SURGERY;STANDARD;18710000;6550000
2242;FEE II_TABLE 7A_ENT / OTORHINOLARYNGOLOGY;STANDARD;20990000;7350000
2243;FEE II_TABLE 7A_NEUROSURGERY;STANDARD;37800000;13230000
2244;FEE II_TABLE 7A_OBSTETRICS AND GYNECOLOGY;STANDARD;19250000;6740000
2245;FEE II_TABLE 7A_ONCOLOGY SURGERY;STANDARD;25550000;8940000
2246;FEE II_TABLE 7A_OPHTHALMOLOGY;STANDARD;20540000;7190000
2247;FEE II_TABLE 7A_ORTHOPEDIC SURGERY;STANDARD;29370000;10280000
2248;FEE II_TABLE 7A_PEDIATRIC SURGERY;STANDARD;22460000;7860000
2249;FEE II_TABLE 7A_PLASTIC SURGERY;STANDARD;22910000;8020000
2250;FEE II_TABLE 7A_UROLOGICAL SURGERY;STANDARD;18920000;6620000
2251;FEE II_TABLE 7A_VASCULAR SURGERY;STANDARD;23890000;8360000
2252;FEE II_TABLE 7B_CARDIAC SURGERY;STANDARD;28340000;9920000
2253;FEE II_TABLE 7B_DENTISTRY;STANDARD;23620000;8270000
2254;FEE II_TABLE 7B_DIGESTIVE SURGERY;STANDARD;19700000;6900000
2255;FEE II_TABLE 7B_ENT / OTORHINOLARYNGOLOGY;STANDARD;22740000;7960000
2256;FEE II_TABLE 7B_NEUROSURGERY;STANDARD;40950000;14330000
2257;FEE II_TABLE 7B_OBSTETRICS AND GYNECOLOGY;STANDARD;20480000;7170000
2258;FEE II_TABLE 7B_ONCOLOGY SURGERY;STANDARD;28740000;10060000
2259;FEE II_TABLE 7B_OPHTHALMOLOGY;STANDARD;22590000;7910000
2260;FEE II_TABLE 7B_ORTHOPEDIC SURGERY;STANDARD;34970000;12240000
2261;FEE II_TABLE 7B_PEDIATRIC SURGERY;STANDARD;23630000;8270000
2262;FEE II_TABLE 7B_PLASTIC SURGERY;STANDARD;25780000;9020000
2263;FEE II_TABLE 7B_UROLOGICAL SURGERY;STANDARD;21780000;7620000
2264;FEE II_TABLE 7B_VASCULAR SURGERY;STANDARD;27000000;9450000
2265;FEE II_TABLE 7C_CARDIAC SURGERY;STANDARD;31260000;10940000
2266;FEE II_TABLE 7C_DENTISTRY;STANDARD;26690000;9340000
2267;FEE II_TABLE 7C_DIGESTIVE SURGERY;STANDARD;21670000;7580000
2268;FEE II_TABLE 7C_ENT / OTORHINOLARYNGOLOGY;STANDARD;23440000;8200000
2269;FEE II_TABLE 7C_NEUROSURGERY;STANDARD;44100000;15440000
2270;FEE II_TABLE 7C_OBSTETRICS AND GYNECOLOGY;STANDARD;21710000;7600000
2271;FEE II_TABLE 7C_ONCOLOGY SURGERY;STANDARD;31940000;11180000
2272;FEE II_TABLE 7C_OPHTHALMOLOGY;STANDARD;23960000;8390000
2273;FEE II_TABLE 7C_ORTHOPEDIC SURGERY;STANDARD;41960000;14690000
2274;FEE II_TABLE 7C_PEDIATRIC SURGERY;STANDARD;26000000;9100000
2275;FEE II_TABLE 7C_PLASTIC SURGERY;STANDARD;28640000;10020000
2276;FEE II_TABLE 7C_UROLOGICAL SURGERY;STANDARD;24650000;8630000
2277;FEE II_TABLE 7C_VASCULAR SURGERY;STANDARD;30120000;10540000
2278;FNAB;STANDARD;660000;0
2279;FNAB USG GUIDED PROCEDURE;STANDARD;1531000;0
2280;FOREIGN BODY REMOVAL;STANDARD;4059000;571000
2281;FOREIGN BODY REMOVAL ;STANDARD;4059000;0
2282;GASTRIC BALLON (INSERTION);STANDARD;12177000;1849000
2283;GASTRIC BALLON (REMOVAL);STANDARD;12177000;1849000
2284;GASTRODUODENOSCOPY AND COLONOSCOPY;STANDARD;12177000;1796000
2285;GASTROSCOPY;STANDARD;7901000;1226000
2286;GASTROSCOPY + BIOPSY;STANDARD;9554000;0
2287;GASTROSCOPY AND COLONOSCOPY ;STANDARD;13377000;2064000
2288;INJECTION FOR VACCINE PROCEDURE ;STANDARD;195000;0
2289;INJECTION INTRAARTICULAR;STANDARD;822000;0
2290;INJECTION TENDER POINT / TRIGGER POINT;STANDARD;781000;0
2291;INSERTION OF NGT / OGT;STANDARD;650000;0
2292;INTRA OSSEUS CATH;STANDARD;809000;0
2293;INTRALESIONAL INJECTION / INJEKSI INTRALESI;STANDARD;470000;0
2294;KIDNEY BIOPSY;STANDARD;6359000;0
2295;KONSULTASI LAKTASI;STANDARD;143000;0
2296;LAVAGE LAUNDRY;STANDARD;582000;0
2297;LYPECTOMY (LYPOMA) Q >10  REGIO > 3;STANDARD;3215000;0
2298;LYPECTOMY (LYPOMA) Q ≤ 10 REGIO ≤ 3;STANDARD;2104000;0
2299;MMSE (MINI MENTAL STATE EXAMINATION);STANDARD;567000;0
2300;NECROTOMY;STANDARD;667000;0
2301;PASANG VENTILATOR;STANDARD;413000;0
2302;PATCH TEST;STANDARD;2600000;0
2303;PEMASANGAN PIGTAIL DENGAN USG GUIDED;STANDARD;3640000;0
2304;PEMASANGAN PIGTAIL TANPA USG GUIDED;STANDARD;2860000;0
2305;PH METRIX;STANDARD;12177000;0
2306;PH METRIX OHMEGA;STANDARD;14208000;0
2307;PHLEBOTOMY PROCEDURE;STANDARD;767000;0
2308;POLIPECTOMY;STANDARD;9702000;1494000
2309;PRICK TEST;STANDARD;2600000;0
2310;PRICK TEST _ 1;STANDARD;1732000;0
2311;PUNKSI ABDOMINAL;STANDARD;1661000;0
2312;PUNKSI SENDI;STANDARD;846000;0
2313;PUSH ENTEROSCOPY;STANDARD;7904000;1260000
2314;READING EEG;STANDARD;140000;0
2315;RECTOSCOPY;STANDARD;2155000;0
2316;REKTOSIGMOIDOSCOPY;STANDARD;5427000;842000
2317;REKTOSIGMOIDOSCOPY + BIOPSY;STANDARD;7214000;0
2318;REMOVE / AFF CVC;STANDARD;667000;0
2319;REMOVE / AFF WSD / CHEST TUBE;STANDARD;1104000;0
2320;RESUCITATION FEE  LESS THAN 1 HOUR(PER HOUR);STANDARD;1012000;0
2321;RESUCITATION FEE  MORE THAN 1 HOUR(PER HOUR);STANDARD;414000;0
2322;RIGHT TO LEFT SHUNT TEST;STANDARD;993000;0
2323;RUBBER BAND LIGATION;STANDARD;1446000;0
2324;SKLEROTHERAPI;STANDARD;7547000;1194000
2325;SKRINING USG FETOMATERNAL;STANDARD;2183500;0
2326;TINDAKAN / BEDAH MINOR A;STANDARD;1326000;0
2327;Tindakan / Bedah Minor B;STANDARD;1989000;0
2328;TINDAKAN CHEMOTHERAPY;STANDARD;1149000;0
2329;TINDAKAN DC SHOCK;STANDARD;525000;0
2330;TOUNGE TIED KLINIK LAKTASI;STANDARD;439000;0
2331;TRACHEOSTOMY;STANDARD;3710000;0
2332;TRACHEOSTOMY REMOVAL OR REPLACE;STANDARD;827000;0
2333;TRANSFORAMINAL BLOCK MULTILEVEL (MULTIPLE);STANDARD;6145000;0
2334;TRANSFORAMINAL BLOCK ONE LEVEL;STANDARD;4592000;0
2335;VENA SECTIE;STANDARD;1002000;0
2336;ANOSCOPY;DELUXE;826000;0
2337;ASPIRATION;DELUXE;1080000;0
2338;Block Pain;DELUXE;2800000;0
2339;BODY ANALYZER (BIA);DELUXE;367000;0
2340;BONE MARROW PUNCTURE PROCEDURE  (BMP);DELUXE;2655000;0
2341;BRONCHOSCOPY;DELUXE;8739000;2092000
2342;BRONCHOSCOPY + BIOPSI;DELUXE;11545000;0
2343;CATHERIZATION  OR SHEATH OR DRAIN REMOVAL;DELUXE;420000;0
2344;CATHETERIZATION PLACEMENT;DELUXE;702000;0
2345;CIRCUMCISION;DELUXE;3501000;0
2346;COLONOSCOPY;DELUXE;10340000;1693000
2347;COLONOSCOPY + BIOPSY;DELUXE;12215000;0
2348;ERCP AND PAPILLOTOMY;DELUXE;26491000;4156000
2349;ERCP AND SPHINTEROTOMI;DELUXE;16500000;0
2350;ERCP AND SPHINTEROTOMI AND COMPLEX STONE EXTRACTION;DELUXE;33693000;0
2351;ERCP AND SPHINTEROTOMI AND SIMPLE STONE EXTRACTION;DELUXE;25836000;0
2352;ERCP AND SPHINTEROTOMI AND STENT;DELUXE;25836000;0
2353;ERCP DIAGNOSTIC;DELUXE;11240000;1764000
2354;ESOPHAGOSCOPY;DELUXE;4817000;676000
2355;FACET BLOCK MULTI LEVEL (MULTIPLE);DELUXE;6401000;0
2356;FACET BLOCK ONE LEVEL;DELUXE;4783000;0
2357;FEE I_TABLE 1A_CARDIAC SURGERY;DELUXE;1860000;650000
2358;FEE I_TABLE 1A_DENTISTRY;DELUXE;1760000;620000
2359;FEE I_TABLE 1A_ENT / OTORHINOLARYNGOLOGY;DELUXE;1520000;530000
2360;FEE I_TABLE 1A_GENERAL SURGERY;DELUXE;1390000;490000
2361;FEE I_TABLE 1A_NEUROSURGERY;DELUXE;1620000;570000
2362;FEE I_TABLE 1A_OBSTETRICS AND GYNECOLOGY;DELUXE;1340000;470000
2363;FEE I_TABLE 1A_OPHTHALMOLOGY;DELUXE;1400000;490000
2364;FEE I_TABLE 1A_ORTHOPEDIC SURGERY;DELUXE;1430000;500000
2365;FEE I_TABLE 1A_PEDIATRIC SURGERY;DELUXE;1450000;510000
2366;FEE I_TABLE 1A_PLASTIC SURGERY;DELUXE;1760000;620000
2367;FEE I_TABLE 1A_UROLOGICAL SURGERY;DELUXE;1410000;490000
2368;FEE I_TABLE 1B_CARDIAC SURGERY;DELUXE;2240000;780000
2369;FEE I_TABLE 1B_DENTISTRY;DELUXE;2110000;740000
2370;FEE I_TABLE 1B_ENT / OTORHINOLARYNGOLOGY;DELUXE;2240000;780000
2371;FEE I_TABLE 1B_GENERAL SURGERY;DELUXE;2480000;870000
2372;FEE I_TABLE 1B_NEUROSURGERY;DELUXE;2590000;910000
2373;FEE I_TABLE 1B_OBSTETRICS AND GYNECOLOGY;DELUXE;1680000;590000
2374;FEE I_TABLE 1B_OPHTHALMOLOGY;DELUXE;2460000;860000
2375;FEE I_TABLE 1B_ORTHOPEDIC SURGERY;DELUXE;2150000;750000
2376;FEE I_TABLE 1B_PEDIATRIC SURGERY;DELUXE;2420000;850000
2377;FEE I_TABLE 1B_PLASTIC SURGERY;DELUXE;2350000;820000
2378;FEE I_TABLE 1B_UROLOGICAL SURGERY;DELUXE;2350000;820000
2379;FEE I_TABLE 1C_CARDIAC SURGERY;DELUXE;2980000;1040000
2380;FEE I_TABLE 1C_DENTISTRY;DELUXE;2460000;860000
2381;FEE I_TABLE 1C_ENT / OTORHINOLARYNGOLOGY;DELUXE;3140000;1100000
2382;FEE I_TABLE 1C_GENERAL SURGERY;DELUXE;3470000;1210000
2383;FEE I_TABLE 1C_NEUROSURGERY;DELUXE;4200000;1470000
2384;FEE I_TABLE 1C_OBSTETRICS AND GYNECOLOGY;DELUXE;2520000;880000
2385;FEE I_TABLE 1C_OPHTHALMOLOGY;DELUXE;2460000;860000
2386;FEE I_TABLE 1C_ORTHOPEDIC SURGERY;DELUXE;3590000;1260000
2387;FEE I_TABLE 1C_PEDIATRIC SURGERY;DELUXE;3640000;1270000
2388;FEE I_TABLE 1C_PLASTIC SURGERY;DELUXE;2940000;1030000
2389;FEE I_TABLE 1C_UROLOGICAL SURGERY;DELUXE;2940000;1030000
2390;FEE I_TABLE 2A_CARDIAC SURGERY;DELUXE;3730000;1310000
2391;FEE I_TABLE 2A_DENTISTRY;DELUXE;2810000;980000
2392;FEE I_TABLE 2A_ENT / OTORHINOLARYNGOLOGY;DELUXE;4040000;1410000
2393;FEE I_TABLE 2A_GENERAL SURGERY;DELUXE;4460000;1560000
2394;FEE I_TABLE 2A_NEUROSURGERY;DELUXE;5820000;2040000
2395;FEE I_TABLE 2A_OBSTETRICS AND GYNECOLOGY;DELUXE;2940000;1030000
2396;FEE I_TABLE 2A_OPHTHALMOLOGY;DELUXE;3860000;1350000
2397;FEE I_TABLE 2A_ORTHOPEDIC SURGERY;DELUXE;5020000;1760000
2398;FEE I_TABLE 2A_PEDIATRIC SURGERY;DELUXE;4850000;1700000
2399;FEE I_TABLE 2A_PLASTIC SURGERY;DELUXE;4110000;1440000
2400;FEE I_TABLE 2A_UROLOGICAL SURGERY;DELUXE;3530000;1240000
2401;FEE I_TABLE 2B_CARDIAC SURGERY;DELUXE;4470000;1560000
2402;FEE I_TABLE 2B_DENTISTRY;DELUXE;3160000;1110000
2403;FEE I_TABLE 2B_ENT / OTORHINOLARYNGOLOGY;DELUXE;4930000;1730000
2404;FEE I_TABLE 2B_GENERAL SURGERY;DELUXE;4950000;1730000
2405;FEE I_TABLE 2B_NEUROSURGERY;DELUXE;7430000;2600000
2406;FEE I_TABLE 2B_OBSTETRICS AND GYNECOLOGY;DELUXE;3780000;1320000
2407;FEE I_TABLE 2B_OPHTHALMOLOGY;DELUXE;4910000;1720000
2408;FEE I_TABLE 2B_ORTHOPEDIC SURGERY;DELUXE;6460000;2260000
2409;FEE I_TABLE 2B_PEDIATRIC SURGERY;DELUXE;6060000;2120000
2410;FEE I_TABLE 2B_PLASTIC SURGERY;DELUXE;5290000;1850000
2411;FEE I_TABLE 2B_UROLOGICAL SURGERY;DELUXE;4120000;1440000
2412;FEE I_TABLE 2C_CARDIAC SURGERY;DELUXE;5220000;1830000
2413;FEE I_TABLE 2C_DENTISTRY;DELUXE;3510000;1230000
2414;FEE I_TABLE 2C_ENT / OTORHINOLARYNGOLOGY;DELUXE;6730000;2360000
2415;FEE I_TABLE 2C_GENERAL SURGERY;DELUXE;5940000;2080000
2416;FEE I_TABLE 2C_NEUROSURGERY;DELUXE;9050000;3170000
2417;FEE I_TABLE 2C_OBSTETRICS AND GYNECOLOGY;DELUXE;5040000;1760000
2418;FEE I_TABLE 2C_OPHTHALMOLOGY;DELUXE;5970000;2090000
2419;FEE I_TABLE 2C_ORTHOPEDIC SURGERY;DELUXE;7890000;2760000
2420;FEE I_TABLE 2C_PEDIATRIC SURGERY;DELUXE;7270000;2540000
2421;FEE I_TABLE 2C_PLASTIC SURGERY;DELUXE;7050000;2470000
2422;FEE I_TABLE 2C_UROLOGICAL SURGERY;DELUXE;5290000;1850000
2423;FEE I_TABLE 3A_CARDIAC SURGERY;DELUXE;5960000;2090000
2424;FEE I_TABLE 3A_DENTISTRY;DELUXE;5270000;1840000
2425;FEE I_TABLE 3A_ENT / OTORHINOLARYNGOLOGY;DELUXE;8070000;2820000
2426;FEE I_TABLE 3A_GENERAL SURGERY;DELUXE;6930000;2430000
2427;FEE I_TABLE 3A_NEUROSURGERY;DELUXE;10660000;3730000
2428;FEE I_TABLE 3A_OBSTETRICS AND GYNECOLOGY;DELUXE;6300000;2210000
2429;FEE I_TABLE 3A_OPHTHALMOLOGY;DELUXE;7020000;2460000
2430;FEE I_TABLE 3A_ORTHOPEDIC SURGERY;DELUXE;9320000;3260000
2431;FEE I_TABLE 3A_PEDIATRIC SURGERY;DELUXE;8480000;2970000
2432;FEE I_TABLE 3A_PLASTIC SURGERY;DELUXE;8230000;2880000
2433;FEE I_TABLE 3A_UROLOGICAL SURGERY;DELUXE;7060000;2470000
2434;FEE I_TABLE 3B_CARDIAC SURGERY;DELUXE;6710000;2350000
2435;FEE I_TABLE 3B_DENTISTRY;DELUXE;7020000;2460000
2436;FEE I_TABLE 3B_ENT / OTORHINOLARYNGOLOGY;DELUXE;8520000;2980000
2437;FEE I_TABLE 3B_GENERAL SURGERY;DELUXE;8420000;2950000
2438;FEE I_TABLE 3B_NEUROSURGERY;DELUXE;12920000;4520000
2439;FEE I_TABLE 3B_OBSTETRICS AND GYNECOLOGY;DELUXE;7140000;2500000
2440;FEE I_TABLE 3B_OPHTHALMOLOGY;DELUXE;7720000;2700000
2441;FEE I_TABLE 3B_ORTHOPEDIC SURGERY;DELUXE;10760000;3770000
2442;FEE I_TABLE 3B_PEDIATRIC SURGERY;DELUXE;9700000;3400000
2443;FEE I_TABLE 3B_PLASTIC SURGERY;DELUXE;9400000;3290000
2444;FEE I_TABLE 3B_UROLOGICAL SURGERY;DELUXE;8230000;2880000
2445;FEE I_TABLE 3C_CARDIAC SURGERY;DELUXE;7460000;2610000
2446;FEE I_TABLE 3C_DENTISTRY;DELUXE;8070000;2820000
2447;FEE I_TABLE 3C_ENT / OTORHINOLARYNGOLOGY;DELUXE;8970000;3140000
2448;FEE I_TABLE 3C_GENERAL SURGERY;DELUXE;9900000;3470000
2449;FEE I_TABLE 3C_NEUROSURGERY;DELUXE;14540000;5090000
2450;FEE I_TABLE 3C_OBSTETRICS AND GYNECOLOGY;DELUXE;8400000;2940000
2451;FEE I_TABLE 3C_OPHTHALMOLOGY;DELUXE;8420000;2950000
2452;FEE I_TABLE 3C_ORTHOPEDIC SURGERY;DELUXE;12190000;4270000
2453;FEE I_TABLE 3C_PEDIATRIC SURGERY;DELUXE;10910000;3820000
2454;FEE I_TABLE 3C_PLASTIC SURGERY;DELUXE;10580000;3700000
2455;FEE I_TABLE 3C_UROLOGICAL SURGERY;DELUXE;9410000;3290000
2456;FEE I_TABLE 4A_CARDIAC SURGERY;DELUXE;8950000;3130000
2457;FEE I_TABLE 4A_DENTISTRY;DELUXE;9130000;3200000
2458;FEE I_TABLE 4A_ENT / OTORHINOLARYNGOLOGY;DELUXE;9420000;3300000
2459;FEE I_TABLE 4A_GENERAL SURGERY;DELUXE;10890000;3810000
2460;FEE I_TABLE 4A_NEUROSURGERY;DELUXE;16150000;5650000
2461;FEE I_TABLE 4A_OBSTETRICS AND GYNECOLOGY;DELUXE;9240000;3230000
2462;FEE I_TABLE 4A_OPHTHALMOLOGY;DELUXE;9830000;3440000
2463;FEE I_TABLE 4A_ORTHOPEDIC SURGERY;DELUXE;12910000;4520000
2464;FEE I_TABLE 4A_PEDIATRIC SURGERY;DELUXE;12120000;4240000
2465;FEE I_TABLE 4A_PLASTIC SURGERY;DELUXE;11750000;4110000
2466;FEE I_TABLE 4A_UROLOGICAL SURGERY;DELUXE;10580000;3700000
2467;FEE I_TABLE 4B_CARDIAC SURGERY;DELUXE;10440000;3650000
2468;FEE I_TABLE 4B_DENTISTRY;DELUXE;9480000;3320000
2469;FEE I_TABLE 4B_ENT / OTORHINOLARYNGOLOGY;DELUXE;9870000;3450000
2470;FEE I_TABLE 4B_GENERAL SURGERY;DELUXE;11880000;4160000
2471;FEE I_TABLE 4B_NEUROSURGERY;DELUXE;19390000;6790000
2472;FEE I_TABLE 4B_OBSTETRICS AND GYNECOLOGY;DELUXE;10080000;3530000
2473;FEE I_TABLE 4B_OPHTHALMOLOGY;DELUXE;10530000;3690000
2474;FEE I_TABLE 4B_ORTHOPEDIC SURGERY;DELUXE;14350000;5020000
2475;FEE I_TABLE 4B_PEDIATRIC SURGERY;DELUXE;13330000;4670000
2476;FEE I_TABLE 4B_PLASTIC SURGERY;DELUXE;12930000;4530000
2477;FEE I_TABLE 4B_UROLOGICAL SURGERY;DELUXE;11760000;4120000
2478;FEE I_TABLE 4C_CARDIAC SURGERY;DELUXE;11930000;4180000
2479;FEE I_TABLE 4C_DENTISTRY;DELUXE;9830000;3440000
2480;FEE I_TABLE 4C_ENT / OTORHINOLARYNGOLOGY;DELUXE;10760000;3770000
2481;FEE I_TABLE 4C_GENERAL SURGERY;DELUXE;13370000;4680000
2482;FEE I_TABLE 4C_NEUROSURGERY;DELUXE;22620000;7920000
2483;FEE I_TABLE 4C_OBSTETRICS AND GYNECOLOGY;DELUXE;10920000;3820000
2484;FEE I_TABLE 4C_OPHTHALMOLOGY;DELUXE;11230000;3930000
2485;FEE I_TABLE 4C_ORTHOPEDIC SURGERY;DELUXE;15060000;5270000
2486;FEE I_TABLE 4C_PEDIATRIC SURGERY;DELUXE;14540000;5090000
2487;FEE I_TABLE 4C_PLASTIC SURGERY;DELUXE;13510000;4730000
2488;FEE I_TABLE 4C_UROLOGICAL SURGERY;DELUXE;12350000;4320000
2489;FEE I_TABLE 5A_CARDIAC SURGERY;DELUXE;13420000;4700000
2490;FEE I_TABLE 5A_DENTISTRY;DELUXE;11230000;3930000
2491;FEE I_TABLE 5A_ENT / OTORHINOLARYNGOLOGY;DELUXE;12110000;4240000
2492;FEE I_TABLE 5A_GENERAL SURGERY;DELUXE;13860000;4850000
2493;FEE I_TABLE 5A_NEUROSURGERY;DELUXE;25850000;9050000
2494;FEE I_TABLE 5A_OBSTETRICS AND GYNECOLOGY;DELUXE;11340000;3970000
2495;FEE I_TABLE 5A_OPHTHALMOLOGY;DELUXE;11930000;4180000
2496;FEE I_TABLE 5A_ORTHOPEDIC SURGERY;DELUXE;15780000;5520000
2497;FEE I_TABLE 5A_PEDIATRIC SURGERY;DELUXE;15760000;5520000
2498;FEE I_TABLE 5A_PLASTIC SURGERY;DELUXE;14690000;5140000
2499;FEE I_TABLE 5A_UROLOGICAL SURGERY;DELUXE;12940000;4530000
2500;FEE I_TABLE 5B_CARDIAC SURGERY;DELUXE;14910000;5220000
2501;FEE I_TABLE 5B_DENTISTRY;DELUXE;12640000;4420000
2502;FEE I_TABLE 5B_ENT / OTORHINOLARYNGOLOGY;DELUXE;13010000;4550000
2503;FEE I_TABLE 5B_GENERAL SURGERY;DELUXE;14360000;5030000
2504;FEE I_TABLE 5B_NEUROSURGERY;DELUXE;29080000;10180000
2505;FEE I_TABLE 5B_OBSTETRICS AND GYNECOLOGY;DELUXE;12180000;4260000
2506;FEE I_TABLE 5B_OPHTHALMOLOGY;DELUXE;12640000;4420000
2507;FEE I_TABLE 5B_ORTHOPEDIC SURGERY;DELUXE;16500000;5780000
2508;FEE I_TABLE 5B_PEDIATRIC SURGERY;DELUXE;16970000;5940000
2509;FEE I_TABLE 5B_PLASTIC SURGERY;DELUXE;15860000;5550000
2510;FEE I_TABLE 5B_UROLOGICAL SURGERY;DELUXE;14110000;4940000
2511;FEE I_TABLE 5C_CARDIAC SURGERY;DELUXE;16400000;5740000
2512;FEE I_TABLE 5C_DENTISTRY;DELUXE;14740000;5160000
2513;FEE I_TABLE 5C_ENT / OTORHINOLARYNGOLOGY;DELUXE;14350000;5020000
2514;FEE I_TABLE 5C_GENERAL SURGERY;DELUXE;14850000;5200000
2515;FEE I_TABLE 5C_NEUROSURGERY;DELUXE;32310000;11310000
2516;FEE I_TABLE 5C_OBSTETRICS AND GYNECOLOGY;DELUXE;13860000;4850000
2517;FEE I_TABLE 5C_OPHTHALMOLOGY;DELUXE;14040000;4910000
2518;FEE I_TABLE 5C_ORTHOPEDIC SURGERY;DELUXE;17210000;6020000
2519;FEE I_TABLE 5C_PEDIATRIC SURGERY;DELUXE;18180000;6360000
2520;FEE I_TABLE 5C_PLASTIC SURGERY;DELUXE;17040000;5960000
2521;FEE I_TABLE 5C_UROLOGICAL SURGERY;DELUXE;14700000;5150000
2522;FEE I_TABLE 6A_CARDIAC SURGERY;DELUXE;18640000;6520000
2523;FEE I_TABLE 6A_DENTISTRY;DELUXE;15800000;5530000
2524;FEE I_TABLE 6A_ENT / OTORHINOLARYNGOLOGY;DELUXE;16150000;5650000
2525;FEE I_TABLE 6A_GENERAL SURGERY;DELUXE;15350000;5370000
2526;FEE I_TABLE 6A_NEUROSURGERY;DELUXE;33920000;11870000
2527;FEE I_TABLE 6A_OBSTETRICS AND GYNECOLOGY;DELUXE;14700000;5150000
2528;FEE I_TABLE 6A_OPHTHALMOLOGY;DELUXE;15440000;5400000
2529;FEE I_TABLE 6A_ORTHOPEDIC SURGERY;DELUXE;17930000;6280000
2530;FEE I_TABLE 6A_PEDIATRIC SURGERY;DELUXE;19390000;6790000
2531;FEE I_TABLE 6A_PLASTIC SURGERY;DELUXE;18210000;6370000
2532;FEE I_TABLE 6A_UROLOGICAL SURGERY;DELUXE;15290000;5350000
2533;FEE I_TABLE 6B_CARDIAC SURGERY;DELUXE;20870000;7300000
2534;FEE I_TABLE 6B_DENTISTRY;DELUXE;17550000;6140000
2535;FEE I_TABLE 6B_ENT / OTORHINOLARYNGOLOGY;DELUXE;17940000;6280000
2536;FEE I_TABLE 6B_GENERAL SURGERY;DELUXE;15840000;5540000
2537;FEE I_TABLE 6B_NEUROSURGERY;DELUXE;35540000;12440000
2538;FEE I_TABLE 6B_OBSTETRICS AND GYNECOLOGY;DELUXE;16380000;5730000
2539;FEE I_TABLE 6B_OPHTHALMOLOGY;DELUXE;16850000;5900000
2540;FEE I_TABLE 6B_ORTHOPEDIC SURGERY;DELUXE;20080000;7030000
2541;FEE I_TABLE 6B_PEDIATRIC SURGERY;DELUXE;20600000;7210000
2542;FEE I_TABLE 6B_PLASTIC SURGERY;DELUXE;19390000;6790000
2543;FEE I_TABLE 6B_UROLOGICAL SURGERY;DELUXE;16460000;5760000
2544;FEE I_TABLE 6C_CARDIAC SURGERY;DELUXE;23110000;8090000
2545;FEE I_TABLE 6C_DENTISTRY;DELUXE;18950000;6630000
2546;FEE I_TABLE 6C_ENT / OTORHINOLARYNGOLOGY;DELUXE;19290000;6750000
2547;FEE I_TABLE 6C_GENERAL SURGERY;DELUXE;16830000;5890000
2548;FEE I_TABLE 6C_NEUROSURGERY;DELUXE;37150000;13000000
2549;FEE I_TABLE 6C_OBSTETRICS AND GYNECOLOGY;DELUXE;18480000;6470000
2550;FEE I_TABLE 6C_OPHTHALMOLOGY;DELUXE;18950000;6630000
2551;FEE I_TABLE 6C_ORTHOPEDIC SURGERY;DELUXE;24390000;8540000
2552;FEE I_TABLE 6C_PEDIATRIC SURGERY;DELUXE;21820000;7640000
2553;FEE I_TABLE 6C_PLASTIC SURGERY;DELUXE;20560000;7200000
2554;FEE I_TABLE 6C_UROLOGICAL SURGERY;DELUXE;17640000;6170000
2555;FEE I_TABLE 7A_CARDIAC SURGERY;DELUXE;26090000;9130000
2556;FEE I_TABLE 7A_DENTISTRY;DELUXE;21060000;7370000
2557;FEE I_TABLE 7A_ENT / OTORHINOLARYNGOLOGY;DELUXE;21530000;7540000
2558;FEE I_TABLE 7A_GENERAL SURGERY;DELUXE;17820000;6240000
2559;FEE I_TABLE 7A_NEUROSURGERY;DELUXE;38770000;13570000
2560;FEE I_TABLE 7A_OBSTETRICS AND GYNECOLOGY;DELUXE;19740000;6910000
2561;FEE I_TABLE 7A_OPHTHALMOLOGY;DELUXE;21060000;7370000
2562;FEE I_TABLE 7A_ORTHOPEDIC SURGERY;DELUXE;30120000;10540000
2563;FEE I_TABLE 7A_PEDIATRIC SURGERY;DELUXE;23030000;8060000
2564;FEE I_TABLE 7A_PLASTIC SURGERY;DELUXE;23500000;8230000
2565;FEE I_TABLE 7A_UROLOGICAL SURGERY;DELUXE;19400000;6790000
2566;FEE I_TABLE 7B_CARDIAC SURGERY;DELUXE;29070000;10170000
2567;FEE I_TABLE 7B_DENTISTRY;DELUXE;24220000;8480000
2568;FEE I_TABLE 7B_ENT / OTORHINOLARYNGOLOGY;DELUXE;23320000;8160000
2569;FEE I_TABLE 7B_GENERAL SURGERY;DELUXE;19800000;6930000
2570;FEE I_TABLE 7B_NEUROSURGERY;DELUXE;42000000;14700000
2571;FEE I_TABLE 7B_OBSTETRICS AND GYNECOLOGY;DELUXE;21000000;7350000
2572;FEE I_TABLE 7B_OPHTHALMOLOGY;DELUXE;23170000;8110000
2573;FEE I_TABLE 7B_ORTHOPEDIC SURGERY;DELUXE;35860000;12550000
2574;FEE I_TABLE 7B_PEDIATRIC SURGERY;DELUXE;24240000;8480000
2575;FEE I_TABLE 7B_PLASTIC SURGERY;DELUXE;26440000;9250000
2576;FEE I_TABLE 7B_UROLOGICAL SURGERY;DELUXE;22340000;7820000
2577;FEE I_TABLE 7C_CARDIAC SURGERY;DELUXE;32060000;11220000
2578;FEE I_TABLE 7C_DENTISTRY;DELUXE;27380000;9580000
2579;FEE I_TABLE 7C_ENT / OTORHINOLARYNGOLOGY;DELUXE;24040000;8410000
2580;FEE I_TABLE 7C_GENERAL SURGERY;DELUXE;20790000;7280000
2581;FEE I_TABLE 7C_NEUROSURGERY;DELUXE;45230000;15830000
2582;FEE I_TABLE 7C_OBSTETRICS AND GYNECOLOGY;DELUXE;22260000;7790000
2583;FEE I_TABLE 7C_OPHTHALMOLOGY;DELUXE;24570000;8600000
2584;FEE I_TABLE 7C_ORTHOPEDIC SURGERY;DELUXE;43040000;15060000
2585;FEE I_TABLE 7C_PEDIATRIC SURGERY;DELUXE;26660000;9330000
2586;FEE I_TABLE 7C_PLASTIC SURGERY;DELUXE;29380000;10280000
2587;FEE I_TABLE 7C_UROLOGICAL SURGERY;DELUXE;25280000;8850000
2588;FEE II_TABLE 1A_CARDIAC SURGERY;DELUXE;2420000;850000
2589;FEE II_TABLE 1A_DENTISTRY;DELUXE;2290000;800000
2590;FEE II_TABLE 1A_DIGESTIVE SURGERY;DELUXE;1980000;690000
2591;FEE II_TABLE 1A_ENT / OTORHINOLARYNGOLOGY;DELUXE;1980000;690000
2592;FEE II_TABLE 1A_NEUROSURGERY;DELUXE;2110000;740000
2593;FEE II_TABLE 1A_OBSTETRICS AND GYNECOLOGY;DELUXE;1740000;610000
2594;FEE II_TABLE 1A_ONCOLOGY SURGERY;DELUXE;2130000;750000
2595;FEE II_TABLE 1A_OPHTHALMOLOGY;DELUXE;1820000;640000
2596;FEE II_TABLE 1A_ORTHOPEDIC SURGERY;DELUXE;1860000;650000
2597;FEE II_TABLE 1A_PEDIATRIC SURGERY;DELUXE;1890000;660000
2598;FEE II_TABLE 1A_PLASTIC SURGERY;DELUXE;2290000;800000
2599;FEE II_TABLE 1A_UROLOGICAL SURGERY;DELUXE;1830000;640000
2600;FEE II_TABLE 1A_VASCULAR SURGERY;DELUXE;2080000;730000
2601;FEE II_TABLE 1B_CARDIAC SURGERY;DELUXE;2910000;1020000
2602;FEE II_TABLE 1B_DENTISTRY;DELUXE;2740000;960000
2603;FEE II_TABLE 1B_DIGESTIVE SURGERY;DELUXE;2630000;920000
2604;FEE II_TABLE 1B_ENT / OTORHINOLARYNGOLOGY;DELUXE;2910000;1020000
2605;FEE II_TABLE 1B_NEUROSURGERY;DELUXE;3370000;1180000
2606;FEE II_TABLE 1B_OBSTETRICS AND GYNECOLOGY;DELUXE;2180000;760000
2607;FEE II_TABLE 1B_ONCOLOGY SURGERY;DELUXE;4260000;1490000
2608;FEE II_TABLE 1B_OPHTHALMOLOGY;DELUXE;3200000;1120000
2609;FEE II_TABLE 1B_ORTHOPEDIC SURGERY;DELUXE;2800000;980000
2610;FEE II_TABLE 1B_PEDIATRIC SURGERY;DELUXE;3150000;1100000
2611;FEE II_TABLE 1B_PLASTIC SURGERY;DELUXE;3060000;1070000
2612;FEE II_TABLE 1B_UROLOGICAL SURGERY;DELUXE;3060000;1070000
2613;FEE II_TABLE 1B_VASCULAR SURGERY;DELUXE;2770000;970000
2614;FEE II_TABLE 1C_CARDIAC SURGERY;DELUXE;3870000;1350000
2615;FEE II_TABLE 1C_DENTISTRY;DELUXE;3200000;1120000
2616;FEE II_TABLE 1C_DIGESTIVE SURGERY;DELUXE;3940000;1380000
2617;FEE II_TABLE 1C_ENT / OTORHINOLARYNGOLOGY;DELUXE;4080000;1430000
2618;FEE II_TABLE 1C_NEUROSURGERY;DELUXE;5460000;1910000
2619;FEE II_TABLE 1C_OBSTETRICS AND GYNECOLOGY;DELUXE;3280000;1150000
2620;FEE II_TABLE 1C_ONCOLOGY SURGERY;DELUXE;5330000;1870000
2621;FEE II_TABLE 1C_OPHTHALMOLOGY;DELUXE;3200000;1120000
2622;FEE II_TABLE 1C_ORTHOPEDIC SURGERY;DELUXE;4670000;1630000
2623;FEE II_TABLE 1C_PEDIATRIC SURGERY;DELUXE;4730000;1660000
2624;FEE II_TABLE 1C_PLASTIC SURGERY;DELUXE;3820000;1340000
2625;FEE II_TABLE 1C_UROLOGICAL SURGERY;DELUXE;3820000;1340000
2626;FEE II_TABLE 1C_VASCULAR SURGERY;DELUXE;3460000;1210000
2627;FEE II_TABLE 2A_CARDIAC SURGERY;DELUXE;4850000;1700000
2628;FEE II_TABLE 2A_DENTISTRY;DELUXE;3650000;1280000
2629;FEE II_TABLE 2A_DIGESTIVE SURGERY;DELUXE;5250000;1840000
2630;FEE II_TABLE 2A_ENT / OTORHINOLARYNGOLOGY;DELUXE;5250000;1840000
2631;FEE II_TABLE 2A_NEUROSURGERY;DELUXE;7570000;2650000
2632;FEE II_TABLE 2A_OBSTETRICS AND GYNECOLOGY;DELUXE;3820000;1340000
2633;FEE II_TABLE 2A_ONCOLOGY SURGERY;DELUXE;6380000;2230000
2634;FEE II_TABLE 2A_OPHTHALMOLOGY;DELUXE;5020000;1760000
2635;FEE II_TABLE 2A_ORTHOPEDIC SURGERY;DELUXE;6530000;2290000
2636;FEE II_TABLE 2A_PEDIATRIC SURGERY;DELUXE;6310000;2210000
2637;FEE II_TABLE 2A_PLASTIC SURGERY;DELUXE;5340000;1870000
2638;FEE II_TABLE 2A_UROLOGICAL SURGERY;DELUXE;4590000;1610000
2639;FEE II_TABLE 2A_VASCULAR SURGERY;DELUXE;4160000;1460000
2640;FEE II_TABLE 2B_CARDIAC SURGERY;DELUXE;5810000;2030000
2641;FEE II_TABLE 2B_DENTISTRY;DELUXE;4110000;1440000
2642;FEE II_TABLE 2B_DIGESTIVE SURGERY;DELUXE;6570000;2300000
2643;FEE II_TABLE 2B_ENT / OTORHINOLARYNGOLOGY;DELUXE;6410000;2240000
2644;FEE II_TABLE 2B_NEUROSURGERY;DELUXE;9660000;3380000
2645;FEE II_TABLE 2B_OBSTETRICS AND GYNECOLOGY;DELUXE;4910000;1720000
2646;FEE II_TABLE 2B_ONCOLOGY SURGERY;DELUXE;7450000;2610000
2647;FEE II_TABLE 2B_OPHTHALMOLOGY;DELUXE;6380000;2230000
2648;FEE II_TABLE 2B_ORTHOPEDIC SURGERY;DELUXE;8400000;2940000
2649;FEE II_TABLE 2B_PEDIATRIC SURGERY;DELUXE;7880000;2760000
2650;FEE II_TABLE 2B_PLASTIC SURGERY;DELUXE;6880000;2410000
2651;FEE II_TABLE 2B_UROLOGICAL SURGERY;DELUXE;5360000;1880000
2652;FEE II_TABLE 2B_VASCULAR SURGERY;DELUXE;5540000;1940000
2653;FEE II_TABLE 2C_CARDIAC SURGERY;DELUXE;6790000;2380000
2654;FEE II_TABLE 2C_DENTISTRY;DELUXE;4560000;1600000
2655;FEE II_TABLE 2C_DIGESTIVE SURGERY;DELUXE;7880000;2760000
2656;FEE II_TABLE 2C_ENT / OTORHINOLARYNGOLOGY;DELUXE;8750000;3060000
2657;FEE II_TABLE 2C_NEUROSURGERY;DELUXE;11770000;4120000
2658;FEE II_TABLE 2C_OBSTETRICS AND GYNECOLOGY;DELUXE;6550000;2290000
2659;FEE II_TABLE 2C_ONCOLOGY SURGERY;DELUXE;9580000;3350000
2660;FEE II_TABLE 2C_OPHTHALMOLOGY;DELUXE;7760000;2720000
2661;FEE II_TABLE 2C_ORTHOPEDIC SURGERY;DELUXE;10260000;3590000
2662;FEE II_TABLE 2C_PEDIATRIC SURGERY;DELUXE;9450000;3310000
2663;FEE II_TABLE 2C_PLASTIC SURGERY;DELUXE;9170000;3210000
2664;FEE II_TABLE 2C_UROLOGICAL SURGERY;DELUXE;6880000;2410000
2665;FEE II_TABLE 2C_VASCULAR SURGERY;DELUXE;6930000;2430000
2666;FEE II_TABLE 3A_CARDIAC SURGERY;DELUXE;7750000;2710000
2667;FEE II_TABLE 3A_DENTISTRY;DELUXE;6850000;2400000
2668;FEE II_TABLE 3A_DIGESTIVE SURGERY;DELUXE;9710000;3400000
2669;FEE II_TABLE 3A_ENT / OTORHINOLARYNGOLOGY;DELUXE;10490000;3670000
2670;FEE II_TABLE 3A_NEUROSURGERY;DELUXE;13860000;4850000
2671;FEE II_TABLE 3A_OBSTETRICS AND GYNECOLOGY;DELUXE;8190000;2870000
2672;FEE II_TABLE 3A_ONCOLOGY SURGERY;DELUXE;11710000;4100000
2673;FEE II_TABLE 3A_OPHTHALMOLOGY;DELUXE;9130000;3200000
2674;FEE II_TABLE 3A_ORTHOPEDIC SURGERY;DELUXE;12120000;4240000
2675;FEE II_TABLE 3A_PEDIATRIC SURGERY;DELUXE;11020000;3860000
2676;FEE II_TABLE 3A_PLASTIC SURGERY;DELUXE;10700000;3750000
2677;FEE II_TABLE 3A_UROLOGICAL SURGERY;DELUXE;9180000;3210000
2678;FEE II_TABLE 3A_VASCULAR SURGERY;DELUXE;8310000;2910000
2679;FEE II_TABLE 3B_CARDIAC SURGERY;DELUXE;8720000;3050000
2680;FEE II_TABLE 3B_DENTISTRY;DELUXE;9130000;3200000
2681;FEE II_TABLE 3B_DIGESTIVE SURGERY;DELUXE;11170000;3910000
2682;FEE II_TABLE 3B_ENT / OTORHINOLARYNGOLOGY;DELUXE;11080000;3880000
2683;FEE II_TABLE 3B_NEUROSURGERY;DELUXE;16800000;5880000
2684;FEE II_TABLE 3B_OBSTETRICS AND GYNECOLOGY;DELUXE;9280000;3250000
2685;FEE II_TABLE 3B_ONCOLOGY SURGERY;DELUXE;12780000;4470000
2686;FEE II_TABLE 3B_OPHTHALMOLOGY;DELUXE;10040000;3510000
2687;FEE II_TABLE 3B_ORTHOPEDIC SURGERY;DELUXE;13990000;4900000
2688;FEE II_TABLE 3B_PEDIATRIC SURGERY;DELUXE;12610000;4410000
2689;FEE II_TABLE 3B_PLASTIC SURGERY;DELUXE;12220000;4280000
2690;FEE II_TABLE 3B_UROLOGICAL SURGERY;DELUXE;10700000;3750000
2691;FEE II_TABLE 3B_VASCULAR SURGERY;DELUXE;9700000;3400000
2692;FEE II_TABLE 3C_CARDIAC SURGERY;DELUXE;9700000;3400000
2693;FEE II_TABLE 3C_DENTISTRY;DELUXE;10490000;3670000
2694;FEE II_TABLE 3C_DIGESTIVE SURGERY;DELUXE;12480000;4370000
2695;FEE II_TABLE 3C_ENT / OTORHINOLARYNGOLOGY;DELUXE;11660000;4080000
2696;FEE II_TABLE 3C_NEUROSURGERY;DELUXE;18900000;6620000
2697;FEE II_TABLE 3C_OBSTETRICS AND GYNECOLOGY;DELUXE;10920000;3820000
2698;FEE II_TABLE 3C_ONCOLOGY SURGERY;DELUXE;14910000;5220000
2699;FEE II_TABLE 3C_OPHTHALMOLOGY;DELUXE;10950000;3830000
2700;FEE II_TABLE 3C_ORTHOPEDIC SURGERY;DELUXE;15850000;5550000
2701;FEE II_TABLE 3C_PEDIATRIC SURGERY;DELUXE;14180000;4960000
2702;FEE II_TABLE 3C_PLASTIC SURGERY;DELUXE;13750000;4810000
2703;FEE II_TABLE 3C_UROLOGICAL SURGERY;DELUXE;12230000;4280000
2704;FEE II_TABLE 3C_VASCULAR SURGERY;DELUXE;11080000;3880000
2705;FEE II_TABLE 4A_CARDIAC SURGERY;DELUXE;11640000;4070000
2706;FEE II_TABLE 4A_DENTISTRY;DELUXE;11870000;4150000
2707;FEE II_TABLE 4A_DIGESTIVE SURGERY;DELUXE;13130000;4600000
2708;FEE II_TABLE 4A_ENT / OTORHINOLARYNGOLOGY;DELUXE;12250000;4290000
2709;FEE II_TABLE 4A_NEUROSURGERY;DELUXE;21000000;7350000
2710;FEE II_TABLE 4A_OBSTETRICS AND GYNECOLOGY;DELUXE;12010000;4200000
2711;FEE II_TABLE 4A_ONCOLOGY SURGERY;DELUXE;15980000;5590000
2712;FEE II_TABLE 4A_OPHTHALMOLOGY;DELUXE;12780000;4470000
2713;FEE II_TABLE 4A_ORTHOPEDIC SURGERY;DELUXE;16780000;5870000
2714;FEE II_TABLE 4A_PEDIATRIC SURGERY;DELUXE;15760000;5520000
2715;FEE II_TABLE 4A_PLASTIC SURGERY;DELUXE;15280000;5350000
2716;FEE II_TABLE 4A_UROLOGICAL SURGERY;DELUXE;13750000;4810000
2717;FEE II_TABLE 4A_VASCULAR SURGERY;DELUXE;12470000;4360000
2718;FEE II_TABLE 4B_CARDIAC SURGERY;DELUXE;13570000;4750000
2719;FEE II_TABLE 4B_DENTISTRY;DELUXE;12320000;4310000
2720;FEE II_TABLE 4B_DIGESTIVE SURGERY;DELUXE;14440000;5050000
2721;FEE II_TABLE 4B_ENT / OTORHINOLARYNGOLOGY;DELUXE;12830000;4490000
2722;FEE II_TABLE 4B_NEUROSURGERY;DELUXE;25210000;8820000
2723;FEE II_TABLE 4B_OBSTETRICS AND GYNECOLOGY;DELUXE;13100000;4590000
2724;FEE II_TABLE 4B_ONCOLOGY SURGERY;DELUXE;18100000;6340000
2725;FEE II_TABLE 4B_OPHTHALMOLOGY;DELUXE;13690000;4790000
2726;FEE II_TABLE 4B_ORTHOPEDIC SURGERY;DELUXE;18660000;6530000
2727;FEE II_TABLE 4B_PEDIATRIC SURGERY;DELUXE;17330000;6070000
2728;FEE II_TABLE 4B_PLASTIC SURGERY;DELUXE;16810000;5880000
2729;FEE II_TABLE 4B_UROLOGICAL SURGERY;DELUXE;15290000;5350000
2730;FEE II_TABLE 4B_VASCULAR SURGERY;DELUXE;13850000;4850000
2731;FEE II_TABLE 4C_CARDIAC SURGERY;DELUXE;15510000;5430000
2732;FEE II_TABLE 4C_DENTISTRY;DELUXE;12780000;4470000
2733;FEE II_TABLE 4C_DIGESTIVE SURGERY;DELUXE;15760000;5520000
2734;FEE II_TABLE 4C_ENT / OTORHINOLARYNGOLOGY;DELUXE;13990000;4900000
2735;FEE II_TABLE 4C_NEUROSURGERY;DELUXE;29410000;10290000
2736;FEE II_TABLE 4C_OBSTETRICS AND GYNECOLOGY;DELUXE;14200000;4970000
2737;FEE II_TABLE 4C_ONCOLOGY SURGERY;DELUXE;20230000;7080000
2738;FEE II_TABLE 4C_OPHTHALMOLOGY;DELUXE;14600000;5110000
2739;FEE II_TABLE 4C_ORTHOPEDIC SURGERY;DELUXE;19580000;6850000
2740;FEE II_TABLE 4C_PEDIATRIC SURGERY;DELUXE;18900000;6620000
2741;FEE II_TABLE 4C_PLASTIC SURGERY;DELUXE;17560000;6150000
2742;FEE II_TABLE 4C_UROLOGICAL SURGERY;DELUXE;16060000;5620000
2743;FEE II_TABLE 4C_VASCULAR SURGERY;DELUXE;15240000;5330000
2744;FEE II_TABLE 5A_CARDIAC SURGERY;DELUXE;17450000;6110000
2745;FEE II_TABLE 5A_DENTISTRY;DELUXE;14600000;5110000
2746;FEE II_TABLE 5A_DIGESTIVE SURGERY;DELUXE;17070000;5970000
2747;FEE II_TABLE 5A_ENT / OTORHINOLARYNGOLOGY;DELUXE;15740000;5510000
2748;FEE II_TABLE 5A_NEUROSURGERY;DELUXE;33610000;11760000
2749;FEE II_TABLE 5A_OBSTETRICS AND GYNECOLOGY;DELUXE;14740000;5160000
2750;FEE II_TABLE 5A_ONCOLOGY SURGERY;DELUXE;21290000;7450000
2751;FEE II_TABLE 5A_OPHTHALMOLOGY;DELUXE;15510000;5430000
2752;FEE II_TABLE 5A_ORTHOPEDIC SURGERY;DELUXE;20510000;7180000
2753;FEE II_TABLE 5A_PEDIATRIC SURGERY;DELUXE;20490000;7170000
2754;FEE II_TABLE 5A_PLASTIC SURGERY;DELUXE;19100000;6690000
2755;FEE II_TABLE 5A_UROLOGICAL SURGERY;DELUXE;16820000;5890000
2756;FEE II_TABLE 5A_VASCULAR SURGERY;DELUXE;16610000;5810000
2757;FEE II_TABLE 5B_CARDIAC SURGERY;DELUXE;19380000;6780000
2758;FEE II_TABLE 5B_DENTISTRY;DELUXE;16430000;5750000
2759;FEE II_TABLE 5B_DIGESTIVE SURGERY;DELUXE;18380000;6430000
2760;FEE II_TABLE 5B_ENT / OTORHINOLARYNGOLOGY;DELUXE;16910000;5920000
2761;FEE II_TABLE 5B_NEUROSURGERY;DELUXE;37800000;13230000
2762;FEE II_TABLE 5B_OBSTETRICS AND GYNECOLOGY;DELUXE;15830000;5540000
2763;FEE II_TABLE 5B_ONCOLOGY SURGERY;DELUXE;23430000;8200000
2764;FEE II_TABLE 5B_OPHTHALMOLOGY;DELUXE;16430000;5750000
2765;FEE II_TABLE 5B_ORTHOPEDIC SURGERY;DELUXE;21450000;7510000
2766;FEE II_TABLE 5B_PEDIATRIC SURGERY;DELUXE;22060000;7720000
2767;FEE II_TABLE 5B_PLASTIC SURGERY;DELUXE;20620000;7220000
2768;FEE II_TABLE 5B_UROLOGICAL SURGERY;DELUXE;18340000;6420000
2769;FEE II_TABLE 5B_VASCULAR SURGERY;DELUXE;18010000;6300000
2770;FEE II_TABLE 5C_CARDIAC SURGERY;DELUXE;21320000;7460000
2771;FEE II_TABLE 5C_DENTISTRY;DELUXE;19160000;6710000
2772;FEE II_TABLE 5C_DIGESTIVE SURGERY;DELUXE;19700000;6900000
2773;FEE II_TABLE 5C_ENT / OTORHINOLARYNGOLOGY;DELUXE;18660000;6530000
2774;FEE II_TABLE 5C_NEUROSURGERY;DELUXE;42000000;14700000
2775;FEE II_TABLE 5C_OBSTETRICS AND GYNECOLOGY;DELUXE;18020000;6310000
2776;FEE II_TABLE 5C_ONCOLOGY SURGERY;DELUXE;25560000;8950000
2777;FEE II_TABLE 5C_OPHTHALMOLOGY;DELUXE;18250000;6390000
2778;FEE II_TABLE 5C_ORTHOPEDIC SURGERY;DELUXE;22370000;7830000
2779;FEE II_TABLE 5C_PEDIATRIC SURGERY;DELUXE;23630000;8270000
2780;FEE II_TABLE 5C_PLASTIC SURGERY;DELUXE;22150000;7750000
2781;FEE II_TABLE 5C_UROLOGICAL SURGERY;DELUXE;19110000;6690000
2782;FEE II_TABLE 5C_VASCULAR SURGERY;DELUXE;19380000;6780000
2783;FEE II_TABLE 6A_CARDIAC SURGERY;DELUXE;24230000;8480000
2784;FEE II_TABLE 6A_DENTISTRY;DELUXE;20540000;7190000
2785;FEE II_TABLE 6A_DIGESTIVE SURGERY;DELUXE;21010000;7350000
2786;FEE II_TABLE 6A_ENT / OTORHINOLARYNGOLOGY;DELUXE;21000000;7350000
2787;FEE II_TABLE 6A_NEUROSURGERY;DELUXE;44100000;15440000
2788;FEE II_TABLE 6A_OBSTETRICS AND GYNECOLOGY;DELUXE;19110000;6690000
2789;FEE II_TABLE 6A_ONCOLOGY SURGERY;DELUXE;27680000;9690000
2790;FEE II_TABLE 6A_OPHTHALMOLOGY;DELUXE;20070000;7020000
2791;FEE II_TABLE 6A_ORTHOPEDIC SURGERY;DELUXE;23310000;8160000
2792;FEE II_TABLE 6A_PEDIATRIC SURGERY;DELUXE;25210000;8820000
2793;FEE II_TABLE 6A_PLASTIC SURGERY;DELUXE;23670000;8280000
2794;FEE II_TABLE 6A_UROLOGICAL SURGERY;DELUXE;19880000;6960000
2795;FEE II_TABLE 6A_VASCULAR SURGERY;DELUXE;22150000;7750000
2796;FEE II_TABLE 6B_CARDIAC SURGERY;DELUXE;27130000;9500000
2797;FEE II_TABLE 6B_DENTISTRY;DELUXE;22820000;7990000
2798;FEE II_TABLE 6B_DIGESTIVE SURGERY;DELUXE;22320000;7810000
2799;FEE II_TABLE 6B_ENT / OTORHINOLARYNGOLOGY;DELUXE;23320000;8160000
2800;FEE II_TABLE 6B_NEUROSURGERY;DELUXE;46200000;16170000
2801;FEE II_TABLE 6B_OBSTETRICS AND GYNECOLOGY;DELUXE;21290000;7450000
2802;FEE II_TABLE 6B_ONCOLOGY SURGERY;DELUXE;29810000;10430000
2803;FEE II_TABLE 6B_OPHTHALMOLOGY;DELUXE;21910000;7670000
2804;FEE II_TABLE 6B_ORTHOPEDIC SURGERY;DELUXE;26100000;9140000
2805;FEE II_TABLE 6B_PEDIATRIC SURGERY;DELUXE;26780000;9370000
2806;FEE II_TABLE 6B_PLASTIC SURGERY;DELUXE;25210000;8820000
2807;FEE II_TABLE 6B_UROLOGICAL SURGERY;DELUXE;21400000;7490000
2808;FEE II_TABLE 6B_VASCULAR SURGERY;DELUXE;24920000;8720000
2809;FEE II_TABLE 6C_CARDIAC SURGERY;DELUXE;30040000;10510000
2810;FEE II_TABLE 6C_DENTISTRY;DELUXE;24640000;8620000
2811;FEE II_TABLE 6C_DIGESTIVE SURGERY;DELUXE;23630000;8270000
2812;FEE II_TABLE 6C_ENT / OTORHINOLARYNGOLOGY;DELUXE;25080000;8780000
2813;FEE II_TABLE 6C_NEUROSURGERY;DELUXE;48300000;16910000
2814;FEE II_TABLE 6C_OBSTETRICS AND GYNECOLOGY;DELUXE;24020000;8410000
2815;FEE II_TABLE 6C_ONCOLOGY SURGERY;DELUXE;31940000;11180000
2816;FEE II_TABLE 6C_OPHTHALMOLOGY;DELUXE;24640000;8620000
2817;FEE II_TABLE 6C_ORTHOPEDIC SURGERY;DELUXE;31710000;11100000
2818;FEE II_TABLE 6C_PEDIATRIC SURGERY;DELUXE;28370000;9930000
2819;FEE II_TABLE 6C_PLASTIC SURGERY;DELUXE;26730000;9360000
2820;FEE II_TABLE 6C_UROLOGICAL SURGERY;DELUXE;22930000;8030000
2821;FEE II_TABLE 6C_VASCULAR SURGERY;DELUXE;27690000;9690000
2822;FEE II_TABLE 7A_CARDIAC SURGERY;DELUXE;33920000;11870000
2823;FEE II_TABLE 7A_DENTISTRY;DELUXE;27380000;9580000
2824;FEE II_TABLE 7A_DIGESTIVE SURGERY;DELUXE;24950000;8730000
2825;FEE II_TABLE 7A_ENT / OTORHINOLARYNGOLOGY;DELUXE;27990000;9800000
2826;FEE II_TABLE 7A_NEUROSURGERY;DELUXE;50400000;17640000
2827;FEE II_TABLE 7A_OBSTETRICS AND GYNECOLOGY;DELUXE;25660000;8980000
2828;FEE II_TABLE 7A_ONCOLOGY SURGERY;DELUXE;34070000;11920000
2829;FEE II_TABLE 7A_OPHTHALMOLOGY;DELUXE;27380000;9580000
2830;FEE II_TABLE 7A_ORTHOPEDIC SURGERY;DELUXE;39160000;13710000
2831;FEE II_TABLE 7A_PEDIATRIC SURGERY;DELUXE;29940000;10480000
2832;FEE II_TABLE 7A_PLASTIC SURGERY;DELUXE;30550000;10690000
2833;FEE II_TABLE 7A_UROLOGICAL SURGERY;DELUXE;25220000;8830000
2834;FEE II_TABLE 7A_VASCULAR SURGERY;DELUXE;31850000;11150000
2835;FEE II_TABLE 7B_CARDIAC SURGERY;DELUXE;37790000;13230000
2836;FEE II_TABLE 7B_DENTISTRY;DELUXE;31490000;11020000
2837;FEE II_TABLE 7B_DIGESTIVE SURGERY;DELUXE;26260000;9190000
2838;FEE II_TABLE 7B_ENT / OTORHINOLARYNGOLOGY;DELUXE;30320000;10610000
2839;FEE II_TABLE 7B_NEUROSURGERY;DELUXE;54600000;19110000
2840;FEE II_TABLE 7B_OBSTETRICS AND GYNECOLOGY;DELUXE;27300000;9560000
2841;FEE II_TABLE 7B_ONCOLOGY SURGERY;DELUXE;38320000;13410000
2842;FEE II_TABLE 7B_OPHTHALMOLOGY;DELUXE;30120000;10540000
2843;FEE II_TABLE 7B_ORTHOPEDIC SURGERY;DELUXE;46620000;16320000
2844;FEE II_TABLE 7B_PEDIATRIC SURGERY;DELUXE;31510000;11030000
2845;FEE II_TABLE 7B_PLASTIC SURGERY;DELUXE;34370000;12030000
2846;FEE II_TABLE 7B_UROLOGICAL SURGERY;DELUXE;29040000;10160000
2847;FEE II_TABLE 7B_VASCULAR SURGERY;DELUXE;36000000;12600000
2848;FEE II_TABLE 7C_CARDIAC SURGERY;DELUXE;41680000;14590000
2849;FEE II_TABLE 7C_DENTISTRY;DELUXE;35590000;12460000
2850;FEE II_TABLE 7C_DIGESTIVE SURGERY;DELUXE;28890000;10110000
2851;FEE II_TABLE 7C_ENT / OTORHINOLARYNGOLOGY;DELUXE;31250000;10940000
2852;FEE II_TABLE 7C_NEUROSURGERY;DELUXE;58800000;20580000
2853;FEE II_TABLE 7C_OBSTETRICS AND GYNECOLOGY;DELUXE;28940000;10130000
2854;FEE II_TABLE 7C_ONCOLOGY SURGERY;DELUXE;42590000;14910000
2855;FEE II_TABLE 7C_OPHTHALMOLOGY;DELUXE;31940000;11180000
2856;FEE II_TABLE 7C_ORTHOPEDIC SURGERY;DELUXE;55950000;19580000
2857;FEE II_TABLE 7C_PEDIATRIC SURGERY;DELUXE;34660000;12130000
2858;FEE II_TABLE 7C_PLASTIC SURGERY;DELUXE;38190000;13370000
2859;FEE II_TABLE 7C_UROLOGICAL SURGERY;DELUXE;32860000;11500000
2860;FEE II_TABLE 7C_VASCULAR SURGERY;DELUXE;40160000;14060000
2861;FNAB;DELUXE;711000;0
2862;FNAB USG GUIDED PROCEDURE;DELUXE;1648000;0
2863;FOREIGN BODY REMOVAL;DELUXE;1648000;676000
2864;FOREIGN BODY REMOVAL ;DELUXE;4817000;0
2865;GASTRIC BALLON (INSERTION);DELUXE;14449000;2268000
2866;GASTRIC BALLON (REMOVAL);DELUXE;14449000;2268000
2867;GASTRODUODENOSCOPY AND COLONOSCOPY;DELUXE;14449000;2203000
2868;GASTROSCOPY;DELUXE;9375000;1504000
2869;GASTROSCOPY + BIOPSY;DELUXE;11336000;0
2870;GASTROSCOPY AND COLONOSCOPY ;DELUXE;15872000;2531000
2871;INJECTION FOR VACCINE PROCEDURE ;DELUXE;210000;0
2872;INJECTION INTRAARTICULAR;DELUXE;885000;0
2873;INJECTION TENDER POINT / TRIGGER POINT;DELUXE;842000;0
2874;INSERTION OF NGT / OGT;DELUXE;700000;0
2875;INTRA OSSEUS CATH;DELUXE;871000;0
2876;INTRALESIONAL INJECTION / INJEKSI INTRALESI;DELUXE;506000;0
2877;KIDNEY BIOPSY;DELUXE;7545000;0
2878;KONSULTASI LAKTASI;DELUXE;153000;0
2879;LAVAGE LAUNDRY;DELUXE;627000;0
2880;LYPECTOMY (LYPOMA) Q >10  REGIO > 3;DELUXE;3461000;0
2881;LYPECTOMY (LYPOMA) Q ≤ 10 REGIO ≤ 3;DELUXE;2265000;0
2882;MMSE (MINI MENTAL STATE EXAMINATION);DELUXE;611000;0
2883;NECROTOMY;DELUXE;719000;0
2884;PASANG VENTILATOR;DELUXE;445000;0
2885;PATCH TEST;DELUXE;2800000;0
2886;PEMASANGAN PIGTAIL DENGAN USG GUIDED;DELUXE;3920000;0
2887;PEMASANGAN PIGTAIL TANPA USG GUIDED;DELUXE;3080000;0
2888;PH METRIX;DELUXE;14449000;0
2889;PH METRIX OHMEGA;DELUXE;16859000;0
2890;PHLEBOTOMY PROCEDURE;DELUXE;826000;0
2891;POLIPECTOMY;DELUXE;11512000;1834000
2892;PRICK TEST;DELUXE;2800000;0
2893;PRICK TEST _ 1;DELUXE;1866000;0
2894;PUNKSI ABDOMINAL;DELUXE;1788000;0
2895;PUNKSI SENDI;DELUXE;911000;0
2896;PUSH ENTEROSCOPY;DELUXE;9379000;1547000
2897;READING EEG;DELUXE;150000;0
2898;RECTOSCOPY;DELUXE;2557000;0
2899;REKTOSIGMOIDOSCOPY;DELUXE;6440000;1033000
2900;REKTOSIGMOIDOSCOPY + BIOPSY;DELUXE;8560000;0
2901;REMOVE / AFF CVC;DELUXE;719000;0
2902;REMOVE / AFF WSD / CHEST TUBE;DELUXE;1188000;0
2903;RESUCITATION FEE  LESS THAN 1 HOUR(PER HOUR);DELUXE;1089000;0
2904;RESUCITATION FEE  MORE THAN 1 HOUR(PER HOUR);DELUXE;446000;0
2905;RIGHT TO LEFT SHUNT TEST;DELUXE;1070000;0
2906;RUBBER BAND LIGATION;DELUXE;1557000;0
2907;SKLEROTHERAPI;DELUXE;8955000;1466000
2908;SKRINING USG FETOMATERNAL;DELUXE;2402000;0
2909;TINDAKAN / BEDAH MINOR A;DELUXE;1428000;0
2910;Tindakan / Bedah Minor B;DELUXE;2142000;0
2911;TINDAKAN CHEMOTHERAPY;DELUXE;1238000;0
2912;TINDAKAN DC SHOCK;DELUXE;566000;0
2913;TOUNGE TIED KLINIK LAKTASI;DELUXE;439000;0
2914;TRACHEOSTOMY;DELUXE;4637000;0
2915;TRACHEOSTOMY REMOVAL OR REPLACE;DELUXE;890000;0
2916;TRANSFORAMINAL BLOCK MULTILEVEL (MULTIPLE);DELUXE;6401000;0
2917;TRANSFORAMINAL BLOCK ONE LEVEL;DELUXE;4783000;0
2918;VENA SECTIE;DELUXE;1080000;0
2919;ANOSCOPY;VIP;884000;0
2920;ASPIRATION;VIP;1155000;0
2921;Block Pain;VIP;3000000;0
2922;BODY ANALYZER (BIA);VIP;394000;0
2923;BONE MARROW PUNCTURE PROCEDURE  (BMP);VIP;2844000;0
2924;BRONCHOSCOPY;VIP;10058000;2386000
2925;BRONCHOSCOPY + BIOPSI;VIP;13288000;0
2926;CATHERIZATION  OR SHEATH OR DRAIN REMOVAL;VIP;450000;0
2927;CATHETERIZATION PLACEMENT;VIP;751000;0
2928;CIRCUMCISION;VIP;3750000;0
2929;COLONOSCOPY;VIP;11900000;1930000
2930;COLONOSCOPY + BIOPSY;VIP;14058000;0
2931;ERCP AND PAPILLOTOMY;VIP;30490000;4744000
2932;ERCP AND SPHINTEROTOMI;VIP;18991000;0
2933;ERCP AND SPHINTEROTOMI AND COMPLEX STONE EXTRACTION;VIP;38778000;0
2934;ERCP AND SPHINTEROTOMI AND SIMPLE STONE EXTRACTION;VIP;29736000;0
2935;ERCP AND SPHINTEROTOMI AND STENT;VIP;29736000;0
2936;ERCP DIAGNOSTIC;VIP;12936000;2013000
2937;ESOPHAGOSCOPY;VIP;5544000;778000
2938;FACET BLOCK MULTI LEVEL (MULTIPLE);VIP;6914000;0
2939;FACET BLOCK ONE LEVEL;VIP;5166000;0
2940;FEE I_TABLE 1A_CARDIAC SURGERY;VIP;2230000;780000
2941;FEE I_TABLE 1A_DENTISTRY;VIP;2110000;740000
2942;FEE I_TABLE 1A_ENT / OTORHINOLARYNGOLOGY;VIP;1820000;640000
2943;FEE I_TABLE 1A_GENERAL SURGERY;VIP;1670000;580000
2944;FEE I_TABLE 1A_NEUROSURGERY;VIP;1940000;680000
2945;FEE I_TABLE 1A_OBSTETRICS AND GYNECOLOGY;VIP;1610000;560000
2946;FEE I_TABLE 1A_OPHTHALMOLOGY;VIP;1680000;590000
2947;FEE I_TABLE 1A_ORTHOPEDIC SURGERY;VIP;1720000;600000
2948;FEE I_TABLE 1A_PEDIATRIC SURGERY;VIP;1740000;610000
2949;FEE I_TABLE 1A_PLASTIC SURGERY;VIP;2110000;740000
2950;FEE I_TABLE 1A_UROLOGICAL SURGERY;VIP;1690000;590000
2951;FEE I_TABLE 1B_CARDIAC SURGERY;VIP;2690000;940000
2952;FEE I_TABLE 1B_DENTISTRY;VIP;2530000;890000
2953;FEE I_TABLE 1B_ENT / OTORHINOLARYNGOLOGY;VIP;2690000;940000
2954;FEE I_TABLE 1B_GENERAL SURGERY;VIP;2980000;1040000
2955;FEE I_TABLE 1B_NEUROSURGERY;VIP;3110000;1090000
2956;FEE I_TABLE 1B_OBSTETRICS AND GYNECOLOGY;VIP;2020000;710000
2957;FEE I_TABLE 1B_OPHTHALMOLOGY;VIP;2950000;1030000
2958;FEE I_TABLE 1B_ORTHOPEDIC SURGERY;VIP;2580000;900000
2959;FEE I_TABLE 1B_PEDIATRIC SURGERY;VIP;2900000;1020000
2960;FEE I_TABLE 1B_PLASTIC SURGERY;VIP;2820000;990000
2961;FEE I_TABLE 1B_UROLOGICAL SURGERY;VIP;2820000;990000
2962;FEE I_TABLE 1C_CARDIAC SURGERY;VIP;3580000;1250000
2963;FEE I_TABLE 1C_DENTISTRY;VIP;2950000;1030000
2964;FEE I_TABLE 1C_ENT / OTORHINOLARYNGOLOGY;VIP;3770000;1320000
2965;FEE I_TABLE 1C_GENERAL SURGERY;VIP;4160000;1460000
2966;FEE I_TABLE 1C_NEUROSURGERY;VIP;5040000;1760000
2967;FEE I_TABLE 1C_OBSTETRICS AND GYNECOLOGY;VIP;3020000;1060000
2968;FEE I_TABLE 1C_OPHTHALMOLOGY;VIP;2950000;1030000
2969;FEE I_TABLE 1C_ORTHOPEDIC SURGERY;VIP;4310000;1510000
2970;FEE I_TABLE 1C_PEDIATRIC SURGERY;VIP;4370000;1530000
2971;FEE I_TABLE 1C_PLASTIC SURGERY;VIP;3530000;1240000
2972;FEE I_TABLE 1C_UROLOGICAL SURGERY;VIP;3530000;1240000
2973;FEE I_TABLE 2A_CARDIAC SURGERY;VIP;4480000;1570000
2974;FEE I_TABLE 2A_DENTISTRY;VIP;3370000;1180000
2975;FEE I_TABLE 2A_ENT / OTORHINOLARYNGOLOGY;VIP;4850000;1700000
2976;FEE I_TABLE 2A_GENERAL SURGERY;VIP;5350000;1870000
2977;FEE I_TABLE 2A_NEUROSURGERY;VIP;6980000;2440000
2978;FEE I_TABLE 2A_OBSTETRICS AND GYNECOLOGY;VIP;3530000;1240000
2979;FEE I_TABLE 2A_OPHTHALMOLOGY;VIP;4630000;1620000
2980;FEE I_TABLE 2A_ORTHOPEDIC SURGERY;VIP;6020000;2110000
2981;FEE I_TABLE 2A_PEDIATRIC SURGERY;VIP;5820000;2040000
2982;FEE I_TABLE 2A_PLASTIC SURGERY;VIP;4930000;1730000
2983;FEE I_TABLE 2A_UROLOGICAL SURGERY;VIP;4240000;1480000
2984;FEE I_TABLE 2B_CARDIAC SURGERY;VIP;5360000;1880000
2985;FEE I_TABLE 2B_DENTISTRY;VIP;3790000;1330000
2986;FEE I_TABLE 2B_ENT / OTORHINOLARYNGOLOGY;VIP;5920000;2070000
2987;FEE I_TABLE 2B_GENERAL SURGERY;VIP;5940000;2080000
2988;FEE I_TABLE 2B_NEUROSURGERY;VIP;8920000;3120000
2989;FEE I_TABLE 2B_OBSTETRICS AND GYNECOLOGY;VIP;4540000;1590000
2990;FEE I_TABLE 2B_OPHTHALMOLOGY;VIP;5890000;2060000
2991;FEE I_TABLE 2B_ORTHOPEDIC SURGERY;VIP;7750000;2710000
2992;FEE I_TABLE 2B_PEDIATRIC SURGERY;VIP;7270000;2540000
2993;FEE I_TABLE 2B_PLASTIC SURGERY;VIP;6350000;2220000
2994;FEE I_TABLE 2B_UROLOGICAL SURGERY;VIP;4940000;1730000
2995;FEE I_TABLE 2C_CARDIAC SURGERY;VIP;6260000;2190000
2996;FEE I_TABLE 2C_DENTISTRY;VIP;4210000;1470000
2997;FEE I_TABLE 2C_ENT / OTORHINOLARYNGOLOGY;VIP;8080000;2830000
2998;FEE I_TABLE 2C_GENERAL SURGERY;VIP;7130000;2500000
2999;FEE I_TABLE 2C_NEUROSURGERY;VIP;10860000;3800000
3000;FEE I_TABLE 2C_OBSTETRICS AND GYNECOLOGY;VIP;6050000;2120000
3001;FEE I_TABLE 2C_OPHTHALMOLOGY;VIP;7160000;2510000
3002;FEE I_TABLE 2C_ORTHOPEDIC SURGERY;VIP;9470000;3310000
3003;FEE I_TABLE 2C_PEDIATRIC SURGERY;VIP;8720000;3050000
3004;FEE I_TABLE 2C_PLASTIC SURGERY;VIP;8460000;2960000
3005;FEE I_TABLE 2C_UROLOGICAL SURGERY;VIP;6350000;2220000
3006;FEE I_TABLE 3A_CARDIAC SURGERY;VIP;7150000;2500000
3007;FEE I_TABLE 3A_DENTISTRY;VIP;6320000;2210000
3008;FEE I_TABLE 3A_ENT / OTORHINOLARYNGOLOGY;VIP;9680000;3390000
3009;FEE I_TABLE 3A_GENERAL SURGERY;VIP;8320000;2910000
3010;FEE I_TABLE 3A_NEUROSURGERY;VIP;12790000;4480000
3011;FEE I_TABLE 3A_OBSTETRICS AND GYNECOLOGY;VIP;7560000;2650000
3012;FEE I_TABLE 3A_OPHTHALMOLOGY;VIP;8420000;2950000
3013;FEE I_TABLE 3A_ORTHOPEDIC SURGERY;VIP;11180000;3910000
3014;FEE I_TABLE 3A_PEDIATRIC SURGERY;VIP;10180000;3560000
3015;FEE I_TABLE 3A_PLASTIC SURGERY;VIP;9880000;3460000
3016;FEE I_TABLE 3A_UROLOGICAL SURGERY;VIP;8470000;2960000
3017;FEE I_TABLE 3B_CARDIAC SURGERY;VIP;8050000;2820000
3018;FEE I_TABLE 3B_DENTISTRY;VIP;8420000;2950000
3019;FEE I_TABLE 3B_ENT / OTORHINOLARYNGOLOGY;VIP;10220000;3580000
3020;FEE I_TABLE 3B_GENERAL SURGERY;VIP;10100000;3540000
3021;FEE I_TABLE 3B_NEUROSURGERY;VIP;15500000;5430000
3022;FEE I_TABLE 3B_OBSTETRICS AND GYNECOLOGY;VIP;8570000;3000000
3023;FEE I_TABLE 3B_OPHTHALMOLOGY;VIP;9260000;3240000
3024;FEE I_TABLE 3B_ORTHOPEDIC SURGERY;VIP;12910000;4520000
3025;FEE I_TABLE 3B_PEDIATRIC SURGERY;VIP;11640000;4070000
3026;FEE I_TABLE 3B_PLASTIC SURGERY;VIP;11280000;3950000
3027;FEE I_TABLE 3B_UROLOGICAL SURGERY;VIP;9880000;3460000
3028;FEE I_TABLE 3C_CARDIAC SURGERY;VIP;8950000;3130000
3029;FEE I_TABLE 3C_DENTISTRY;VIP;9680000;3390000
3030;FEE I_TABLE 3C_ENT / OTORHINOLARYNGOLOGY;VIP;10760000;3770000
3031;FEE I_TABLE 3C_GENERAL SURGERY;VIP;11880000;4160000
3032;FEE I_TABLE 3C_NEUROSURGERY;VIP;17450000;6110000
3033;FEE I_TABLE 3C_OBSTETRICS AND GYNECOLOGY;VIP;10080000;3530000
3034;FEE I_TABLE 3C_OPHTHALMOLOGY;VIP;10100000;3540000
3035;FEE I_TABLE 3C_ORTHOPEDIC SURGERY;VIP;14630000;5120000
3036;FEE I_TABLE 3C_PEDIATRIC SURGERY;VIP;13090000;4580000
3037;FEE I_TABLE 3C_PLASTIC SURGERY;VIP;12700000;4450000
3038;FEE I_TABLE 3C_UROLOGICAL SURGERY;VIP;11290000;3950000
3039;FEE I_TABLE 4A_CARDIAC SURGERY;VIP;10740000;3760000
3040;FEE I_TABLE 4A_DENTISTRY;VIP;10960000;3840000
3041;FEE I_TABLE 4A_ENT / OTORHINOLARYNGOLOGY;VIP;11300000;3960000
3042;FEE I_TABLE 4A_GENERAL SURGERY;VIP;13070000;4570000
3043;FEE I_TABLE 4A_NEUROSURGERY;VIP;19380000;6780000
3044;FEE I_TABLE 4A_OBSTETRICS AND GYNECOLOGY;VIP;11090000;3880000
3045;FEE I_TABLE 4A_OPHTHALMOLOGY;VIP;11800000;4130000
3046;FEE I_TABLE 4A_ORTHOPEDIC SURGERY;VIP;15490000;5420000
3047;FEE I_TABLE 4A_PEDIATRIC SURGERY;VIP;14540000;5090000
3048;FEE I_TABLE 4A_PLASTIC SURGERY;VIP;14100000;4940000
3049;FEE I_TABLE 4A_UROLOGICAL SURGERY;VIP;12700000;4450000
3050;FEE I_TABLE 4B_CARDIAC SURGERY;VIP;12530000;4390000
3051;FEE I_TABLE 4B_DENTISTRY;VIP;11380000;3980000
3052;FEE I_TABLE 4B_ENT / OTORHINOLARYNGOLOGY;VIP;11840000;4140000
3053;FEE I_TABLE 4B_GENERAL SURGERY;VIP;14260000;4990000
3054;FEE I_TABLE 4B_NEUROSURGERY;VIP;23270000;8140000
3055;FEE I_TABLE 4B_OBSTETRICS AND GYNECOLOGY;VIP;12100000;4240000
3056;FEE I_TABLE 4B_OPHTHALMOLOGY;VIP;12640000;4420000
3057;FEE I_TABLE 4B_ORTHOPEDIC SURGERY;VIP;17220000;6030000
3058;FEE I_TABLE 4B_PEDIATRIC SURGERY;VIP;16000000;5600000
3059;FEE I_TABLE 4B_PLASTIC SURGERY;VIP;15520000;5430000
3060;FEE I_TABLE 4B_UROLOGICAL SURGERY;VIP;14110000;4940000
3061;FEE I_TABLE 4C_CARDIAC SURGERY;VIP;14320000;5010000
3062;FEE I_TABLE 4C_DENTISTRY;VIP;11800000;4130000
3063;FEE I_TABLE 4C_ENT / OTORHINOLARYNGOLOGY;VIP;12910000;4520000
3064;FEE I_TABLE 4C_GENERAL SURGERY;VIP;16040000;5610000
3065;FEE I_TABLE 4C_NEUROSURGERY;VIP;27140000;9500000
3066;FEE I_TABLE 4C_OBSTETRICS AND GYNECOLOGY;VIP;13100000;4590000
3067;FEE I_TABLE 4C_OPHTHALMOLOGY;VIP;13480000;4720000
3068;FEE I_TABLE 4C_ORTHOPEDIC SURGERY;VIP;18070000;6320000
3069;FEE I_TABLE 4C_PEDIATRIC SURGERY;VIP;17450000;6110000
3070;FEE I_TABLE 4C_PLASTIC SURGERY;VIP;16210000;5670000
3071;FEE I_TABLE 4C_UROLOGICAL SURGERY;VIP;14820000;5190000
3072;FEE I_TABLE 5A_CARDIAC SURGERY;VIP;16100000;5640000
3073;FEE I_TABLE 5A_DENTISTRY;VIP;13480000;4720000
3074;FEE I_TABLE 5A_ENT / OTORHINOLARYNGOLOGY;VIP;14530000;5090000
3075;FEE I_TABLE 5A_GENERAL SURGERY;VIP;16630000;5820000
3076;FEE I_TABLE 5A_NEUROSURGERY;VIP;31020000;10860000
3077;FEE I_TABLE 5A_OBSTETRICS AND GYNECOLOGY;VIP;13610000;4760000
3078;FEE I_TABLE 5A_OPHTHALMOLOGY;VIP;14320000;5010000
3079;FEE I_TABLE 5A_ORTHOPEDIC SURGERY;VIP;18940000;6630000
3080;FEE I_TABLE 5A_PEDIATRIC SURGERY;VIP;18910000;6620000
3081;FEE I_TABLE 5A_PLASTIC SURGERY;VIP;17630000;6170000
3082;FEE I_TABLE 5A_UROLOGICAL SURGERY;VIP;15530000;5440000
3083;FEE I_TABLE 5B_CARDIAC SURGERY;VIP;17890000;6260000
3084;FEE I_TABLE 5B_DENTISTRY;VIP;15170000;5310000
3085;FEE I_TABLE 5B_ENT / OTORHINOLARYNGOLOGY;VIP;15610000;5460000
3086;FEE I_TABLE 5B_GENERAL SURGERY;VIP;17230000;6030000
3087;FEE I_TABLE 5B_NEUROSURGERY;VIP;34900000;12220000
3088;FEE I_TABLE 5B_OBSTETRICS AND GYNECOLOGY;VIP;14620000;5120000
3089;FEE I_TABLE 5B_OPHTHALMOLOGY;VIP;15170000;5310000
3090;FEE I_TABLE 5B_ORTHOPEDIC SURGERY;VIP;19800000;6930000
3091;FEE I_TABLE 5B_PEDIATRIC SURGERY;VIP;20360000;7130000
3092;FEE I_TABLE 5B_PLASTIC SURGERY;VIP;19030000;6660000
3093;FEE I_TABLE 5B_UROLOGICAL SURGERY;VIP;16930000;5930000
3094;FEE I_TABLE 5C_CARDIAC SURGERY;VIP;19680000;6890000
3095;FEE I_TABLE 5C_DENTISTRY;VIP;17690000;6190000
3096;FEE I_TABLE 5C_ENT / OTORHINOLARYNGOLOGY;VIP;17220000;6030000
3097;FEE I_TABLE 5C_GENERAL SURGERY;VIP;17820000;6240000
3098;FEE I_TABLE 5C_NEUROSURGERY;VIP;38770000;13570000
3099;FEE I_TABLE 5C_OBSTETRICS AND GYNECOLOGY;VIP;16630000;5820000
3100;FEE I_TABLE 5C_OPHTHALMOLOGY;VIP;16850000;5900000
3101;FEE I_TABLE 5C_ORTHOPEDIC SURGERY;VIP;20650000;7230000
3102;FEE I_TABLE 5C_PEDIATRIC SURGERY;VIP;21820000;7640000
3103;FEE I_TABLE 5C_PLASTIC SURGERY;VIP;20450000;7160000
3104;FEE I_TABLE 5C_UROLOGICAL SURGERY;VIP;17640000;6170000
3105;FEE I_TABLE 6A_CARDIAC SURGERY;VIP;22370000;7830000
3106;FEE I_TABLE 6A_DENTISTRY;VIP;18960000;6640000
3107;FEE I_TABLE 6A_ENT / OTORHINOLARYNGOLOGY;VIP;19380000;6780000
3108;FEE I_TABLE 6A_GENERAL SURGERY;VIP;18420000;6450000
3109;FEE I_TABLE 6A_NEUROSURGERY;VIP;40700000;14250000
3110;FEE I_TABLE 6A_OBSTETRICS AND GYNECOLOGY;VIP;17640000;6170000
3111;FEE I_TABLE 6A_OPHTHALMOLOGY;VIP;18530000;6490000
3112;FEE I_TABLE 6A_ORTHOPEDIC SURGERY;VIP;21520000;7530000
3113;FEE I_TABLE 6A_PEDIATRIC SURGERY;VIP;23270000;8140000
3114;FEE I_TABLE 6A_PLASTIC SURGERY;VIP;21850000;7650000
3115;FEE I_TABLE 6A_UROLOGICAL SURGERY;VIP;18350000;6420000
3116;FEE I_TABLE 6B_CARDIAC SURGERY;VIP;25040000;8760000
3117;FEE I_TABLE 6B_DENTISTRY;VIP;21060000;7370000
3118;FEE I_TABLE 6B_ENT / OTORHINOLARYNGOLOGY;VIP;21530000;7540000
3119;FEE I_TABLE 6B_GENERAL SURGERY;VIP;19010000;6650000
3120;FEE I_TABLE 6B_NEUROSURGERY;VIP;42650000;14930000
3121;FEE I_TABLE 6B_OBSTETRICS AND GYNECOLOGY;VIP;19660000;6880000
3122;FEE I_TABLE 6B_OPHTHALMOLOGY;VIP;20220000;7080000
3123;FEE I_TABLE 6B_ORTHOPEDIC SURGERY;VIP;24100000;8440000
3124;FEE I_TABLE 6B_PEDIATRIC SURGERY;VIP;24720000;8650000
3125;FEE I_TABLE 6B_PLASTIC SURGERY;VIP;23270000;8140000
3126;FEE I_TABLE 6B_UROLOGICAL SURGERY;VIP;19750000;6910000
3127;FEE I_TABLE 6C_CARDIAC SURGERY;VIP;27730000;9710000
3128;FEE I_TABLE 6C_DENTISTRY;VIP;22740000;7960000
3129;FEE I_TABLE 6C_ENT / OTORHINOLARYNGOLOGY;VIP;23150000;8100000
3130;FEE I_TABLE 6C_GENERAL SURGERY;VIP;20200000;7070000
3131;FEE I_TABLE 6C_NEUROSURGERY;VIP;44580000;15600000
3132;FEE I_TABLE 6C_OBSTETRICS AND GYNECOLOGY;VIP;22180000;7760000
3133;FEE I_TABLE 6C_OPHTHALMOLOGY;VIP;22740000;7960000
3134;FEE I_TABLE 6C_ORTHOPEDIC SURGERY;VIP;29270000;10240000
3135;FEE I_TABLE 6C_PEDIATRIC SURGERY;VIP;26180000;9160000
3136;FEE I_TABLE 6C_PLASTIC SURGERY;VIP;24670000;8630000
3137;FEE I_TABLE 6C_UROLOGICAL SURGERY;VIP;21170000;7410000
3138;FEE I_TABLE 7A_CARDIAC SURGERY;VIP;31310000;10960000
3139;FEE I_TABLE 7A_DENTISTRY;VIP;25270000;8840000
3140;FEE I_TABLE 7A_ENT / OTORHINOLARYNGOLOGY;VIP;25840000;9040000
3141;FEE I_TABLE 7A_GENERAL SURGERY;VIP;21380000;7480000
3142;FEE I_TABLE 7A_NEUROSURGERY;VIP;46520000;16280000
3143;FEE I_TABLE 7A_OBSTETRICS AND GYNECOLOGY;VIP;23690000;8290000
3144;FEE I_TABLE 7A_OPHTHALMOLOGY;VIP;25270000;8840000
3145;FEE I_TABLE 7A_ORTHOPEDIC SURGERY;VIP;36140000;12650000
3146;FEE I_TABLE 7A_PEDIATRIC SURGERY;VIP;27640000;9670000
3147;FEE I_TABLE 7A_PLASTIC SURGERY;VIP;28200000;9870000
3148;FEE I_TABLE 7A_UROLOGICAL SURGERY;VIP;23280000;8150000
3149;FEE I_TABLE 7B_CARDIAC SURGERY;VIP;34880000;12210000
3150;FEE I_TABLE 7B_DENTISTRY;VIP;29060000;10170000
3151;FEE I_TABLE 7B_ENT / OTORHINOLARYNGOLOGY;VIP;27980000;9790000
3152;FEE I_TABLE 7B_GENERAL SURGERY;VIP;23760000;8320000
3153;FEE I_TABLE 7B_NEUROSURGERY;VIP;50400000;17640000
3154;FEE I_TABLE 7B_OBSTETRICS AND GYNECOLOGY;VIP;25200000;8820000
3155;FEE I_TABLE 7B_OPHTHALMOLOGY;VIP;27800000;9730000
3156;FEE I_TABLE 7B_ORTHOPEDIC SURGERY;VIP;43030000;15060000
3157;FEE I_TABLE 7B_PEDIATRIC SURGERY;VIP;29090000;10180000
3158;FEE I_TABLE 7B_PLASTIC SURGERY;VIP;31730000;11110000
3159;FEE I_TABLE 7B_UROLOGICAL SURGERY;VIP;26810000;9380000
3160;FEE I_TABLE 7C_CARDIAC SURGERY;VIP;38470000;13460000
3161;FEE I_TABLE 7C_DENTISTRY;VIP;32860000;11500000
3162;FEE I_TABLE 7C_ENT / OTORHINOLARYNGOLOGY;VIP;28850000;10100000
3163;FEE I_TABLE 7C_GENERAL SURGERY;VIP;24950000;8730000
3164;FEE I_TABLE 7C_NEUROSURGERY;VIP;54280000;19000000
3165;FEE I_TABLE 7C_OBSTETRICS AND GYNECOLOGY;VIP;26710000;9350000
3166;FEE I_TABLE 7C_OPHTHALMOLOGY;VIP;29480000;10320000
3167;FEE I_TABLE 7C_ORTHOPEDIC SURGERY;VIP;51650000;18080000
3168;FEE I_TABLE 7C_PEDIATRIC SURGERY;VIP;31990000;11200000
3169;FEE I_TABLE 7C_PLASTIC SURGERY;VIP;35260000;12340000
3170;FEE I_TABLE 7C_UROLOGICAL SURGERY;VIP;30340000;10620000
3171;FEE II_TABLE 1A_CARDIAC SURGERY;VIP;2900000;1020000
3172;FEE II_TABLE 1A_DENTISTRY;VIP;2750000;960000
3173;FEE II_TABLE 1A_DIGESTIVE SURGERY;VIP;2380000;830000
3174;FEE II_TABLE 1A_ENT / OTORHINOLARYNGOLOGY;VIP;2380000;830000
3175;FEE II_TABLE 1A_NEUROSURGERY;VIP;2530000;890000
3176;FEE II_TABLE 1A_OBSTETRICS AND GYNECOLOGY;VIP;2090000;730000
3177;FEE II_TABLE 1A_ONCOLOGY SURGERY;VIP;2560000;900000
3178;FEE II_TABLE 1A_OPHTHALMOLOGY;VIP;2180000;760000
3179;FEE II_TABLE 1A_ORTHOPEDIC SURGERY;VIP;2230000;780000
3180;FEE II_TABLE 1A_PEDIATRIC SURGERY;VIP;2270000;790000
3181;FEE II_TABLE 1A_PLASTIC SURGERY;VIP;2750000;960000
3182;FEE II_TABLE 1A_UROLOGICAL SURGERY;VIP;2200000;770000
3183;FEE II_TABLE 1A_VASCULAR SURGERY;VIP;2500000;880000
3184;FEE II_TABLE 1B_CARDIAC SURGERY;VIP;3490000;1220000
3185;FEE II_TABLE 1B_DENTISTRY;VIP;3290000;1150000
3186;FEE II_TABLE 1B_DIGESTIVE SURGERY;VIP;3160000;1110000
3187;FEE II_TABLE 1B_ENT / OTORHINOLARYNGOLOGY;VIP;3490000;1220000
3188;FEE II_TABLE 1B_NEUROSURGERY;VIP;4040000;1410000
3189;FEE II_TABLE 1B_OBSTETRICS AND GYNECOLOGY;VIP;2620000;920000
3190;FEE II_TABLE 1B_ONCOLOGY SURGERY;VIP;5110000;1790000
3191;FEE II_TABLE 1B_OPHTHALMOLOGY;VIP;3840000;1340000
3192;FEE II_TABLE 1B_ORTHOPEDIC SURGERY;VIP;3360000;1180000
3193;FEE II_TABLE 1B_PEDIATRIC SURGERY;VIP;3780000;1320000
3194;FEE II_TABLE 1B_PLASTIC SURGERY;VIP;3670000;1280000
3195;FEE II_TABLE 1B_UROLOGICAL SURGERY;VIP;3670000;1280000
3196;FEE II_TABLE 1B_VASCULAR SURGERY;VIP;3320000;1160000
3197;FEE II_TABLE 1C_CARDIAC SURGERY;VIP;4640000;1620000
3198;FEE II_TABLE 1C_DENTISTRY;VIP;3840000;1340000
3199;FEE II_TABLE 1C_DIGESTIVE SURGERY;VIP;4730000;1660000
3200;FEE II_TABLE 1C_ENT / OTORHINOLARYNGOLOGY;VIP;4900000;1720000
3201;FEE II_TABLE 1C_NEUROSURGERY;VIP;6550000;2290000
3202;FEE II_TABLE 1C_OBSTETRICS AND GYNECOLOGY;VIP;3940000;1380000
3203;FEE II_TABLE 1C_ONCOLOGY SURGERY;VIP;6400000;2240000
3204;FEE II_TABLE 1C_OPHTHALMOLOGY;VIP;3840000;1340000
3205;FEE II_TABLE 1C_ORTHOPEDIC SURGERY;VIP;5600000;1960000
3206;FEE II_TABLE 1C_PEDIATRIC SURGERY;VIP;5680000;1990000
3207;FEE II_TABLE 1C_PLASTIC SURGERY;VIP;4580000;1600000
3208;FEE II_TABLE 1C_UROLOGICAL SURGERY;VIP;4580000;1600000
3209;FEE II_TABLE 1C_VASCULAR SURGERY;VIP;4150000;1450000
3210;FEE II_TABLE 2A_CARDIAC SURGERY;VIP;5820000;2040000
3211;FEE II_TABLE 2A_DENTISTRY;VIP;4380000;1530000
3212;FEE II_TABLE 2A_DIGESTIVE SURGERY;VIP;6300000;2210000
3213;FEE II_TABLE 2A_ENT / OTORHINOLARYNGOLOGY;VIP;6300000;2210000
3214;FEE II_TABLE 2A_NEUROSURGERY;VIP;9080000;3180000
3215;FEE II_TABLE 2A_OBSTETRICS AND GYNECOLOGY;VIP;4580000;1600000
3216;FEE II_TABLE 2A_ONCOLOGY SURGERY;VIP;7660000;2680000
3217;FEE II_TABLE 2A_OPHTHALMOLOGY;VIP;6020000;2110000
3218;FEE II_TABLE 2A_ORTHOPEDIC SURGERY;VIP;7840000;2740000
3219;FEE II_TABLE 2A_PEDIATRIC SURGERY;VIP;7570000;2650000
3220;FEE II_TABLE 2A_PLASTIC SURGERY;VIP;6410000;2240000
3221;FEE II_TABLE 2A_UROLOGICAL SURGERY;VIP;5510000;1930000
3222;FEE II_TABLE 2A_VASCULAR SURGERY;VIP;4990000;1750000
3223;FEE II_TABLE 2B_CARDIAC SURGERY;VIP;6970000;2440000
3224;FEE II_TABLE 2B_DENTISTRY;VIP;4930000;1730000
3225;FEE II_TABLE 2B_DIGESTIVE SURGERY;VIP;7880000;2760000
3226;FEE II_TABLE 2B_ENT / OTORHINOLARYNGOLOGY;VIP;7690000;2690000
3227;FEE II_TABLE 2B_NEUROSURGERY;VIP;11590000;4060000
3228;FEE II_TABLE 2B_OBSTETRICS AND GYNECOLOGY;VIP;5890000;2060000
3229;FEE II_TABLE 2B_ONCOLOGY SURGERY;VIP;8940000;3130000
3230;FEE II_TABLE 2B_OPHTHALMOLOGY;VIP;7660000;2680000
3231;FEE II_TABLE 2B_ORTHOPEDIC SURGERY;VIP;10080000;3530000
3232;FEE II_TABLE 2B_PEDIATRIC SURGERY;VIP;9460000;3310000
3233;FEE II_TABLE 2B_PLASTIC SURGERY;VIP;8260000;2890000
3234;FEE II_TABLE 2B_UROLOGICAL SURGERY;VIP;6430000;2250000
3235;FEE II_TABLE 2B_VASCULAR SURGERY;VIP;6650000;2330000
3236;FEE II_TABLE 2C_CARDIAC SURGERY;VIP;8150000;2850000
3237;FEE II_TABLE 2C_DENTISTRY;VIP;5470000;1910000
3238;FEE II_TABLE 2C_DIGESTIVE SURGERY;VIP;9460000;3310000
3239;FEE II_TABLE 2C_ENT / OTORHINOLARYNGOLOGY;VIP;10500000;3680000
3240;FEE II_TABLE 2C_NEUROSURGERY;VIP;14120000;4940000
3241;FEE II_TABLE 2C_OBSTETRICS AND GYNECOLOGY;VIP;7860000;2750000
3242;FEE II_TABLE 2C_ONCOLOGY SURGERY;VIP;11500000;4030000
3243;FEE II_TABLE 2C_OPHTHALMOLOGY;VIP;9310000;3260000
3244;FEE II_TABLE 2C_ORTHOPEDIC SURGERY;VIP;12310000;4310000
3245;FEE II_TABLE 2C_PEDIATRIC SURGERY;VIP;11340000;3970000
3246;FEE II_TABLE 2C_PLASTIC SURGERY;VIP;11000000;3850000
3247;FEE II_TABLE 2C_UROLOGICAL SURGERY;VIP;8260000;2890000
3248;FEE II_TABLE 2C_VASCULAR SURGERY;VIP;8320000;2910000
3249;FEE II_TABLE 3A_CARDIAC SURGERY;VIP;9300000;3260000
3250;FEE II_TABLE 3A_DENTISTRY;VIP;8220000;2880000
3251;FEE II_TABLE 3A_DIGESTIVE SURGERY;VIP;11650000;4080000
3252;FEE II_TABLE 3A_ENT / OTORHINOLARYNGOLOGY;VIP;12590000;4410000
3253;FEE II_TABLE 3A_NEUROSURGERY;VIP;16630000;5820000
3254;FEE II_TABLE 3A_OBSTETRICS AND GYNECOLOGY;VIP;9830000;3440000
3255;FEE II_TABLE 3A_ONCOLOGY SURGERY;VIP;14050000;4920000
3256;FEE II_TABLE 3A_OPHTHALMOLOGY;VIP;10960000;3840000
3257;FEE II_TABLE 3A_ORTHOPEDIC SURGERY;VIP;14540000;5090000
3258;FEE II_TABLE 3A_PEDIATRIC SURGERY;VIP;13220000;4630000
3259;FEE II_TABLE 3A_PLASTIC SURGERY;VIP;12840000;4490000
3260;FEE II_TABLE 3A_UROLOGICAL SURGERY;VIP;11020000;3860000
3261;FEE II_TABLE 3A_VASCULAR SURGERY;VIP;9970000;3490000
3262;FEE II_TABLE 3B_CARDIAC SURGERY;VIP;10460000;3660000
3263;FEE II_TABLE 3B_DENTISTRY;VIP;10960000;3840000
3264;FEE II_TABLE 3B_DIGESTIVE SURGERY;VIP;13400000;4690000
3265;FEE II_TABLE 3B_ENT / OTORHINOLARYNGOLOGY;VIP;13300000;4660000
3266;FEE II_TABLE 3B_NEUROSURGERY;VIP;20160000;7060000
3267;FEE II_TABLE 3B_OBSTETRICS AND GYNECOLOGY;VIP;11140000;3900000
3268;FEE II_TABLE 3B_ONCOLOGY SURGERY;VIP;15340000;5370000
3269;FEE II_TABLE 3B_OPHTHALMOLOGY;VIP;12050000;4220000
3270;FEE II_TABLE 3B_ORTHOPEDIC SURGERY;VIP;16790000;5880000
3271;FEE II_TABLE 3B_PEDIATRIC SURGERY;VIP;15130000;5300000
3272;FEE II_TABLE 3B_PLASTIC SURGERY;VIP;14660000;5130000
3273;FEE II_TABLE 3B_UROLOGICAL SURGERY;VIP;12840000;4490000
3274;FEE II_TABLE 3B_VASCULAR SURGERY;VIP;11640000;4070000
3275;FEE II_TABLE 3C_CARDIAC SURGERY;VIP;11640000;4070000
3276;FEE II_TABLE 3C_DENTISTRY;VIP;12590000;4410000
3277;FEE II_TABLE 3C_DIGESTIVE SURGERY;VIP;14980000;5240000
3278;FEE II_TABLE 3C_ENT / OTORHINOLARYNGOLOGY;VIP;13990000;4900000
3279;FEE II_TABLE 3C_NEUROSURGERY;VIP;22680000;7940000
3280;FEE II_TABLE 3C_OBSTETRICS AND GYNECOLOGY;VIP;13100000;4590000
3281;FEE II_TABLE 3C_ONCOLOGY SURGERY;VIP;17890000;6260000
3282;FEE II_TABLE 3C_OPHTHALMOLOGY;VIP;13140000;4600000
3283;FEE II_TABLE 3C_ORTHOPEDIC SURGERY;VIP;19020000;6660000
3284;FEE II_TABLE 3C_PEDIATRIC SURGERY;VIP;17020000;5960000
3285;FEE II_TABLE 3C_PLASTIC SURGERY;VIP;16500000;5780000
3286;FEE II_TABLE 3C_UROLOGICAL SURGERY;VIP;14680000;5140000
3287;FEE II_TABLE 3C_VASCULAR SURGERY;VIP;13300000;4660000
3288;FEE II_TABLE 4A_CARDIAC SURGERY;VIP;13970000;4890000
3289;FEE II_TABLE 4A_DENTISTRY;VIP;14240000;4980000
3290;FEE II_TABLE 4A_DIGESTIVE SURGERY;VIP;15760000;5520000
3291;FEE II_TABLE 4A_ENT / OTORHINOLARYNGOLOGY;VIP;14700000;5150000
3292;FEE II_TABLE 4A_NEUROSURGERY;VIP;25200000;8820000
3293;FEE II_TABLE 4A_OBSTETRICS AND GYNECOLOGY;VIP;14410000;5040000
3294;FEE II_TABLE 4A_ONCOLOGY SURGERY;VIP;19180000;6710000
3295;FEE II_TABLE 4A_OPHTHALMOLOGY;VIP;15340000;5370000
3296;FEE II_TABLE 4A_ORTHOPEDIC SURGERY;VIP;20140000;7050000
3297;FEE II_TABLE 4A_PEDIATRIC SURGERY;VIP;18910000;6620000
3298;FEE II_TABLE 4A_PLASTIC SURGERY;VIP;18340000;6420000
3299;FEE II_TABLE 4A_UROLOGICAL SURGERY;VIP;16500000;5780000
3300;FEE II_TABLE 4A_VASCULAR SURGERY;VIP;14960000;5240000
3301;FEE II_TABLE 4B_CARDIAC SURGERY;VIP;16280000;5700000
3302;FEE II_TABLE 4B_DENTISTRY;VIP;14780000;5170000
3303;FEE II_TABLE 4B_DIGESTIVE SURGERY;VIP;17330000;6070000
3304;FEE II_TABLE 4B_ENT / OTORHINOLARYNGOLOGY;VIP;15400000;5390000
3305;FEE II_TABLE 4B_NEUROSURGERY;VIP;30250000;10590000
3306;FEE II_TABLE 4B_OBSTETRICS AND GYNECOLOGY;VIP;15720000;5500000
3307;FEE II_TABLE 4B_ONCOLOGY SURGERY;VIP;21720000;7600000
3308;FEE II_TABLE 4B_OPHTHALMOLOGY;VIP;16430000;5750000
3309;FEE II_TABLE 4B_ORTHOPEDIC SURGERY;VIP;22390000;7840000
3310;FEE II_TABLE 4B_PEDIATRIC SURGERY;VIP;20800000;7280000
3311;FEE II_TABLE 4B_PLASTIC SURGERY;VIP;20170000;7060000
3312;FEE II_TABLE 4B_UROLOGICAL SURGERY;VIP;18350000;6420000
3313;FEE II_TABLE 4B_VASCULAR SURGERY;VIP;16620000;5820000
3314;FEE II_TABLE 4C_CARDIAC SURGERY;VIP;18610000;6510000
3315;FEE II_TABLE 4C_DENTISTRY;VIP;15340000;5370000
3316;FEE II_TABLE 4C_DIGESTIVE SURGERY;VIP;18910000;6620000
3317;FEE II_TABLE 4C_ENT / OTORHINOLARYNGOLOGY;VIP;16790000;5880000
3318;FEE II_TABLE 4C_NEUROSURGERY;VIP;35290000;12350000
3319;FEE II_TABLE 4C_OBSTETRICS AND GYNECOLOGY;VIP;17040000;5960000
3320;FEE II_TABLE 4C_ONCOLOGY SURGERY;VIP;24280000;8500000
3321;FEE II_TABLE 4C_OPHTHALMOLOGY;VIP;17520000;6130000
3322;FEE II_TABLE 4C_ORTHOPEDIC SURGERY;VIP;23500000;8230000
3323;FEE II_TABLE 4C_PEDIATRIC SURGERY;VIP;22680000;7940000
3324;FEE II_TABLE 4C_PLASTIC SURGERY;VIP;21070000;7370000
3325;FEE II_TABLE 4C_UROLOGICAL SURGERY;VIP;19270000;6740000
3326;FEE II_TABLE 4C_VASCULAR SURGERY;VIP;18290000;6400000
3327;FEE II_TABLE 5A_CARDIAC SURGERY;VIP;20940000;7330000
3328;FEE II_TABLE 5A_DENTISTRY;VIP;17520000;6130000
3329;FEE II_TABLE 5A_DIGESTIVE SURGERY;VIP;20480000;7170000
3330;FEE II_TABLE 5A_ENT / OTORHINOLARYNGOLOGY;VIP;18890000;6610000
3331;FEE II_TABLE 5A_NEUROSURGERY;VIP;40330000;14120000
3332;FEE II_TABLE 5A_OBSTETRICS AND GYNECOLOGY;VIP;17690000;6190000
3333;FEE II_TABLE 5A_ONCOLOGY SURGERY;VIP;25550000;8940000
3334;FEE II_TABLE 5A_OPHTHALMOLOGY;VIP;18610000;6510000
3335;FEE II_TABLE 5A_ORTHOPEDIC SURGERY;VIP;24610000;8610000
3336;FEE II_TABLE 5A_PEDIATRIC SURGERY;VIP;24590000;8610000
3337;FEE II_TABLE 5A_PLASTIC SURGERY;VIP;22920000;8020000
3338;FEE II_TABLE 5A_UROLOGICAL SURGERY;VIP;20180000;7060000
3339;FEE II_TABLE 5A_VASCULAR SURGERY;VIP;19930000;6980000
3340;FEE II_TABLE 5B_CARDIAC SURGERY;VIP;23260000;8140000
3341;FEE II_TABLE 5B_DENTISTRY;VIP;19720000;6900000
3342;FEE II_TABLE 5B_DIGESTIVE SURGERY;VIP;22060000;7720000
3343;FEE II_TABLE 5B_ENT / OTORHINOLARYNGOLOGY;VIP;20290000;7100000
3344;FEE II_TABLE 5B_NEUROSURGERY;VIP;45360000;15880000
3345;FEE II_TABLE 5B_OBSTETRICS AND GYNECOLOGY;VIP;19000000;6650000
3346;FEE II_TABLE 5B_ONCOLOGY SURGERY;VIP;28120000;9840000
3347;FEE II_TABLE 5B_OPHTHALMOLOGY;VIP;19720000;6900000
3348;FEE II_TABLE 5B_ORTHOPEDIC SURGERY;VIP;25740000;9010000
3349;FEE II_TABLE 5B_PEDIATRIC SURGERY;VIP;26470000;9260000
3350;FEE II_TABLE 5B_PLASTIC SURGERY;VIP;24740000;8660000
3351;FEE II_TABLE 5B_UROLOGICAL SURGERY;VIP;22010000;7700000
3352;FEE II_TABLE 5B_VASCULAR SURGERY;VIP;21610000;7560000
3353;FEE II_TABLE 5C_CARDIAC SURGERY;VIP;25580000;8950000
3354;FEE II_TABLE 5C_DENTISTRY;VIP;22990000;8050000
3355;FEE II_TABLE 5C_DIGESTIVE SURGERY;VIP;23640000;8270000
3356;FEE II_TABLE 5C_ENT / OTORHINOLARYNGOLOGY;VIP;22390000;7840000
3357;FEE II_TABLE 5C_NEUROSURGERY;VIP;50400000;17640000
3358;FEE II_TABLE 5C_OBSTETRICS AND GYNECOLOGY;VIP;21620000;7570000
3359;FEE II_TABLE 5C_ONCOLOGY SURGERY;VIP;30670000;10730000
3360;FEE II_TABLE 5C_OPHTHALMOLOGY;VIP;21900000;7670000
3361;FEE II_TABLE 5C_ORTHOPEDIC SURGERY;VIP;26840000;9390000
3362;FEE II_TABLE 5C_PEDIATRIC SURGERY;VIP;28360000;9930000
3363;FEE II_TABLE 5C_PLASTIC SURGERY;VIP;26580000;9300000
3364;FEE II_TABLE 5C_UROLOGICAL SURGERY;VIP;22930000;8030000
3365;FEE II_TABLE 5C_VASCULAR SURGERY;VIP;23260000;8140000
3366;FEE II_TABLE 6A_CARDIAC SURGERY;VIP;29080000;10180000
3367;FEE II_TABLE 6A_DENTISTRY;VIP;24650000;8630000
3368;FEE II_TABLE 6A_DIGESTIVE SURGERY;VIP;25210000;8820000
3369;FEE II_TABLE 6A_ENT / OTORHINOLARYNGOLOGY;VIP;25200000;8820000
3370;FEE II_TABLE 6A_NEUROSURGERY;VIP;52920000;18520000
3371;FEE II_TABLE 6A_OBSTETRICS AND GYNECOLOGY;VIP;22930000;8030000
3372;FEE II_TABLE 6A_ONCOLOGY SURGERY;VIP;33220000;11630000
3373;FEE II_TABLE 6A_OPHTHALMOLOGY;VIP;24080000;8430000
3374;FEE II_TABLE 6A_ORTHOPEDIC SURGERY;VIP;27970000;9790000
3375;FEE II_TABLE 6A_PEDIATRIC SURGERY;VIP;30250000;10590000
3376;FEE II_TABLE 6A_PLASTIC SURGERY;VIP;28400000;9940000
3377;FEE II_TABLE 6A_UROLOGICAL SURGERY;VIP;23860000;8350000
3378;FEE II_TABLE 6A_VASCULAR SURGERY;VIP;26580000;9300000
3379;FEE II_TABLE 6B_CARDIAC SURGERY;VIP;32560000;11400000
3380;FEE II_TABLE 6B_DENTISTRY;VIP;27380000;9580000
3381;FEE II_TABLE 6B_DIGESTIVE SURGERY;VIP;26780000;9370000
3382;FEE II_TABLE 6B_ENT / OTORHINOLARYNGOLOGY;VIP;27980000;9790000
3383;FEE II_TABLE 6B_NEUROSURGERY;VIP;55440000;19400000
3384;FEE II_TABLE 6B_OBSTETRICS AND GYNECOLOGY;VIP;25550000;8940000
3385;FEE II_TABLE 6B_ONCOLOGY SURGERY;VIP;35770000;12520000
3386;FEE II_TABLE 6B_OPHTHALMOLOGY;VIP;26290000;9200000
3387;FEE II_TABLE 6B_ORTHOPEDIC SURGERY;VIP;31320000;10960000
3388;FEE II_TABLE 6B_PEDIATRIC SURGERY;VIP;32140000;11250000
3389;FEE II_TABLE 6B_PLASTIC SURGERY;VIP;30250000;10590000
3390;FEE II_TABLE 6B_UROLOGICAL SURGERY;VIP;25680000;8990000
3391;FEE II_TABLE 6B_VASCULAR SURGERY;VIP;29900000;10470000
3392;FEE II_TABLE 6C_CARDIAC SURGERY;VIP;36050000;12620000
3393;FEE II_TABLE 6C_DENTISTRY;VIP;29570000;10350000
3394;FEE II_TABLE 6C_DIGESTIVE SURGERY;VIP;28360000;9930000
3395;FEE II_TABLE 6C_ENT / OTORHINOLARYNGOLOGY;VIP;30100000;10540000
3396;FEE II_TABLE 6C_NEUROSURGERY;VIP;57960000;20290000
3397;FEE II_TABLE 6C_OBSTETRICS AND GYNECOLOGY;VIP;28820000;10090000
3398;FEE II_TABLE 6C_ONCOLOGY SURGERY;VIP;38330000;13420000
3399;FEE II_TABLE 6C_OPHTHALMOLOGY;VIP;29570000;10350000
3400;FEE II_TABLE 6C_ORTHOPEDIC SURGERY;VIP;38050000;13320000
3401;FEE II_TABLE 6C_PEDIATRIC SURGERY;VIP;34040000;11910000
3402;FEE II_TABLE 6C_PLASTIC SURGERY;VIP;32080000;11230000
3403;FEE II_TABLE 6C_UROLOGICAL SURGERY;VIP;27520000;9630000
3404;FEE II_TABLE 6C_VASCULAR SURGERY;VIP;33230000;11630000
3405;FEE II_TABLE 7A_CARDIAC SURGERY;VIP;40700000;14250000
3406;FEE II_TABLE 7A_DENTISTRY;VIP;32860000;11500000
3407;FEE II_TABLE 7A_DIGESTIVE SURGERY;VIP;29940000;10480000
3408;FEE II_TABLE 7A_ENT / OTORHINOLARYNGOLOGY;VIP;33590000;11760000
3409;FEE II_TABLE 7A_NEUROSURGERY;VIP;60480000;21170000
3410;FEE II_TABLE 7A_OBSTETRICS AND GYNECOLOGY;VIP;30790000;10780000
3411;FEE II_TABLE 7A_ONCOLOGY SURGERY;VIP;40880000;14310000
3412;FEE II_TABLE 7A_OPHTHALMOLOGY;VIP;32860000;11500000
3413;FEE II_TABLE 7A_ORTHOPEDIC SURGERY;VIP;46990000;16450000
3414;FEE II_TABLE 7A_PEDIATRIC SURGERY;VIP;35930000;12580000
3415;FEE II_TABLE 7A_PLASTIC SURGERY;VIP;36660000;12830000
3416;FEE II_TABLE 7A_UROLOGICAL SURGERY;VIP;30260000;10590000
3417;FEE II_TABLE 7A_VASCULAR SURGERY;VIP;38220000;13380000
3418;FEE II_TABLE 7B_CARDIAC SURGERY;VIP;45350000;15870000
3419;FEE II_TABLE 7B_DENTISTRY;VIP;37790000;13230000
3420;FEE II_TABLE 7B_DIGESTIVE SURGERY;VIP;31510000;11030000
3421;FEE II_TABLE 7B_ENT / OTORHINOLARYNGOLOGY;VIP;36380000;12730000
3422;FEE II_TABLE 7B_NEUROSURGERY;VIP;65520000;22930000
3423;FEE II_TABLE 7B_OBSTETRICS AND GYNECOLOGY;VIP;32760000;11470000
3424;FEE II_TABLE 7B_ONCOLOGY SURGERY;VIP;45980000;16090000
3425;FEE II_TABLE 7B_OPHTHALMOLOGY;VIP;36140000;12650000
3426;FEE II_TABLE 7B_ORTHOPEDIC SURGERY;VIP;55940000;19580000
3427;FEE II_TABLE 7B_PEDIATRIC SURGERY;VIP;37810000;13230000
3428;FEE II_TABLE 7B_PLASTIC SURGERY;VIP;41240000;14430000
3429;FEE II_TABLE 7B_UROLOGICAL SURGERY;VIP;34850000;12200000
3430;FEE II_TABLE 7B_VASCULAR SURGERY;VIP;43200000;15120000
3431;FEE II_TABLE 7C_CARDIAC SURGERY;VIP;50020000;17510000
3432;FEE II_TABLE 7C_DENTISTRY;VIP;42710000;14950000
3433;FEE II_TABLE 7C_DIGESTIVE SURGERY;VIP;34670000;12130000
3434;FEE II_TABLE 7C_ENT / OTORHINOLARYNGOLOGY;VIP;37500000;13130000
3435;FEE II_TABLE 7C_NEUROSURGERY;VIP;70560000;24700000
3436;FEE II_TABLE 7C_OBSTETRICS AND GYNECOLOGY;VIP;34730000;12160000
3437;FEE II_TABLE 7C_ONCOLOGY SURGERY;VIP;51110000;17890000
3438;FEE II_TABLE 7C_OPHTHALMOLOGY;VIP;38330000;13420000
3439;FEE II_TABLE 7C_ORTHOPEDIC SURGERY;VIP;67140000;23500000
3440;FEE II_TABLE 7C_PEDIATRIC SURGERY;VIP;41590000;14560000
3441;FEE II_TABLE 7C_PLASTIC SURGERY;VIP;45830000;16040000
3442;FEE II_TABLE 7C_UROLOGICAL SURGERY;VIP;39430000;13800000
3443;FEE II_TABLE 7C_VASCULAR SURGERY;VIP;48190000;16870000
3444;FNAB;VIP;811000;0
3445;FNAB USG GUIDED PROCEDURE;VIP;1766000;0
3446;FOREIGN BODY REMOVAL;VIP;1766000;778000
3447;FOREIGN BODY REMOVAL ;VIP;5544000;0
3448;GASTRIC BALLON (INSERTION);VIP;16630000;2590000
3449;GASTRIC BALLON (REMOVAL);VIP;16630000;2590000
3450;GASTRODUODENOSCOPY AND COLONOSCOPY;VIP;16630000;2590000
3451;GASTROSCOPY;VIP;10790000;1716000
3452;GASTROSCOPY + BIOPSY;VIP;13047000;0
3453;GASTROSCOPY AND COLONOSCOPY;VIP;18268000;2887000
3454;INJECTION FOR VACCINE PROCEDURE ;VIP;225000;0
3455;INJECTION INTRAARTICULAR;VIP;948000;0
3456;INJECTION TENDER POINT / TRIGGER POINT;VIP;902000;0
3457;INSERTION OF NGT / OGT;VIP;750000;0
3458;INTRA OSSEUS CATH;VIP;933000;0
3459;INTRALESIONAL INJECTION / INJEKSI INTRALESI;VIP;542000;0
3460;KIDNEY BIOPSY;VIP;8684000;0
3461;KONSULTASI LAKTASI;VIP;164000;0
3462;LAVAGE LAUNDRY;VIP;672000;0
3463;LYPECTOMY (LYPOMA) Q >10  REGIO > 3;VIP;3709000;0
3464;LYPECTOMY (LYPOMA) Q ≤ 10 REGIO ≤ 3;VIP;2428000;0
3465;MMSE (MINI MENTAL STATE EXAMINATION);VIP;654000;0
3466;NECROTOMY;VIP;770000;0
3467;PASANG VENTILATOR;VIP;476000;0
3468;PATCH TEST;VIP;3000000;0
3469;PEMASANGAN PIGTAIL DENGAN USG GUIDED;VIP;4200000;0
3470;PEMASANGAN PIGTAIL TANPA USG GUIDED;VIP;3300000;0
3471;PH METRIX;VIP;16630000;0
3472;PH METRIX OHMEGA;VIP;19403000;0
3473;PHLEBOTOMY PROCEDURE;VIP;884000;0
3474;POLIPECTOMY;VIP;13249000;2094000
3475;PRICK TEST;VIP;3000000;0
3476;PRICK TEST _ 1;VIP;1998000;0
3477;PUNKSI ABDOMINAL;VIP;1916000;0
3478;PUNKSI SENDI;VIP;975000;0
3479;PUSH ENTEROSCOPY;VIP;10794000;1765000
3480;READING EEG;VIP;161000;0
3481;RECTOSCOPY;VIP;2942000;0
3482;REKTOSIGMOIDOSCOPY;VIP;7412000;1179000
3483;REKTOSIGMOIDOSCOPY + BIOPSY;VIP;9852000;0
3484;REMOVE / AFF CVC;VIP;770000;0
3485;REMOVE / AFF WSD / CHEST TUBE;VIP;1273000;0
3486;RESUCITATION FEE  LESS THAN 1 HOUR(PER HOUR);VIP;1168000;0
3487;RESUCITATION FEE  MORE THAN 1 HOUR(PER HOUR);VIP;478000;0
3488;RIGHT TO LEFT SHUNT TEST;VIP;1146000;0
3489;RUBBER BAND LIGATION;VIP;1668000;0
3490;SKLEROTHERAPI;VIP;10307000;1670000
3491;SKRINING USG FETOMATERNAL;VIP;2642500;0
3492;TINDAKAN / BEDAH MINOR A;VIP;1530000;0
3493;Tindakan / Bedah Minor B;VIP;2295000;0
3494;TINDAKAN CHEMOTHERAPY;VIP;1326000;0
3495;TINDAKAN DC SHOCK;VIP;606000;0
3496;TOUNGE TIED KLINIK LAKTASI;VIP;439000;0
3497;TRACHEOSTOMY;VIP;6028000;0
3498;TRACHEOSTOMY REMOVAL OR REPLACE;VIP;953000;0
3499;TRANSFORAMINAL BLOCK MULTILEVEL (MULTIPLE);VIP;6914000;0
3500;TRANSFORAMINAL BLOCK ONE LEVEL;VIP;5166000;0
3501;VENA SECTIE;VIP;1155000;0
3502;ANOSCOPY;VVIP;884000;0
3503;ASPIRATION;VVIP;1171000;0
3504;Block Pain;VVIP;3041000;0
3505;BODY ANALYZER (BIA);VVIP;394000;0
3506;BONE MARROW PUNCTURE PROCEDURE  (BMP);VVIP;2844000;0
3507;BRONCHOSCOPY;VVIP;10332000;2451000
3508;BRONCHOSCOPY + BIOPSI;VVIP;13651000;0
3509;CATHERIZATION  OR SHEATH OR DRAIN REMOVAL;VVIP;450000;0
3510;CATHETERIZATION PLACEMENT;VVIP;762000;0
3511;CIRCUMCISION;VVIP;3800000;0
3512;COLONOSCOPY;VVIP;12225000;1969000
3513;COLONOSCOPY + BIOPSY;VVIP;14442000;0
3514;ERCP AND PAPILLOTOMY;VVIP;31323000;4873000
3515;ERCP AND SPHINTEROTOMI;VVIP;19510000;0
3516;ERCP AND SPHINTEROTOMI AND COMPLEX STONE EXTRACTION;VVIP;39838000;0
3517;ERCP AND SPHINTEROTOMI AND SIMPLE STONE EXTRACTION;VVIP;30548000;0
3518;ERCP AND SPHINTEROTOMI AND STENT;VVIP;30548000;0
3519;ERCP DIAGNOSTIC;VVIP;13289000;2068000
3520;ESOPHAGOSCOPY;VVIP;5695000;799000
3521;FACET BLOCK MULTI LEVEL (MULTIPLE);VVIP;7054000;0
3522;FACET BLOCK ONE LEVEL;VVIP;5272000;0
3523;FEE I_TABLE 1A_CARDIAC SURGERY;VVIP;2330000;820000
3524;FEE I_TABLE 1A_DENTISTRY;VVIP;2200000;770000
3525;FEE I_TABLE 1A_ENT / OTORHINOLARYNGOLOGY;VVIP;1900000;670000
3526;FEE I_TABLE 1A_GENERAL SURGERY;VVIP;1740000;610000
3527;FEE I_TABLE 1A_NEUROSURGERY;VVIP;2030000;710000
3528;FEE I_TABLE 1A_OBSTETRICS AND GYNECOLOGY;VVIP;1680000;590000
3529;FEE I_TABLE 1A_OPHTHALMOLOGY;VVIP;1750000;610000
3530;FEE I_TABLE 1A_ORTHOPEDIC SURGERY;VVIP;1790000;630000
3531;FEE I_TABLE 1A_PEDIATRIC SURGERY;VVIP;1810000;630000
3532;FEE I_TABLE 1A_PLASTIC SURGERY;VVIP;2200000;770000
3533;FEE I_TABLE 1A_UROLOGICAL SURGERY;VVIP;1760000;620000
3534;FEE I_TABLE 1B_CARDIAC SURGERY;VVIP;2800000;980000
3535;FEE I_TABLE 1B_DENTISTRY;VVIP;2640000;920000
3536;FEE I_TABLE 1B_ENT / OTORHINOLARYNGOLOGY;VVIP;2800000;980000
3537;FEE I_TABLE 1B_GENERAL SURGERY;VVIP;3100000;1090000
3538;FEE I_TABLE 1B_NEUROSURGERY;VVIP;3240000;1130000
3539;FEE I_TABLE 1B_OBSTETRICS AND GYNECOLOGY;VVIP;2100000;740000
3540;FEE I_TABLE 1B_OPHTHALMOLOGY;VVIP;3080000;1080000
3541;FEE I_TABLE 1B_ORTHOPEDIC SURGERY;VVIP;2690000;940000
3542;FEE I_TABLE 1B_PEDIATRIC SURGERY;VVIP;3030000;1060000
3543;FEE I_TABLE 1B_PLASTIC SURGERY;VVIP;2940000;1030000
3544;FEE I_TABLE 1B_UROLOGICAL SURGERY;VVIP;2940000;1030000
3545;FEE I_TABLE 1C_CARDIAC SURGERY;VVIP;3730000;1310000
3546;FEE I_TABLE 1C_DENTISTRY;VVIP;3080000;1080000
3547;FEE I_TABLE 1C_ENT / OTORHINOLARYNGOLOGY;VVIP;3930000;1380000
3548;FEE I_TABLE 1C_GENERAL SURGERY;VVIP;4340000;1520000
3549;FEE I_TABLE 1C_NEUROSURGERY;VVIP;5250000;1840000
3550;FEE I_TABLE 1C_OBSTETRICS AND GYNECOLOGY;VVIP;3150000;1100000
3551;FEE I_TABLE 1C_OPHTHALMOLOGY;VVIP;3080000;1080000
3552;FEE I_TABLE 1C_ORTHOPEDIC SURGERY;VVIP;4490000;1570000
3553;FEE I_TABLE 1C_PEDIATRIC SURGERY;VVIP;4550000;1590000
3554;FEE I_TABLE 1C_PLASTIC SURGERY;VVIP;3680000;1290000
3555;FEE I_TABLE 1C_UROLOGICAL SURGERY;VVIP;3680000;1290000
3556;FEE I_TABLE 2A_CARDIAC SURGERY;VVIP;4660000;1630000
3557;FEE I_TABLE 2A_DENTISTRY;VVIP;3510000;1230000
3558;FEE I_TABLE 2A_ENT / OTORHINOLARYNGOLOGY;VVIP;5050000;1770000
3559;FEE I_TABLE 2A_GENERAL SURGERY;VVIP;5580000;1950000
3560;FEE I_TABLE 2A_NEUROSURGERY;VVIP;7280000;2550000
3561;FEE I_TABLE 2A_OBSTETRICS AND GYNECOLOGY;VVIP;3680000;1290000
3562;FEE I_TABLE 2A_OPHTHALMOLOGY;VVIP;4830000;1690000
3563;FEE I_TABLE 2A_ORTHOPEDIC SURGERY;VVIP;6280000;2200000
3564;FEE I_TABLE 2A_PEDIATRIC SURGERY;VVIP;6060000;2120000
3565;FEE I_TABLE 2A_PLASTIC SURGERY;VVIP;5140000;1800000
3566;FEE I_TABLE 2A_UROLOGICAL SURGERY;VVIP;4410000;1540000
3567;FEE I_TABLE 2B_CARDIAC SURGERY;VVIP;5590000;1960000
3568;FEE I_TABLE 2B_DENTISTRY;VVIP;3950000;1380000
3569;FEE I_TABLE 2B_ENT / OTORHINOLARYNGOLOGY;VVIP;6160000;2160000
3570;FEE I_TABLE 2B_GENERAL SURGERY;VVIP;6190000;2170000
3571;FEE I_TABLE 2B_NEUROSURGERY;VVIP;9290000;3250000
3572;FEE I_TABLE 2B_OBSTETRICS AND GYNECOLOGY;VVIP;4730000;1660000
3573;FEE I_TABLE 2B_OPHTHALMOLOGY;VVIP;6140000;2150000
3574;FEE I_TABLE 2B_ORTHOPEDIC SURGERY;VVIP;8080000;2830000
3575;FEE I_TABLE 2B_PEDIATRIC SURGERY;VVIP;7580000;2650000
3576;FEE I_TABLE 2B_PLASTIC SURGERY;VVIP;6610000;2310000
3577;FEE I_TABLE 2B_UROLOGICAL SURGERY;VVIP;5150000;1800000
3578;FEE I_TABLE 2C_CARDIAC SURGERY;VVIP;6530000;2290000
3579;FEE I_TABLE 2C_DENTISTRY;VVIP;4390000;1540000
3580;FEE I_TABLE 2C_ENT / OTORHINOLARYNGOLOGY;VVIP;8410000;2940000
3581;FEE I_TABLE 2C_GENERAL SURGERY;VVIP;7430000;2600000
3582;FEE I_TABLE 2C_NEUROSURGERY;VVIP;11310000;3960000
3583;FEE I_TABLE 2C_OBSTETRICS AND GYNECOLOGY;VVIP;6300000;2210000
3584;FEE I_TABLE 2C_OPHTHALMOLOGY;VVIP;7460000;2610000
3585;FEE I_TABLE 2C_ORTHOPEDIC SURGERY;VVIP;9860000;3450000
3586;FEE I_TABLE 2C_PEDIATRIC SURGERY;VVIP;9090000;3180000
3587;FEE I_TABLE 2C_PLASTIC SURGERY;VVIP;8810000;3080000
3588;FEE I_TABLE 2C_UROLOGICAL SURGERY;VVIP;6610000;2310000
3589;FEE I_TABLE 3A_CARDIAC SURGERY;VVIP;7450000;2610000
3590;FEE I_TABLE 3A_DENTISTRY;VVIP;6590000;2310000
3591;FEE I_TABLE 3A_ENT / OTORHINOLARYNGOLOGY;VVIP;10090000;3530000
3592;FEE I_TABLE 3A_GENERAL SURGERY;VVIP;8660000;3030000
3593;FEE I_TABLE 3A_NEUROSURGERY;VVIP;13330000;4670000
3594;FEE I_TABLE 3A_OBSTETRICS AND GYNECOLOGY;VVIP;7880000;2760000
3595;FEE I_TABLE 3A_OPHTHALMOLOGY;VVIP;8780000;3070000
3596;FEE I_TABLE 3A_ORTHOPEDIC SURGERY;VVIP;11650000;4080000
3597;FEE I_TABLE 3A_PEDIATRIC SURGERY;VVIP;10600000;3710000
3598;FEE I_TABLE 3A_PLASTIC SURGERY;VVIP;10290000;3600000
3599;FEE I_TABLE 3A_UROLOGICAL SURGERY;VVIP;8830000;3090000
3600;FEE I_TABLE 3B_CARDIAC SURGERY;VVIP;8390000;2940000
3601;FEE I_TABLE 3B_DENTISTRY;VVIP;8780000;3070000
3602;FEE I_TABLE 3B_ENT / OTORHINOLARYNGOLOGY;VVIP;10650000;3730000
3603;FEE I_TABLE 3B_GENERAL SURGERY;VVIP;10530000;3690000
3604;FEE I_TABLE 3B_NEUROSURGERY;VVIP;16150000;5650000
3605;FEE I_TABLE 3B_OBSTETRICS AND GYNECOLOGY;VVIP;8930000;3130000
3606;FEE I_TABLE 3B_OPHTHALMOLOGY;VVIP;9650000;3380000
3607;FEE I_TABLE 3B_ORTHOPEDIC SURGERY;VVIP;13450000;4710000
3608;FEE I_TABLE 3B_PEDIATRIC SURGERY;VVIP;12130000;4250000
3609;FEE I_TABLE 3B_PLASTIC SURGERY;VVIP;11750000;4110000
3610;FEE I_TABLE 3B_UROLOGICAL SURGERY;VVIP;10290000;3600000
3611;FEE I_TABLE 3C_CARDIAC SURGERY;VVIP;9330000;3270000
3612;FEE I_TABLE 3C_DENTISTRY;VVIP;10090000;3530000
3613;FEE I_TABLE 3C_ENT / OTORHINOLARYNGOLOGY;VVIP;11210000;3920000
3614;FEE I_TABLE 3C_GENERAL SURGERY;VVIP;12380000;4330000
3615;FEE I_TABLE 3C_NEUROSURGERY;VVIP;18180000;6360000
3616;FEE I_TABLE 3C_OBSTETRICS AND GYNECOLOGY;VVIP;10500000;3680000
3617;FEE I_TABLE 3C_OPHTHALMOLOGY;VVIP;10530000;3690000
3618;FEE I_TABLE 3C_ORTHOPEDIC SURGERY;VVIP;15240000;5330000
3619;FEE I_TABLE 3C_PEDIATRIC SURGERY;VVIP;13640000;4770000
3620;FEE I_TABLE 3C_PLASTIC SURGERY;VVIP;13230000;4630000
3621;FEE I_TABLE 3C_UROLOGICAL SURGERY;VVIP;11760000;4120000
3622;FEE I_TABLE 4A_CARDIAC SURGERY;VVIP;11190000;3920000
3623;FEE I_TABLE 4A_DENTISTRY;VVIP;11410000;3990000
3624;FEE I_TABLE 4A_ENT / OTORHINOLARYNGOLOGY;VVIP;11780000;4120000
3625;FEE I_TABLE 4A_GENERAL SURGERY;VVIP;13610000;4760000
3626;FEE I_TABLE 4A_NEUROSURGERY;VVIP;20190000;7070000
3627;FEE I_TABLE 4A_OBSTETRICS AND GYNECOLOGY;VVIP;11550000;4040000
3628;FEE I_TABLE 4A_OPHTHALMOLOGY;VVIP;12290000;4300000
3629;FEE I_TABLE 4A_ORTHOPEDIC SURGERY;VVIP;16140000;5650000
3630;FEE I_TABLE 4A_PEDIATRIC SURGERY;VVIP;15150000;5300000
3631;FEE I_TABLE 4A_PLASTIC SURGERY;VVIP;14690000;5140000
3632;FEE I_TABLE 4A_UROLOGICAL SURGERY;VVIP;13230000;4630000
3633;FEE I_TABLE 4B_CARDIAC SURGERY;VVIP;13050000;4570000
3634;FEE I_TABLE 4B_DENTISTRY;VVIP;11850000;4150000
3635;FEE I_TABLE 4B_ENT / OTORHINOLARYNGOLOGY;VVIP;12340000;4320000
3636;FEE I_TABLE 4B_GENERAL SURGERY;VVIP;14850000;5200000
3637;FEE I_TABLE 4B_NEUROSURGERY;VVIP;24240000;8480000
3638;FEE I_TABLE 4B_OBSTETRICS AND GYNECOLOGY;VVIP;12600000;4410000
3639;FEE I_TABLE 4B_OPHTHALMOLOGY;VVIP;13160000;4610000
3640;FEE I_TABLE 4B_ORTHOPEDIC SURGERY;VVIP;17940000;6280000
3641;FEE I_TABLE 4B_PEDIATRIC SURGERY;VVIP;16660000;5830000
3642;FEE I_TABLE 4B_PLASTIC SURGERY;VVIP;16160000;5660000
3643;FEE I_TABLE 4B_UROLOGICAL SURGERY;VVIP;14700000;5150000
3644;FEE I_TABLE 4C_CARDIAC SURGERY;VVIP;14910000;5220000
3645;FEE I_TABLE 4C_DENTISTRY;VVIP;12290000;4300000
3646;FEE I_TABLE 4C_ENT / OTORHINOLARYNGOLOGY;VVIP;13450000;4710000
3647;FEE I_TABLE 4C_GENERAL SURGERY;VVIP;16710000;5850000
3648;FEE I_TABLE 4C_NEUROSURGERY;VVIP;28280000;9900000
3649;FEE I_TABLE 4C_OBSTETRICS AND GYNECOLOGY;VVIP;13650000;4780000
3650;FEE I_TABLE 4C_OPHTHALMOLOGY;VVIP;14040000;4910000
3651;FEE I_TABLE 4C_ORTHOPEDIC SURGERY;VVIP;18830000;6590000
3652;FEE I_TABLE 4C_PEDIATRIC SURGERY;VVIP;18180000;6360000
3653;FEE I_TABLE 4C_PLASTIC SURGERY;VVIP;16890000;5910000
3654;FEE I_TABLE 4C_UROLOGICAL SURGERY;VVIP;15440000;5400000
3655;FEE I_TABLE 5A_CARDIAC SURGERY;VVIP;16780000;5870000
3656;FEE I_TABLE 5A_DENTISTRY;VVIP;14040000;4910000
3657;FEE I_TABLE 5A_ENT / OTORHINOLARYNGOLOGY;VVIP;15140000;5300000
3658;FEE I_TABLE 5A_GENERAL SURGERY;VVIP;17330000;6070000
3659;FEE I_TABLE 5A_NEUROSURGERY;VVIP;32310000;11310000
3660;FEE I_TABLE 5A_OBSTETRICS AND GYNECOLOGY;VVIP;14180000;4960000
3661;FEE I_TABLE 5A_OPHTHALMOLOGY;VVIP;14910000;5220000
3662;FEE I_TABLE 5A_ORTHOPEDIC SURGERY;VVIP;19730000;6910000
3663;FEE I_TABLE 5A_PEDIATRIC SURGERY;VVIP;19700000;6900000
3664;FEE I_TABLE 5A_PLASTIC SURGERY;VVIP;18360000;6430000
3665;FEE I_TABLE 5A_UROLOGICAL SURGERY;VVIP;16180000;5660000
3666;FEE I_TABLE 5B_CARDIAC SURGERY;VVIP;18640000;6520000
3667;FEE I_TABLE 5B_DENTISTRY;VVIP;15800000;5530000
3668;FEE I_TABLE 5B_ENT / OTORHINOLARYNGOLOGY;VVIP;16260000;5690000
3669;FEE I_TABLE 5B_GENERAL SURGERY;VVIP;17950000;6280000
3670;FEE I_TABLE 5B_NEUROSURGERY;VVIP;36350000;12720000
3671;FEE I_TABLE 5B_OBSTETRICS AND GYNECOLOGY;VVIP;15230000;5330000
3672;FEE I_TABLE 5B_OPHTHALMOLOGY;VVIP;15800000;5530000
3673;FEE I_TABLE 5B_ORTHOPEDIC SURGERY;VVIP;20630000;7220000
3674;FEE I_TABLE 5B_PEDIATRIC SURGERY;VVIP;21210000;7420000
3675;FEE I_TABLE 5B_PLASTIC SURGERY;VVIP;19830000;6940000
3676;FEE I_TABLE 5B_UROLOGICAL SURGERY;VVIP;17640000;6170000
3677;FEE I_TABLE 5C_CARDIAC SURGERY;VVIP;20500000;7180000
3678;FEE I_TABLE 5C_DENTISTRY;VVIP;18430000;6450000
3679;FEE I_TABLE 5C_ENT / OTORHINOLARYNGOLOGY;VVIP;17940000;6280000
3680;FEE I_TABLE 5C_GENERAL SURGERY;VVIP;18560000;6500000
3681;FEE I_TABLE 5C_NEUROSURGERY;VVIP;40390000;14140000
3682;FEE I_TABLE 5C_OBSTETRICS AND GYNECOLOGY;VVIP;17330000;6070000
3683;FEE I_TABLE 5C_OPHTHALMOLOGY;VVIP;17550000;6140000
3684;FEE I_TABLE 5C_ORTHOPEDIC SURGERY;VVIP;21510000;7530000
3685;FEE I_TABLE 5C_PEDIATRIC SURGERY;VVIP;22730000;7960000
3686;FEE I_TABLE 5C_PLASTIC SURGERY;VVIP;21300000;7460000
3687;FEE I_TABLE 5C_UROLOGICAL SURGERY;VVIP;18380000;6430000
3688;FEE I_TABLE 6A_CARDIAC SURGERY;VVIP;23300000;8160000
3689;FEE I_TABLE 6A_DENTISTRY;VVIP;19750000;6910000
3690;FEE I_TABLE 6A_ENT / OTORHINOLARYNGOLOGY;VVIP;20190000;7070000
3691;FEE I_TABLE 6A_GENERAL SURGERY;VVIP;19190000;6720000
3692;FEE I_TABLE 6A_NEUROSURGERY;VVIP;42400000;14840000
3693;FEE I_TABLE 6A_OBSTETRICS AND GYNECOLOGY;VVIP;18380000;6430000
3694;FEE I_TABLE 6A_OPHTHALMOLOGY;VVIP;19300000;6760000
3695;FEE I_TABLE 6A_ORTHOPEDIC SURGERY;VVIP;22410000;7840000
3696;FEE I_TABLE 6A_PEDIATRIC SURGERY;VVIP;24240000;8480000
3697;FEE I_TABLE 6A_PLASTIC SURGERY;VVIP;22760000;7970000
3698;FEE I_TABLE 6A_UROLOGICAL SURGERY;VVIP;19110000;6690000
3699;FEE I_TABLE 6B_CARDIAC SURGERY;VVIP;26090000;9130000
3700;FEE I_TABLE 6B_DENTISTRY;VVIP;21940000;7680000
3701;FEE I_TABLE 6B_ENT / OTORHINOLARYNGOLOGY;VVIP;22430000;7850000
3702;FEE I_TABLE 6B_GENERAL SURGERY;VVIP;19800000;6930000
3703;FEE I_TABLE 6B_NEUROSURGERY;VVIP;44430000;15550000
3704;FEE I_TABLE 6B_OBSTETRICS AND GYNECOLOGY;VVIP;20480000;7170000
3705;FEE I_TABLE 6B_OPHTHALMOLOGY;VVIP;21060000;7370000
3706;FEE I_TABLE 6B_ORTHOPEDIC SURGERY;VVIP;25100000;8790000
3707;FEE I_TABLE 6B_PEDIATRIC SURGERY;VVIP;25750000;9010000
3708;FEE I_TABLE 6B_PLASTIC SURGERY;VVIP;24240000;8480000
3709;FEE I_TABLE 6B_UROLOGICAL SURGERY;VVIP;20580000;7200000
3710;FEE I_TABLE 6C_CARDIAC SURGERY;VVIP;28890000;10110000
3711;FEE I_TABLE 6C_DENTISTRY;VVIP;23690000;8290000
3712;FEE I_TABLE 6C_ENT / OTORHINOLARYNGOLOGY;VVIP;24110000;8440000
3713;FEE I_TABLE 6C_GENERAL SURGERY;VVIP;21040000;7360000
3714;FEE I_TABLE 6C_NEUROSURGERY;VVIP;46440000;16250000
3715;FEE I_TABLE 6C_OBSTETRICS AND GYNECOLOGY;VVIP;23100000;8090000
3716;FEE I_TABLE 6C_OPHTHALMOLOGY;VVIP;23690000;8290000
3717;FEE I_TABLE 6C_ORTHOPEDIC SURGERY;VVIP;30490000;10670000
3718;FEE I_TABLE 6C_PEDIATRIC SURGERY;VVIP;27280000;9550000
3719;FEE I_TABLE 6C_PLASTIC SURGERY;VVIP;25700000;9000000
3720;FEE I_TABLE 6C_UROLOGICAL SURGERY;VVIP;22050000;7720000
3721;FEE I_TABLE 7A_CARDIAC SURGERY;VVIP;32610000;11410000
3722;FEE I_TABLE 7A_DENTISTRY;VVIP;26330000;9220000
3723;FEE I_TABLE 7A_ENT / OTORHINOLARYNGOLOGY;VVIP;26910000;9420000
3724;FEE I_TABLE 7A_GENERAL SURGERY;VVIP;22280000;7800000
3725;FEE I_TABLE 7A_NEUROSURGERY;VVIP;48460000;16960000
3726;FEE I_TABLE 7A_OBSTETRICS AND GYNECOLOGY;VVIP;24680000;8640000
3727;FEE I_TABLE 7A_OPHTHALMOLOGY;VVIP;26330000;9220000
3728;FEE I_TABLE 7A_ORTHOPEDIC SURGERY;VVIP;37650000;13180000
3729;FEE I_TABLE 7A_PEDIATRIC SURGERY;VVIP;28790000;10080000
3730;FEE I_TABLE 7A_PLASTIC SURGERY;VVIP;29380000;10280000
3731;FEE I_TABLE 7A_UROLOGICAL SURGERY;VVIP;24250000;8490000
3732;FEE I_TABLE 7B_CARDIAC SURGERY;VVIP;36340000;12720000
3733;FEE I_TABLE 7B_DENTISTRY;VVIP;30280000;10600000
3734;FEE I_TABLE 7B_ENT / OTORHINOLARYNGOLOGY;VVIP;29150000;10200000
3735;FEE I_TABLE 7B_GENERAL SURGERY;VVIP;24750000;8660000
3736;FEE I_TABLE 7B_NEUROSURGERY;VVIP;52500000;18380000
3737;FEE I_TABLE 7B_OBSTETRICS AND GYNECOLOGY;VVIP;26250000;9190000
3738;FEE I_TABLE 7B_OPHTHALMOLOGY;VVIP;28960000;10140000
3739;FEE I_TABLE 7B_ORTHOPEDIC SURGERY;VVIP;44830000;15690000
3740;FEE I_TABLE 7B_PEDIATRIC SURGERY;VVIP;30300000;10610000
3741;FEE I_TABLE 7B_PLASTIC SURGERY;VVIP;33050000;11570000
3742;FEE I_TABLE 7B_UROLOGICAL SURGERY;VVIP;27930000;9780000
3743;FEE I_TABLE 7C_CARDIAC SURGERY;VVIP;40080000;14030000
3744;FEE I_TABLE 7C_DENTISTRY;VVIP;34230000;11980000
3745;FEE I_TABLE 7C_ENT / OTORHINOLARYNGOLOGY;VVIP;30050000;10520000
3746;FEE I_TABLE 7C_GENERAL SURGERY;VVIP;25990000;9100000
3747;FEE I_TABLE 7C_NEUROSURGERY;VVIP;56540000;19790000
3748;FEE I_TABLE 7C_OBSTETRICS AND GYNECOLOGY;VVIP;27830000;9740000
3749;FEE I_TABLE 7C_OPHTHALMOLOGY;VVIP;30710000;10750000
3750;FEE I_TABLE 7C_ORTHOPEDIC SURGERY;VVIP;53800000;18830000
3751;FEE I_TABLE 7C_PEDIATRIC SURGERY;VVIP;33330000;11670000
3752;FEE I_TABLE 7C_PLASTIC SURGERY;VVIP;36730000;12860000
3753;FEE I_TABLE 7C_UROLOGICAL SURGERY;VVIP;31600000;11060000
3754;FEE II_TABLE 1A_CARDIAC SURGERY;VVIP;3030000;1060000
3755;FEE II_TABLE 1A_DENTISTRY;VVIP;2860000;1000000
3756;FEE II_TABLE 1A_DIGESTIVE SURGERY;VVIP;2480000;870000
3757;FEE II_TABLE 1A_ENT / OTORHINOLARYNGOLOGY;VVIP;2480000;870000
3758;FEE II_TABLE 1A_NEUROSURGERY;VVIP;2640000;920000
3759;FEE II_TABLE 1A_OBSTETRICS AND GYNECOLOGY;VVIP;2180000;760000
3760;FEE II_TABLE 1A_ONCOLOGY SURGERY;VVIP;2660000;930000
3761;FEE II_TABLE 1A_OPHTHALMOLOGY;VVIP;2280000;800000
3762;FEE II_TABLE 1A_ORTHOPEDIC SURGERY;VVIP;2330000;820000
3763;FEE II_TABLE 1A_PEDIATRIC SURGERY;VVIP;2360000;830000
3764;FEE II_TABLE 1A_PLASTIC SURGERY;VVIP;2860000;1000000
3765;FEE II_TABLE 1A_UROLOGICAL SURGERY;VVIP;2290000;800000
3766;FEE II_TABLE 1A_VASCULAR SURGERY;VVIP;2600000;910000
3767;FEE II_TABLE 1B_CARDIAC SURGERY;VVIP;3640000;1270000
3768;FEE II_TABLE 1B_DENTISTRY;VVIP;3430000;1200000
3769;FEE II_TABLE 1B_DIGESTIVE SURGERY;VVIP;3290000;1150000
3770;FEE II_TABLE 1B_ENT / OTORHINOLARYNGOLOGY;VVIP;3640000;1270000
3771;FEE II_TABLE 1B_NEUROSURGERY;VVIP;4210000;1470000
3772;FEE II_TABLE 1B_OBSTETRICS AND GYNECOLOGY;VVIP;2730000;960000
3773;FEE II_TABLE 1B_ONCOLOGY SURGERY;VVIP;5330000;1870000
3774;FEE II_TABLE 1B_OPHTHALMOLOGY;VVIP;4000000;1400000
3775;FEE II_TABLE 1B_ORTHOPEDIC SURGERY;VVIP;3500000;1230000
3776;FEE II_TABLE 1B_PEDIATRIC SURGERY;VVIP;3940000;1380000
3777;FEE II_TABLE 1B_PLASTIC SURGERY;VVIP;3830000;1340000
3778;FEE II_TABLE 1B_UROLOGICAL SURGERY;VVIP;3830000;1340000
3779;FEE II_TABLE 1B_VASCULAR SURGERY;VVIP;3460000;1210000
3780;FEE II_TABLE 1C_CARDIAC SURGERY;VVIP;4840000;1690000
3781;FEE II_TABLE 1C_DENTISTRY;VVIP;4000000;1400000
3782;FEE II_TABLE 1C_DIGESTIVE SURGERY;VVIP;4930000;1730000
3783;FEE II_TABLE 1C_ENT / OTORHINOLARYNGOLOGY;VVIP;5100000;1790000
3784;FEE II_TABLE 1C_NEUROSURGERY;VVIP;6830000;2390000
3785;FEE II_TABLE 1C_OBSTETRICS AND GYNECOLOGY;VVIP;4100000;1440000
3786;FEE II_TABLE 1C_ONCOLOGY SURGERY;VVIP;6660000;2330000
3787;FEE II_TABLE 1C_OPHTHALMOLOGY;VVIP;4000000;1400000
3788;FEE II_TABLE 1C_ORTHOPEDIC SURGERY;VVIP;5840000;2040000
3789;FEE II_TABLE 1C_PEDIATRIC SURGERY;VVIP;5910000;2070000
3790;FEE II_TABLE 1C_PLASTIC SURGERY;VVIP;4780000;1670000
3791;FEE II_TABLE 1C_UROLOGICAL SURGERY;VVIP;4780000;1670000
3792;FEE II_TABLE 1C_VASCULAR SURGERY;VVIP;4330000;1520000
3793;FEE II_TABLE 2A_CARDIAC SURGERY;VVIP;6060000;2120000
3794;FEE II_TABLE 2A_DENTISTRY;VVIP;4560000;1600000
3795;FEE II_TABLE 2A_DIGESTIVE SURGERY;VVIP;6560000;2300000
3796;FEE II_TABLE 2A_ENT / OTORHINOLARYNGOLOGY;VVIP;6560000;2300000
3797;FEE II_TABLE 2A_NEUROSURGERY;VVIP;9460000;3310000
3798;FEE II_TABLE 2A_OBSTETRICS AND GYNECOLOGY;VVIP;4780000;1670000
3799;FEE II_TABLE 2A_ONCOLOGY SURGERY;VVIP;7980000;2790000
3800;FEE II_TABLE 2A_OPHTHALMOLOGY;VVIP;6280000;2200000
3801;FEE II_TABLE 2A_ORTHOPEDIC SURGERY;VVIP;8160000;2860000
3802;FEE II_TABLE 2A_PEDIATRIC SURGERY;VVIP;7890000;2760000
3803;FEE II_TABLE 2A_PLASTIC SURGERY;VVIP;6680000;2340000
3804;FEE II_TABLE 2A_UROLOGICAL SURGERY;VVIP;5740000;2010000
3805;FEE II_TABLE 2A_VASCULAR SURGERY;VVIP;5200000;1820000
3806;FEE II_TABLE 2B_CARDIAC SURGERY;VVIP;7260000;2540000
3807;FEE II_TABLE 2B_DENTISTRY;VVIP;5140000;1800000
3808;FEE II_TABLE 2B_DIGESTIVE SURGERY;VVIP;8210000;2870000
3809;FEE II_TABLE 2B_ENT / OTORHINOLARYNGOLOGY;VVIP;8010000;2800000
3810;FEE II_TABLE 2B_NEUROSURGERY;VVIP;12080000;4230000
3811;FEE II_TABLE 2B_OBSTETRICS AND GYNECOLOGY;VVIP;6140000;2150000
3812;FEE II_TABLE 2B_ONCOLOGY SURGERY;VVIP;9310000;3260000
3813;FEE II_TABLE 2B_OPHTHALMOLOGY;VVIP;7980000;2790000
3814;FEE II_TABLE 2B_ORTHOPEDIC SURGERY;VVIP;10500000;3680000
3815;FEE II_TABLE 2B_PEDIATRIC SURGERY;VVIP;9850000;3450000
3816;FEE II_TABLE 2B_PLASTIC SURGERY;VVIP;8600000;3010000
3817;FEE II_TABLE 2B_UROLOGICAL SURGERY;VVIP;6700000;2350000
3818;FEE II_TABLE 2B_VASCULAR SURGERY;VVIP;6930000;2430000
3819;FEE II_TABLE 2C_CARDIAC SURGERY;VVIP;8490000;2970000
3820;FEE II_TABLE 2C_DENTISTRY;VVIP;5700000;2000000
3821;FEE II_TABLE 2C_DIGESTIVE SURGERY;VVIP;9850000;3450000
3822;FEE II_TABLE 2C_ENT / OTORHINOLARYNGOLOGY;VVIP;10940000;3830000
3823;FEE II_TABLE 2C_NEUROSURGERY;VVIP;14710000;5150000
3824;FEE II_TABLE 2C_OBSTETRICS AND GYNECOLOGY;VVIP;8190000;2870000
3825;FEE II_TABLE 2C_ONCOLOGY SURGERY;VVIP;11980000;4190000
3826;FEE II_TABLE 2C_OPHTHALMOLOGY;VVIP;9700000;3400000
3827;FEE II_TABLE 2C_ORTHOPEDIC SURGERY;VVIP;12830000;4490000
3828;FEE II_TABLE 2C_PEDIATRIC SURGERY;VVIP;11810000;4130000
3829;FEE II_TABLE 2C_PLASTIC SURGERY;VVIP;11460000;4010000
3830;FEE II_TABLE 2C_UROLOGICAL SURGERY;VVIP;8600000;3010000
3831;FEE II_TABLE 2C_VASCULAR SURGERY;VVIP;8660000;3030000
3832;FEE II_TABLE 3A_CARDIAC SURGERY;VVIP;9690000;3390000
3833;FEE II_TABLE 3A_DENTISTRY;VVIP;8560000;3000000
3834;FEE II_TABLE 3A_DIGESTIVE SURGERY;VVIP;12140000;4250000
3835;FEE II_TABLE 3A_ENT / OTORHINOLARYNGOLOGY;VVIP;13110000;4590000
3836;FEE II_TABLE 3A_NEUROSURGERY;VVIP;17330000;6070000
3837;FEE II_TABLE 3A_OBSTETRICS AND GYNECOLOGY;VVIP;10240000;3580000
3838;FEE II_TABLE 3A_ONCOLOGY SURGERY;VVIP;14640000;5120000
3839;FEE II_TABLE 3A_OPHTHALMOLOGY;VVIP;11410000;3990000
3840;FEE II_TABLE 3A_ORTHOPEDIC SURGERY;VVIP;15150000;5300000
3841;FEE II_TABLE 3A_PEDIATRIC SURGERY;VVIP;13780000;4820000
3842;FEE II_TABLE 3A_PLASTIC SURGERY;VVIP;13380000;4680000
3843;FEE II_TABLE 3A_UROLOGICAL SURGERY;VVIP;11480000;4020000
3844;FEE II_TABLE 3A_VASCULAR SURGERY;VVIP;10390000;3640000
3845;FEE II_TABLE 3B_CARDIAC SURGERY;VVIP;10900000;3820000
3846;FEE II_TABLE 3B_DENTISTRY;VVIP;11410000;3990000
3847;FEE II_TABLE 3B_DIGESTIVE SURGERY;VVIP;13960000;4890000
3848;FEE II_TABLE 3B_ENT / OTORHINOLARYNGOLOGY;VVIP;13850000;4850000
3849;FEE II_TABLE 3B_NEUROSURGERY;VVIP;21000000;7350000
3850;FEE II_TABLE 3B_OBSTETRICS AND GYNECOLOGY;VVIP;11600000;4060000
3851;FEE II_TABLE 3B_ONCOLOGY SURGERY;VVIP;15980000;5590000
3852;FEE II_TABLE 3B_OPHTHALMOLOGY;VVIP;12550000;4390000
3853;FEE II_TABLE 3B_ORTHOPEDIC SURGERY;VVIP;17490000;6120000
3854;FEE II_TABLE 3B_PEDIATRIC SURGERY;VVIP;15760000;5520000
3855;FEE II_TABLE 3B_PLASTIC SURGERY;VVIP;15280000;5350000
3856;FEE II_TABLE 3B_UROLOGICAL SURGERY;VVIP;13380000;4680000
3857;FEE II_TABLE 3B_VASCULAR SURGERY;VVIP;12130000;4250000
3858;FEE II_TABLE 3C_CARDIAC SURGERY;VVIP;12130000;4250000
3859;FEE II_TABLE 3C_DENTISTRY;VVIP;13110000;4590000
3860;FEE II_TABLE 3C_DIGESTIVE SURGERY;VVIP;15600000;5460000
3861;FEE II_TABLE 3C_ENT / OTORHINOLARYNGOLOGY;VVIP;14580000;5100000
3862;FEE II_TABLE 3C_NEUROSURGERY;VVIP;23630000;8270000
3863;FEE II_TABLE 3C_OBSTETRICS AND GYNECOLOGY;VVIP;13650000;4780000
3864;FEE II_TABLE 3C_ONCOLOGY SURGERY;VVIP;18640000;6520000
3865;FEE II_TABLE 3C_OPHTHALMOLOGY;VVIP;13690000;4790000
3866;FEE II_TABLE 3C_ORTHOPEDIC SURGERY;VVIP;19810000;6930000
3867;FEE II_TABLE 3C_PEDIATRIC SURGERY;VVIP;17730000;6210000
3868;FEE II_TABLE 3C_PLASTIC SURGERY;VVIP;17190000;6020000
3869;FEE II_TABLE 3C_UROLOGICAL SURGERY;VVIP;15290000;5350000
3870;FEE II_TABLE 3C_VASCULAR SURGERY;VVIP;13850000;4850000
3871;FEE II_TABLE 4A_CARDIAC SURGERY;VVIP;14550000;5090000
3872;FEE II_TABLE 4A_DENTISTRY;VVIP;14840000;5190000
3873;FEE II_TABLE 4A_DIGESTIVE SURGERY;VVIP;16410000;5740000
3874;FEE II_TABLE 4A_ENT / OTORHINOLARYNGOLOGY;VVIP;15310000;5360000
3875;FEE II_TABLE 4A_NEUROSURGERY;VVIP;26250000;9190000
3876;FEE II_TABLE 4A_OBSTETRICS AND GYNECOLOGY;VVIP;15010000;5250000
3877;FEE II_TABLE 4A_ONCOLOGY SURGERY;VVIP;19980000;6990000
3878;FEE II_TABLE 4A_OPHTHALMOLOGY;VVIP;15980000;5590000
3879;FEE II_TABLE 4A_ORTHOPEDIC SURGERY;VVIP;20980000;7340000
3880;FEE II_TABLE 4A_PEDIATRIC SURGERY;VVIP;19700000;6900000
3881;FEE II_TABLE 4A_PLASTIC SURGERY;VVIP;19100000;6690000
3882;FEE II_TABLE 4A_UROLOGICAL SURGERY;VVIP;17190000;6020000
3883;FEE II_TABLE 4A_VASCULAR SURGERY;VVIP;15590000;5460000
3884;FEE II_TABLE 4B_CARDIAC SURGERY;VVIP;16960000;5940000
3885;FEE II_TABLE 4B_DENTISTRY;VVIP;15400000;5390000
3886;FEE II_TABLE 4B_DIGESTIVE SURGERY;VVIP;18050000;6320000
3887;FEE II_TABLE 4B_ENT / OTORHINOLARYNGOLOGY;VVIP;16040000;5610000
3888;FEE II_TABLE 4B_NEUROSURGERY;VVIP;31510000;11030000
3889;FEE II_TABLE 4B_OBSTETRICS AND GYNECOLOGY;VVIP;16380000;5730000
3890;FEE II_TABLE 4B_ONCOLOGY SURGERY;VVIP;22630000;7920000
3891;FEE II_TABLE 4B_OPHTHALMOLOGY;VVIP;17110000;5990000
3892;FEE II_TABLE 4B_ORTHOPEDIC SURGERY;VVIP;23330000;8170000
3893;FEE II_TABLE 4B_PEDIATRIC SURGERY;VVIP;21660000;7580000
3894;FEE II_TABLE 4B_PLASTIC SURGERY;VVIP;21010000;7350000
3895;FEE II_TABLE 4B_UROLOGICAL SURGERY;VVIP;19110000;6690000
3896;FEE II_TABLE 4B_VASCULAR SURGERY;VVIP;17310000;6060000
3897;FEE II_TABLE 4C_CARDIAC SURGERY;VVIP;19390000;6790000
3898;FEE II_TABLE 4C_DENTISTRY;VVIP;15980000;5590000
3899;FEE II_TABLE 4C_DIGESTIVE SURGERY;VVIP;19700000;6900000
3900;FEE II_TABLE 4C_ENT / OTORHINOLARYNGOLOGY;VVIP;17490000;6120000
3901;FEE II_TABLE 4C_NEUROSURGERY;VVIP;36760000;12870000
3902;FEE II_TABLE 4C_OBSTETRICS AND GYNECOLOGY;VVIP;17750000;6210000
3903;FEE II_TABLE 4C_ONCOLOGY SURGERY;VVIP;25290000;8850000
3904;FEE II_TABLE 4C_OPHTHALMOLOGY;VVIP;18250000;6390000
3905;FEE II_TABLE 4C_ORTHOPEDIC SURGERY;VVIP;24480000;8570000
3906;FEE II_TABLE 4C_PEDIATRIC SURGERY;VVIP;23630000;8270000
3907;FEE II_TABLE 4C_PLASTIC SURGERY;VVIP;21950000;7680000
3908;FEE II_TABLE 4C_UROLOGICAL SURGERY;VVIP;20080000;7030000
3909;FEE II_TABLE 4C_VASCULAR SURGERY;VVIP;19050000;6670000
3910;FEE II_TABLE 5A_CARDIAC SURGERY;VVIP;21810000;7630000
3911;FEE II_TABLE 5A_DENTISTRY;VVIP;18250000;6390000
3912;FEE II_TABLE 5A_DIGESTIVE SURGERY;VVIP;21340000;7470000
3913;FEE II_TABLE 5A_ENT / OTORHINOLARYNGOLOGY;VVIP;19680000;6890000
3914;FEE II_TABLE 5A_NEUROSURGERY;VVIP;42010000;14700000
3915;FEE II_TABLE 5A_OBSTETRICS AND GYNECOLOGY;VVIP;18430000;6450000
3916;FEE II_TABLE 5A_ONCOLOGY SURGERY;VVIP;26610000;9310000
3917;FEE II_TABLE 5A_OPHTHALMOLOGY;VVIP;19390000;6790000
3918;FEE II_TABLE 5A_ORTHOPEDIC SURGERY;VVIP;25640000;8970000
3919;FEE II_TABLE 5A_PEDIATRIC SURGERY;VVIP;25610000;8960000
3920;FEE II_TABLE 5A_PLASTIC SURGERY;VVIP;23880000;8360000
3921;FEE II_TABLE 5A_UROLOGICAL SURGERY;VVIP;21030000;7360000
3922;FEE II_TABLE 5A_VASCULAR SURGERY;VVIP;20760000;7270000
3923;FEE II_TABLE 5B_CARDIAC SURGERY;VVIP;24230000;8480000
3924;FEE II_TABLE 5B_DENTISTRY;VVIP;20540000;7190000
3925;FEE II_TABLE 5B_DIGESTIVE SURGERY;VVIP;22980000;8040000
3926;FEE II_TABLE 5B_ENT / OTORHINOLARYNGOLOGY;VVIP;21140000;7400000
3927;FEE II_TABLE 5B_NEUROSURGERY;VVIP;47250000;16540000
3928;FEE II_TABLE 5B_OBSTETRICS AND GYNECOLOGY;VVIP;19790000;6930000
3929;FEE II_TABLE 5B_ONCOLOGY SURGERY;VVIP;29290000;10250000
3930;FEE II_TABLE 5B_OPHTHALMOLOGY;VVIP;20540000;7190000
3931;FEE II_TABLE 5B_ORTHOPEDIC SURGERY;VVIP;26810000;9380000
3932;FEE II_TABLE 5B_PEDIATRIC SURGERY;VVIP;27580000;9650000
3933;FEE II_TABLE 5B_PLASTIC SURGERY;VVIP;25780000;9020000
3934;FEE II_TABLE 5B_UROLOGICAL SURGERY;VVIP;22930000;8030000
3935;FEE II_TABLE 5B_VASCULAR SURGERY;VVIP;22510000;7880000
3936;FEE II_TABLE 5C_CARDIAC SURGERY;VVIP;26650000;9330000
3937;FEE II_TABLE 5C_DENTISTRY;VVIP;23950000;8380000
3938;FEE II_TABLE 5C_DIGESTIVE SURGERY;VVIP;24630000;8620000
3939;FEE II_TABLE 5C_ENT / OTORHINOLARYNGOLOGY;VVIP;23330000;8170000
3940;FEE II_TABLE 5C_NEUROSURGERY;VVIP;52500000;18380000
3941;FEE II_TABLE 5C_OBSTETRICS AND GYNECOLOGY;VVIP;22530000;7890000
3942;FEE II_TABLE 5C_ONCOLOGY SURGERY;VVIP;31950000;11180000
3943;FEE II_TABLE 5C_OPHTHALMOLOGY;VVIP;22810000;7980000
3944;FEE II_TABLE 5C_ORTHOPEDIC SURGERY;VVIP;27960000;9790000
3945;FEE II_TABLE 5C_PEDIATRIC SURGERY;VVIP;29540000;10340000
3946;FEE II_TABLE 5C_PLASTIC SURGERY;VVIP;27690000;9690000
3947;FEE II_TABLE 5C_UROLOGICAL SURGERY;VVIP;23890000;8360000
3948;FEE II_TABLE 5C_VASCULAR SURGERY;VVIP;24230000;8480000
3949;FEE II_TABLE 6A_CARDIAC SURGERY;VVIP;30290000;10600000
3950;FEE II_TABLE 6A_DENTISTRY;VVIP;25680000;8990000
3951;FEE II_TABLE 6A_DIGESTIVE SURGERY;VVIP;26260000;9190000
3952;FEE II_TABLE 6A_ENT / OTORHINOLARYNGOLOGY;VVIP;26250000;9190000
3953;FEE II_TABLE 6A_NEUROSURGERY;VVIP;55130000;19300000
3954;FEE II_TABLE 6A_OBSTETRICS AND GYNECOLOGY;VVIP;23890000;8360000
3955;FEE II_TABLE 6A_ONCOLOGY SURGERY;VVIP;34600000;12110000
3956;FEE II_TABLE 6A_OPHTHALMOLOGY;VVIP;25090000;8780000
3957;FEE II_TABLE 6A_ORTHOPEDIC SURGERY;VVIP;29140000;10200000
3958;FEE II_TABLE 6A_PEDIATRIC SURGERY;VVIP;31510000;11030000
3959;FEE II_TABLE 6A_PLASTIC SURGERY;VVIP;29590000;10360000
3960;FEE II_TABLE 6A_UROLOGICAL SURGERY;VVIP;24850000;8700000
3961;FEE II_TABLE 6A_VASCULAR SURGERY;VVIP;27690000;9690000
3962;FEE II_TABLE 6B_CARDIAC SURGERY;VVIP;33910000;11870000
3963;FEE II_TABLE 6B_DENTISTRY;VVIP;28530000;9990000
3964;FEE II_TABLE 6B_DIGESTIVE SURGERY;VVIP;27900000;9770000
3965;FEE II_TABLE 6B_ENT / OTORHINOLARYNGOLOGY;VVIP;29150000;10200000
3966;FEE II_TABLE 6B_NEUROSURGERY;VVIP;57750000;20210000
3967;FEE II_TABLE 6B_OBSTETRICS AND GYNECOLOGY;VVIP;26610000;9310000
3968;FEE II_TABLE 6B_ONCOLOGY SURGERY;VVIP;37260000;13040000
3969;FEE II_TABLE 6B_OPHTHALMOLOGY;VVIP;27390000;9590000
3970;FEE II_TABLE 6B_ORTHOPEDIC SURGERY;VVIP;32630000;11420000
3971;FEE II_TABLE 6B_PEDIATRIC SURGERY;VVIP;33480000;11720000
3972;FEE II_TABLE 6B_PLASTIC SURGERY;VVIP;31510000;11030000
3973;FEE II_TABLE 6B_UROLOGICAL SURGERY;VVIP;26750000;9360000
3974;FEE II_TABLE 6B_VASCULAR SURGERY;VVIP;31150000;10900000
3975;FEE II_TABLE 6C_CARDIAC SURGERY;VVIP;37550000;13140000
3976;FEE II_TABLE 6C_DENTISTRY;VVIP;30800000;10780000
3977;FEE II_TABLE 6C_DIGESTIVE SURGERY;VVIP;29540000;10340000
3978;FEE II_TABLE 6C_ENT / OTORHINOLARYNGOLOGY;VVIP;31350000;10970000
3979;FEE II_TABLE 6C_NEUROSURGERY;VVIP;60380000;21130000
3980;FEE II_TABLE 6C_OBSTETRICS AND GYNECOLOGY;VVIP;30030000;10510000
3981;FEE II_TABLE 6C_ONCOLOGY SURGERY;VVIP;39930000;13980000
3982;FEE II_TABLE 6C_OPHTHALMOLOGY;VVIP;30800000;10780000
3983;FEE II_TABLE 6C_ORTHOPEDIC SURGERY;VVIP;39640000;13870000
3984;FEE II_TABLE 6C_PEDIATRIC SURGERY;VVIP;35460000;12410000
3985;FEE II_TABLE 6C_PLASTIC SURGERY;VVIP;33410000;11690000
3986;FEE II_TABLE 6C_UROLOGICAL SURGERY;VVIP;28660000;10030000
3987;FEE II_TABLE 6C_VASCULAR SURGERY;VVIP;34610000;12110000
3988;FEE II_TABLE 7A_CARDIAC SURGERY;VVIP;42400000;14840000
3989;FEE II_TABLE 7A_DENTISTRY;VVIP;34230000;11980000
3990;FEE II_TABLE 7A_DIGESTIVE SURGERY;VVIP;31190000;10920000
3991;FEE II_TABLE 7A_ENT / OTORHINOLARYNGOLOGY;VVIP;34990000;12250000
3992;FEE II_TABLE 7A_NEUROSURGERY;VVIP;63000000;22050000
3993;FEE II_TABLE 7A_OBSTETRICS AND GYNECOLOGY;VVIP;32080000;11230000
3994;FEE II_TABLE 7A_ONCOLOGY SURGERY;VVIP;42590000;14910000
3995;FEE II_TABLE 7A_OPHTHALMOLOGY;VVIP;34230000;11980000
3996;FEE II_TABLE 7A_ORTHOPEDIC SURGERY;VVIP;48950000;17130000
3997;FEE II_TABLE 7A_PEDIATRIC SURGERY;VVIP;37430000;13100000
3998;FEE II_TABLE 7A_PLASTIC SURGERY;VVIP;38190000;13370000
3999;FEE II_TABLE 7A_UROLOGICAL SURGERY;VVIP;31530000;11040000
4000;FEE II_TABLE 7A_VASCULAR SURGERY;VVIP;39810000;13930000
4001;FEE II_TABLE 7B_CARDIAC SURGERY;VVIP;47240000;16530000
4002;FEE II_TABLE 7B_DENTISTRY;VVIP;39360000;13780000
4003;FEE II_TABLE 7B_DIGESTIVE SURGERY;VVIP;32830000;11490000
4004;FEE II_TABLE 7B_ENT / OTORHINOLARYNGOLOGY;VVIP;37900000;13270000
4005;FEE II_TABLE 7B_NEUROSURGERY;VVIP;68250000;23890000
4006;FEE II_TABLE 7B_OBSTETRICS AND GYNECOLOGY;VVIP;34130000;11950000
4007;FEE II_TABLE 7B_ONCOLOGY SURGERY;VVIP;47900000;16770000
4008;FEE II_TABLE 7B_OPHTHALMOLOGY;VVIP;37650000;13180000
4009;FEE II_TABLE 7B_ORTHOPEDIC SURGERY;VVIP;58280000;20400000
4010;FEE II_TABLE 7B_PEDIATRIC SURGERY;VVIP;39390000;13790000
4011;FEE II_TABLE 7B_PLASTIC SURGERY;VVIP;42960000;15040000
4012;FEE II_TABLE 7B_UROLOGICAL SURGERY;VVIP;36300000;12710000
4013;FEE II_TABLE 7B_VASCULAR SURGERY;VVIP;45000000;15750000
4014;FEE II_TABLE 7C_CARDIAC SURGERY;VVIP;52100000;18240000
4015;FEE II_TABLE 7C_DENTISTRY;VVIP;44490000;15570000
4016;FEE II_TABLE 7C_DIGESTIVE SURGERY;VVIP;36110000;12640000
4017;FEE II_TABLE 7C_ENT / OTORHINOLARYNGOLOGY;VVIP;39060000;13670000
4018;FEE II_TABLE 7C_NEUROSURGERY;VVIP;73500000;25730000
4019;FEE II_TABLE 7C_OBSTETRICS AND GYNECOLOGY;VVIP;36180000;12660000
4020;FEE II_TABLE 7C_ONCOLOGY SURGERY;VVIP;53240000;18630000
4021;FEE II_TABLE 7C_OPHTHALMOLOGY;VVIP;39930000;13980000
4022;FEE II_TABLE 7C_ORTHOPEDIC SURGERY;VVIP;69940000;24480000
4023;FEE II_TABLE 7C_PEDIATRIC SURGERY;VVIP;43330000;15170000
4024;FEE II_TABLE 7C_PLASTIC SURGERY;VVIP;47740000;16710000
4025;FEE II_TABLE 7C_UROLOGICAL SURGERY;VVIP;41080000;14380000
4026;FEE II_TABLE 7C_VASCULAR SURGERY;VVIP;50200000;17570000
4027;FNAB;VVIP;811000;0
4028;FNAB USG GUIDED PROCEDURE;VVIP;1790000;0
4029;FOREIGN BODY REMOVAL;VVIP;1790000;799000
4030;FOREIGN BODY REMOVAL ;VVIP;5695000;0
4031;GASTRIC BALLON (INSERTION);VVIP;17084000;2661000
4032;GASTRIC BALLON (REMOVAL);VVIP;17084000;2661000
4033;GASTRODUODENOSCOPY AND COLONOSCOPY;VVIP;17084000;2584000
4034;GASTROSCOPY;VVIP;11085000;1755000
4035;GASTROSCOPY + BIOPSY;VVIP;13404000;0
4036;GASTROSCOPY AND COLONOSCOPY ;VVIP;18767000;2966000
4037;INJECTION FOR VACCINE PROCEDURE ;VVIP;228000;0
4038;INJECTION INTRAARTICULAR;VVIP;961000;0
4039;INJECTION TENDER POINT / TRIGGER POINT;VVIP;902000;0
4040;INSERTION OF NGT / OGT;VVIP;750000;0
4041;INTRA OSSEUS CATH;VVIP;933000;0
4042;INTRALESIONAL INJECTION / INJEKSI INTRALESI;VVIP;542000;0
4043;KIDNEY BIOPSY;VVIP;8921000;0
4044;KONSULTASI LAKTASI;VVIP;164000;0
4045;LAVAGE LAUNDRY;VVIP;672000;0
4046;LYPECTOMY (LYPOMA) Q >10  REGIO > 3;VVIP;3758000;0
4047;LYPECTOMY (LYPOMA) Q ≤ 10 REGIO ≤ 3;VVIP;2460000;0
4048;MMSE (MINI MENTAL STATE EXAMINATION);VVIP;663000;0
4049;NECROTOMY;VVIP;770000;0
4050;PASANG VENTILATOR;VVIP;476000;0
4051;PATCH TEST;VVIP;3040000;0
4052;PEMASANGAN PIGTAIL DENGAN USG GUIDED;VVIP;4200000;0
4053;PEMASANGAN PIGTAIL TANPA USG GUIDED;VVIP;3300000;0
4054;PH METRIX;VVIP;17084000;0
4055;PH METRIX OHMEGA;VVIP;19933000;0
4056;PHLEBOTOMY PROCEDURE;VVIP;884000;0
4057;POLIPECTOMY;VVIP;13611000;2151000
4058;PRICK TEST;VVIP;3040000;0
4059;PRICK TEST _ 1;VVIP;1998000;0
4060;PUNKSI ABDOMINAL;VVIP;1916000;0
4061;PUNKSI SENDI;VVIP;989000;0
4062;PUSH ENTEROSCOPY;VVIP;11089000;1813000
4063;READING EEG;VVIP;163000;0
4064;RECTOSCOPY;VVIP;3023000;0
4065;REKTOSIGMOIDOSCOPY;VVIP;7614000;1206000
4066;REKTOSIGMOIDOSCOPY + BIOPSY;VVIP;10121000;0
4067;REMOVE / AFF CVC;VVIP;770000;0
4068;REMOVE / AFF WSD / CHEST TUBE;VVIP;1290000;0
4069;RESUCITATION FEE  LESS THAN 1 HOUR(PER HOUR);VVIP;1184000;0
4070;RESUCITATION FEE  MORE THAN 1 HOUR(PER HOUR);VVIP;485000;0
4071;RIGHT TO LEFT SHUNT TEST;VVIP;1146000;0
4072;RUBBER BAND LIGATION;VVIP;1691000;0
4073;SKLEROTHERAPI;VVIP;10588000;1716000
4074;SKRINING USG FETOMATERNAL;VVIP;2906500;0
4075;TINDAKAN / BEDAH MINOR A;VVIP;1530000;0
4076;Tindakan / Bedah Minor B;VVIP;2295000;0
4077;TINDAKAN CHEMOTHERAPY;VVIP;1343000;0
4078;TINDAKAN DC SHOCK;VVIP;606000;0
4079;TOUNGE TIED KLINIK LAKTASI;VVIP;439000;0
4080;TRACHEOSTOMY;VVIP;6808000;0
4081;TRACHEOSTOMY REMOVAL OR REPLACE;VVIP;966000;0
4082;TRANSFORAMINAL BLOCK MULTILEVEL (MULTIPLE);VVIP;7054000;0
4083;TRANSFORAMINAL BLOCK ONE LEVEL;VVIP;5272000;0
4084;VENA SECTIE;VVIP;1171000;0
4085;ANOSCOPY;SUITE;944000;0
4086;ASPIRATION;SUITE;1233000;0
4087;Block Pain;SUITE;3201000;0
4088;BODY ANALYZER (BIA);SUITE;420000;0
4089;BONE MARROW PUNCTURE PROCEDURE  (BMP);SUITE;3033000;0
4090;BRONCHOSCOPY;SUITE;10882000;2581000
4091;BRONCHOSCOPY + BIOPSI;SUITE;14377000;0
4092;CATHERIZATION  OR SHEATH OR DRAIN REMOVAL;SUITE;480000;0
4093;CATHETERIZATION PLACEMENT;SUITE;802000;0
4094;CIRCUMCISION;SUITE;4000000;0
4095;COLONOSCOPY;SUITE;12876000;2073000
4096;COLONOSCOPY + BIOPSY;SUITE;15210000;0
4097;ERCP AND PAPILLOTOMY;SUITE;32989000;5098000
4098;ERCP AND SPHINTEROTOMI;SUITE;20547000;0
4099;ERCP AND SPHINTEROTOMI AND COMPLEX STONE EXTRACTION;SUITE;41957000;0
4100;ERCP AND SPHINTEROTOMI AND SIMPLE STONE EXTRACTION;SUITE;32173000;0
4101;ERCP AND SPHINTEROTOMI AND STENT;SUITE;32173000;0
4102;ERCP DIAGNOSTIC;SUITE;13996000;2164000
4103;ESOPHAGOSCOPY;SUITE;5998000;842000
4104;FACET BLOCK MULTI LEVEL (MULTIPLE);SUITE;7425000;0
4105;FACET BLOCK ONE LEVEL;SUITE;5549000;0
4106;FEE I_TABLE 1A_CARDIAC SURGERY;SUITE;2420000;850000
4107;FEE I_TABLE 1A_DENTISTRY;SUITE;2290000;800000
4108;FEE I_TABLE 1A_ENT / OTORHINOLARYNGOLOGY;SUITE;1980000;690000
4109;FEE I_TABLE 1A_GENERAL SURGERY;SUITE;1810000;630000
4110;FEE I_TABLE 1A_NEUROSURGERY;SUITE;2110000;740000
4111;FEE I_TABLE 1A_OBSTETRICS AND GYNECOLOGY;SUITE;1740000;610000
4112;FEE I_TABLE 1A_OPHTHALMOLOGY;SUITE;1820000;640000
4113;FEE I_TABLE 1A_ORTHOPEDIC SURGERY;SUITE;1860000;650000
4114;FEE I_TABLE 1A_PEDIATRIC SURGERY;SUITE;1890000;660000
4115;FEE I_TABLE 1A_PLASTIC SURGERY;SUITE;2290000;800000
4116;FEE I_TABLE 1A_UROLOGICAL SURGERY;SUITE;1830000;640000
4117;FEE I_TABLE 1B_CARDIAC SURGERY;SUITE;2910000;1020000
4118;FEE I_TABLE 1B_DENTISTRY;SUITE;2740000;960000
4119;FEE I_TABLE 1B_ENT / OTORHINOLARYNGOLOGY;SUITE;2910000;1020000
4120;FEE I_TABLE 1B_GENERAL SURGERY;SUITE;3220000;1130000
4121;FEE I_TABLE 1B_NEUROSURGERY;SUITE;3370000;1180000
4122;FEE I_TABLE 1B_OBSTETRICS AND GYNECOLOGY;SUITE;2180000;760000
4123;FEE I_TABLE 1B_OPHTHALMOLOGY;SUITE;3200000;1120000
4124;FEE I_TABLE 1B_ORTHOPEDIC SURGERY;SUITE;2800000;980000
4125;FEE I_TABLE 1B_PEDIATRIC SURGERY;SUITE;3150000;1100000
4126;FEE I_TABLE 1B_PLASTIC SURGERY;SUITE;3060000;1070000
4127;FEE I_TABLE 1B_UROLOGICAL SURGERY;SUITE;3060000;1070000
4128;FEE I_TABLE 1C_CARDIAC SURGERY;SUITE;3870000;1350000
4129;FEE I_TABLE 1C_DENTISTRY;SUITE;3200000;1120000
4130;FEE I_TABLE 1C_ENT / OTORHINOLARYNGOLOGY;SUITE;4080000;1430000
4131;FEE I_TABLE 1C_GENERAL SURGERY;SUITE;4510000;1580000
4132;FEE I_TABLE 1C_NEUROSURGERY;SUITE;5460000;1910000
4133;FEE I_TABLE 1C_OBSTETRICS AND GYNECOLOGY;SUITE;3280000;1150000
4134;FEE I_TABLE 1C_OPHTHALMOLOGY;SUITE;3200000;1120000
4135;FEE I_TABLE 1C_ORTHOPEDIC SURGERY;SUITE;4670000;1630000
4136;FEE I_TABLE 1C_PEDIATRIC SURGERY;SUITE;4730000;1660000
4137;FEE I_TABLE 1C_PLASTIC SURGERY;SUITE;3820000;1340000
4138;FEE I_TABLE 1C_UROLOGICAL SURGERY;SUITE;3820000;1340000
4139;FEE I_TABLE 2A_CARDIAC SURGERY;SUITE;4850000;1700000
4140;FEE I_TABLE 2A_DENTISTRY;SUITE;3650000;1280000
4141;FEE I_TABLE 2A_ENT / OTORHINOLARYNGOLOGY;SUITE;5250000;1840000
4142;FEE I_TABLE 2A_GENERAL SURGERY;SUITE;5800000;2030000
4143;FEE I_TABLE 2A_NEUROSURGERY;SUITE;7570000;2650000
4144;FEE I_TABLE 2A_OBSTETRICS AND GYNECOLOGY;SUITE;3820000;1340000
4145;FEE I_TABLE 2A_OPHTHALMOLOGY;SUITE;5020000;1760000
4146;FEE I_TABLE 2A_ORTHOPEDIC SURGERY;SUITE;6530000;2290000
4147;FEE I_TABLE 2A_PEDIATRIC SURGERY;SUITE;6310000;2210000
4148;FEE I_TABLE 2A_PLASTIC SURGERY;SUITE;5340000;1870000
4149;FEE I_TABLE 2A_UROLOGICAL SURGERY;SUITE;4590000;1610000
4150;FEE I_TABLE 2B_CARDIAC SURGERY;SUITE;5810000;2030000
4151;FEE I_TABLE 2B_DENTISTRY;SUITE;4110000;1440000
4152;FEE I_TABLE 2B_ENT / OTORHINOLARYNGOLOGY;SUITE;6410000;2240000
4153;FEE I_TABLE 2B_GENERAL SURGERY;SUITE;6440000;2250000
4154;FEE I_TABLE 2B_NEUROSURGERY;SUITE;9660000;3380000
4155;FEE I_TABLE 2B_OBSTETRICS AND GYNECOLOGY;SUITE;4910000;1720000
4156;FEE I_TABLE 2B_OPHTHALMOLOGY;SUITE;6380000;2230000
4157;FEE I_TABLE 2B_ORTHOPEDIC SURGERY;SUITE;8400000;2940000
4158;FEE I_TABLE 2B_PEDIATRIC SURGERY;SUITE;7880000;2760000
4159;FEE I_TABLE 2B_PLASTIC SURGERY;SUITE;6880000;2410000
4160;FEE I_TABLE 2B_UROLOGICAL SURGERY;SUITE;5360000;1880000
4161;FEE I_TABLE 2C_CARDIAC SURGERY;SUITE;6790000;2380000
4162;FEE I_TABLE 2C_DENTISTRY;SUITE;4560000;1600000
4163;FEE I_TABLE 2C_ENT / OTORHINOLARYNGOLOGY;SUITE;8750000;3060000
4164;FEE I_TABLE 2C_GENERAL SURGERY;SUITE;7720000;2700000
4165;FEE I_TABLE 2C_NEUROSURGERY;SUITE;11770000;4120000
4166;FEE I_TABLE 2C_OBSTETRICS AND GYNECOLOGY;SUITE;6550000;2290000
4167;FEE I_TABLE 2C_OPHTHALMOLOGY;SUITE;7760000;2720000
4168;FEE I_TABLE 2C_ORTHOPEDIC SURGERY;SUITE;10260000;3590000
4169;FEE I_TABLE 2C_PEDIATRIC SURGERY;SUITE;9450000;3310000
4170;FEE I_TABLE 2C_PLASTIC SURGERY;SUITE;9170000;3210000
4171;FEE I_TABLE 2C_UROLOGICAL SURGERY;SUITE;6880000;2410000
4172;FEE I_TABLE 3A_CARDIAC SURGERY;SUITE;7750000;2710000
4173;FEE I_TABLE 3A_DENTISTRY;SUITE;6850000;2400000
4174;FEE I_TABLE 3A_ENT / OTORHINOLARYNGOLOGY;SUITE;10490000;3670000
4175;FEE I_TABLE 3A_GENERAL SURGERY;SUITE;9010000;3150000
4176;FEE I_TABLE 3A_NEUROSURGERY;SUITE;13860000;4850000
4177;FEE I_TABLE 3A_OBSTETRICS AND GYNECOLOGY;SUITE;8190000;2870000
4178;FEE I_TABLE 3A_OPHTHALMOLOGY;SUITE;9130000;3200000
4179;FEE I_TABLE 3A_ORTHOPEDIC SURGERY;SUITE;12120000;4240000
4180;FEE I_TABLE 3A_PEDIATRIC SURGERY;SUITE;11020000;3860000
4181;FEE I_TABLE 3A_PLASTIC SURGERY;SUITE;10700000;3750000
4182;FEE I_TABLE 3A_UROLOGICAL SURGERY;SUITE;9180000;3210000
4183;FEE I_TABLE 3B_CARDIAC SURGERY;SUITE;8720000;3050000
4184;FEE I_TABLE 3B_DENTISTRY;SUITE;9130000;3200000
4185;FEE I_TABLE 3B_ENT / OTORHINOLARYNGOLOGY;SUITE;11080000;3880000
4186;FEE I_TABLE 3B_GENERAL SURGERY;SUITE;10950000;3830000
4187;FEE I_TABLE 3B_NEUROSURGERY;SUITE;16800000;5880000
4188;FEE I_TABLE 3B_OBSTETRICS AND GYNECOLOGY;SUITE;9280000;3250000
4189;FEE I_TABLE 3B_OPHTHALMOLOGY;SUITE;10040000;3510000
4190;FEE I_TABLE 3B_ORTHOPEDIC SURGERY;SUITE;13990000;4900000
4191;FEE I_TABLE 3B_PEDIATRIC SURGERY;SUITE;12610000;4410000
4192;FEE I_TABLE 3B_PLASTIC SURGERY;SUITE;12220000;4280000
4193;FEE I_TABLE 3B_UROLOGICAL SURGERY;SUITE;10700000;3750000
4194;FEE I_TABLE 3C_CARDIAC SURGERY;SUITE;9700000;3400000
4195;FEE I_TABLE 3C_DENTISTRY;SUITE;10490000;3670000
4196;FEE I_TABLE 3C_ENT / OTORHINOLARYNGOLOGY;SUITE;11660000;4080000
4197;FEE I_TABLE 3C_GENERAL SURGERY;SUITE;12870000;4500000
4198;FEE I_TABLE 3C_NEUROSURGERY;SUITE;18900000;6620000
4199;FEE I_TABLE 3C_OBSTETRICS AND GYNECOLOGY;SUITE;10920000;3820000
4200;FEE I_TABLE 3C_OPHTHALMOLOGY;SUITE;10950000;3830000
4201;FEE I_TABLE 3C_ORTHOPEDIC SURGERY;SUITE;15850000;5550000
4202;FEE I_TABLE 3C_PEDIATRIC SURGERY;SUITE;14180000;4960000
4203;FEE I_TABLE 3C_PLASTIC SURGERY;SUITE;13750000;4810000
4204;FEE I_TABLE 3C_UROLOGICAL SURGERY;SUITE;12230000;4280000
4205;FEE I_TABLE 4A_CARDIAC SURGERY;SUITE;11640000;4070000
4206;FEE I_TABLE 4A_DENTISTRY;SUITE;11870000;4150000
4207;FEE I_TABLE 4A_ENT / OTORHINOLARYNGOLOGY;SUITE;12250000;4290000
4208;FEE I_TABLE 4A_GENERAL SURGERY;SUITE;14160000;4960000
4209;FEE I_TABLE 4A_NEUROSURGERY;SUITE;21000000;7350000
4210;FEE I_TABLE 4A_OBSTETRICS AND GYNECOLOGY;SUITE;12010000;4200000
4211;FEE I_TABLE 4A_OPHTHALMOLOGY;SUITE;12780000;4470000
4212;FEE I_TABLE 4A_ORTHOPEDIC SURGERY;SUITE;16780000;5870000
4213;FEE I_TABLE 4A_PEDIATRIC SURGERY;SUITE;15760000;5520000
4214;FEE I_TABLE 4A_PLASTIC SURGERY;SUITE;15280000;5350000
4215;FEE I_TABLE 4A_UROLOGICAL SURGERY;SUITE;13750000;4810000
4216;FEE I_TABLE 4B_CARDIAC SURGERY;SUITE;13570000;4750000
4217;FEE I_TABLE 4B_DENTISTRY;SUITE;12320000;4310000
4218;FEE I_TABLE 4B_ENT / OTORHINOLARYNGOLOGY;SUITE;12830000;4490000
4219;FEE I_TABLE 4B_GENERAL SURGERY;SUITE;15440000;5400000
4220;FEE I_TABLE 4B_NEUROSURGERY;SUITE;25210000;8820000
4221;FEE I_TABLE 4B_OBSTETRICS AND GYNECOLOGY;SUITE;13100000;4590000
4222;FEE I_TABLE 4B_OPHTHALMOLOGY;SUITE;13690000;4790000
4223;FEE I_TABLE 4B_ORTHOPEDIC SURGERY;SUITE;18660000;6530000
4224;FEE I_TABLE 4B_PEDIATRIC SURGERY;SUITE;17330000;6070000
4225;FEE I_TABLE 4B_PLASTIC SURGERY;SUITE;16810000;5880000
4226;FEE I_TABLE 4B_UROLOGICAL SURGERY;SUITE;15290000;5350000
4227;FEE I_TABLE 4C_CARDIAC SURGERY;SUITE;15510000;5430000
4228;FEE I_TABLE 4C_DENTISTRY;SUITE;12780000;4470000
4229;FEE I_TABLE 4C_ENT / OTORHINOLARYNGOLOGY;SUITE;13990000;4900000
4230;FEE I_TABLE 4C_GENERAL SURGERY;SUITE;17380000;6080000
4231;FEE I_TABLE 4C_NEUROSURGERY;SUITE;29410000;10290000
4232;FEE I_TABLE 4C_OBSTETRICS AND GYNECOLOGY;SUITE;14200000;4970000
4233;FEE I_TABLE 4C_OPHTHALMOLOGY;SUITE;14600000;5110000
4234;FEE I_TABLE 4C_ORTHOPEDIC SURGERY;SUITE;19580000;6850000
4235;FEE I_TABLE 4C_PEDIATRIC SURGERY;SUITE;18900000;6620000
4236;FEE I_TABLE 4C_PLASTIC SURGERY;SUITE;17560000;6150000
4237;FEE I_TABLE 4C_UROLOGICAL SURGERY;SUITE;16060000;5620000
4238;FEE I_TABLE 5A_CARDIAC SURGERY;SUITE;17450000;6110000
4239;FEE I_TABLE 5A_DENTISTRY;SUITE;14600000;5110000
4240;FEE I_TABLE 5A_ENT / OTORHINOLARYNGOLOGY;SUITE;15740000;5510000
4241;FEE I_TABLE 5A_GENERAL SURGERY;SUITE;18020000;6310000
4242;FEE I_TABLE 5A_NEUROSURGERY;SUITE;33610000;11760000
4243;FEE I_TABLE 5A_OBSTETRICS AND GYNECOLOGY;SUITE;14740000;5160000
4244;FEE I_TABLE 5A_OPHTHALMOLOGY;SUITE;15510000;5430000
4245;FEE I_TABLE 5A_ORTHOPEDIC SURGERY;SUITE;20510000;7180000
4246;FEE I_TABLE 5A_PEDIATRIC SURGERY;SUITE;20490000;7170000
4247;FEE I_TABLE 5A_PLASTIC SURGERY;SUITE;19100000;6690000
4248;FEE I_TABLE 5A_UROLOGICAL SURGERY;SUITE;16820000;5890000
4249;FEE I_TABLE 5B_CARDIAC SURGERY;SUITE;19380000;6780000
4250;FEE I_TABLE 5B_DENTISTRY;SUITE;16430000;5750000
4251;FEE I_TABLE 5B_ENT / OTORHINOLARYNGOLOGY;SUITE;16910000;5920000
4252;FEE I_TABLE 5B_GENERAL SURGERY;SUITE;18670000;6530000
4253;FEE I_TABLE 5B_NEUROSURGERY;SUITE;37800000;13230000
4254;FEE I_TABLE 5B_OBSTETRICS AND GYNECOLOGY;SUITE;15830000;5540000
4255;FEE I_TABLE 5B_OPHTHALMOLOGY;SUITE;16430000;5750000
4256;FEE I_TABLE 5B_ORTHOPEDIC SURGERY;SUITE;21450000;7510000
4257;FEE I_TABLE 5B_PEDIATRIC SURGERY;SUITE;22060000;7720000
4258;FEE I_TABLE 5B_PLASTIC SURGERY;SUITE;20620000;7220000
4259;FEE I_TABLE 5B_UROLOGICAL SURGERY;SUITE;18340000;6420000
4260;FEE I_TABLE 5C_CARDIAC SURGERY;SUITE;21320000;7460000
4261;FEE I_TABLE 5C_DENTISTRY;SUITE;19160000;6710000
4262;FEE I_TABLE 5C_ENT / OTORHINOLARYNGOLOGY;SUITE;18660000;6530000
4263;FEE I_TABLE 5C_GENERAL SURGERY;SUITE;19310000;6760000
4264;FEE I_TABLE 5C_NEUROSURGERY;SUITE;42000000;14700000
4265;FEE I_TABLE 5C_OBSTETRICS AND GYNECOLOGY;SUITE;18020000;6310000
4266;FEE I_TABLE 5C_OPHTHALMOLOGY;SUITE;18250000;6390000
4267;FEE I_TABLE 5C_ORTHOPEDIC SURGERY;SUITE;22370000;7830000
4268;FEE I_TABLE 5C_PEDIATRIC SURGERY;SUITE;23630000;8270000
4269;FEE I_TABLE 5C_PLASTIC SURGERY;SUITE;22150000;7750000
4270;FEE I_TABLE 5C_UROLOGICAL SURGERY;SUITE;19110000;6690000
4271;FEE I_TABLE 6A_CARDIAC SURGERY;SUITE;24230000;8480000
4272;FEE I_TABLE 6A_DENTISTRY;SUITE;20540000;7190000
4273;FEE I_TABLE 6A_ENT / OTORHINOLARYNGOLOGY;SUITE;21000000;7350000
4274;FEE I_TABLE 6A_GENERAL SURGERY;SUITE;19960000;6990000
4275;FEE I_TABLE 6A_NEUROSURGERY;SUITE;44100000;15440000
4276;FEE I_TABLE 6A_OBSTETRICS AND GYNECOLOGY;SUITE;19110000;6690000
4277;FEE I_TABLE 6A_OPHTHALMOLOGY;SUITE;20070000;7020000
4278;FEE I_TABLE 6A_ORTHOPEDIC SURGERY;SUITE;23310000;8160000
4279;FEE I_TABLE 6A_PEDIATRIC SURGERY;SUITE;25210000;8820000
4280;FEE I_TABLE 6A_PLASTIC SURGERY;SUITE;23670000;8280000
4281;FEE I_TABLE 6A_UROLOGICAL SURGERY;SUITE;19880000;6960000
4282;FEE I_TABLE 6B_CARDIAC SURGERY;SUITE;27130000;9500000
4283;FEE I_TABLE 6B_DENTISTRY;SUITE;22820000;7990000
4284;FEE I_TABLE 6B_ENT / OTORHINOLARYNGOLOGY;SUITE;23320000;8160000
4285;FEE I_TABLE 6B_GENERAL SURGERY;SUITE;20590000;7210000
4286;FEE I_TABLE 6B_NEUROSURGERY;SUITE;46200000;16170000
4287;FEE I_TABLE 6B_OBSTETRICS AND GYNECOLOGY;SUITE;21290000;7450000
4288;FEE I_TABLE 6B_OPHTHALMOLOGY;SUITE;21910000;7670000
4289;FEE I_TABLE 6B_ORTHOPEDIC SURGERY;SUITE;26100000;9140000
4290;FEE I_TABLE 6B_PEDIATRIC SURGERY;SUITE;26780000;9370000
4291;FEE I_TABLE 6B_PLASTIC SURGERY;SUITE;25210000;8820000
4292;FEE I_TABLE 6B_UROLOGICAL SURGERY;SUITE;21400000;7490000
4293;FEE I_TABLE 6C_CARDIAC SURGERY;SUITE;30040000;10510000
4294;FEE I_TABLE 6C_DENTISTRY;SUITE;24640000;8620000
4295;FEE I_TABLE 6C_ENT / OTORHINOLARYNGOLOGY;SUITE;25080000;8780000
4296;FEE I_TABLE 6C_GENERAL SURGERY;SUITE;21880000;7660000
4297;FEE I_TABLE 6C_NEUROSURGERY;SUITE;48300000;16910000
4298;FEE I_TABLE 6C_OBSTETRICS AND GYNECOLOGY;SUITE;24020000;8410000
4299;FEE I_TABLE 6C_OPHTHALMOLOGY;SUITE;24640000;8620000
4300;FEE I_TABLE 6C_ORTHOPEDIC SURGERY;SUITE;31710000;11100000
4301;FEE I_TABLE 6C_PEDIATRIC SURGERY;SUITE;28370000;9930000
4302;FEE I_TABLE 6C_PLASTIC SURGERY;SUITE;26730000;9360000
4303;FEE I_TABLE 6C_UROLOGICAL SURGERY;SUITE;22930000;8030000
4304;FEE I_TABLE 7A_CARDIAC SURGERY;SUITE;33920000;11870000
4305;FEE I_TABLE 7A_DENTISTRY;SUITE;27380000;9580000
4306;FEE I_TABLE 7A_ENT / OTORHINOLARYNGOLOGY;SUITE;27990000;9800000
4307;FEE I_TABLE 7A_GENERAL SURGERY;SUITE;23170000;8110000
4308;FEE I_TABLE 7A_NEUROSURGERY;SUITE;50400000;17640000
4309;FEE I_TABLE 7A_OBSTETRICS AND GYNECOLOGY;SUITE;25660000;8980000
4310;FEE I_TABLE 7A_OPHTHALMOLOGY;SUITE;27380000;9580000
4311;FEE I_TABLE 7A_ORTHOPEDIC SURGERY;SUITE;39160000;13710000
4312;FEE I_TABLE 7A_PEDIATRIC SURGERY;SUITE;29940000;10480000
4313;FEE I_TABLE 7A_PLASTIC SURGERY;SUITE;30550000;10690000
4314;FEE I_TABLE 7A_UROLOGICAL SURGERY;SUITE;25220000;8830000
4315;FEE I_TABLE 7B_CARDIAC SURGERY;SUITE;37790000;13230000
4316;FEE I_TABLE 7B_DENTISTRY;SUITE;31490000;11020000
4317;FEE I_TABLE 7B_ENT / OTORHINOLARYNGOLOGY;SUITE;30320000;10610000
4318;FEE I_TABLE 7B_GENERAL SURGERY;SUITE;25740000;9010000
4319;FEE I_TABLE 7B_NEUROSURGERY;SUITE;54600000;19110000
4320;FEE I_TABLE 7B_OBSTETRICS AND GYNECOLOGY;SUITE;27300000;9560000
4321;FEE I_TABLE 7B_OPHTHALMOLOGY;SUITE;30120000;10540000
4322;FEE I_TABLE 7B_ORTHOPEDIC SURGERY;SUITE;46620000;16320000
4323;FEE I_TABLE 7B_PEDIATRIC SURGERY;SUITE;31510000;11030000
4324;FEE I_TABLE 7B_PLASTIC SURGERY;SUITE;34370000;12030000
4325;FEE I_TABLE 7B_UROLOGICAL SURGERY;SUITE;29040000;10160000
4326;FEE I_TABLE 7C_CARDIAC SURGERY;SUITE;41680000;14590000
4327;FEE I_TABLE 7C_DENTISTRY;SUITE;35590000;12460000
4328;FEE I_TABLE 7C_ENT / OTORHINOLARYNGOLOGY;SUITE;31250000;10940000
4329;FEE I_TABLE 7C_GENERAL SURGERY;SUITE;27030000;9460000
4330;FEE I_TABLE 7C_NEUROSURGERY;SUITE;58800000;20580000
4331;FEE I_TABLE 7C_OBSTETRICS AND GYNECOLOGY;SUITE;28940000;10130000
4332;FEE I_TABLE 7C_OPHTHALMOLOGY;SUITE;31940000;11180000
4333;FEE I_TABLE 7C_ORTHOPEDIC SURGERY;SUITE;55950000;19580000
4334;FEE I_TABLE 7C_PEDIATRIC SURGERY;SUITE;34660000;12130000
4335;FEE I_TABLE 7C_PLASTIC SURGERY;SUITE;38190000;13370000
4336;FEE I_TABLE 7C_UROLOGICAL SURGERY;SUITE;32860000;11500000
4337;FEE II_TABLE 1A_CARDIAC SURGERY;SUITE;3150000;1100000
4338;FEE II_TABLE 1A_DENTISTRY;SUITE;2980000;1040000
4339;FEE II_TABLE 1A_DIGESTIVE SURGERY;SUITE;2570000;900000
4340;FEE II_TABLE 1A_ENT / OTORHINOLARYNGOLOGY;SUITE;2570000;900000
4341;FEE II_TABLE 1A_NEUROSURGERY;SUITE;2740000;960000
4342;FEE II_TABLE 1A_OBSTETRICS AND GYNECOLOGY;SUITE;2260000;790000
4343;FEE II_TABLE 1A_ONCOLOGY SURGERY;SUITE;2770000;970000
4344;FEE II_TABLE 1A_OPHTHALMOLOGY;SUITE;2370000;830000
4345;FEE II_TABLE 1A_ORTHOPEDIC SURGERY;SUITE;2420000;850000
4346;FEE II_TABLE 1A_PEDIATRIC SURGERY;SUITE;2460000;860000
4347;FEE II_TABLE 1A_PLASTIC SURGERY;SUITE;2980000;1040000
4348;FEE II_TABLE 1A_UROLOGICAL SURGERY;SUITE;2380000;830000
4349;FEE II_TABLE 1A_VASCULAR SURGERY;SUITE;2700000;950000
4350;FEE II_TABLE 1B_CARDIAC SURGERY;SUITE;3780000;1320000
4351;FEE II_TABLE 1B_DENTISTRY;SUITE;3560000;1250000
4352;FEE II_TABLE 1B_DIGESTIVE SURGERY;SUITE;3420000;1200000
4353;FEE II_TABLE 1B_ENT / OTORHINOLARYNGOLOGY;SUITE;3780000;1320000
4354;FEE II_TABLE 1B_NEUROSURGERY;SUITE;4380000;1530000
4355;FEE II_TABLE 1B_OBSTETRICS AND GYNECOLOGY;SUITE;2830000;990000
4356;FEE II_TABLE 1B_ONCOLOGY SURGERY;SUITE;5540000;1940000
4357;FEE II_TABLE 1B_OPHTHALMOLOGY;SUITE;4160000;1460000
4358;FEE II_TABLE 1B_ORTHOPEDIC SURGERY;SUITE;3640000;1270000
4359;FEE II_TABLE 1B_PEDIATRIC SURGERY;SUITE;4100000;1440000
4360;FEE II_TABLE 1B_PLASTIC SURGERY;SUITE;3980000;1390000
4361;FEE II_TABLE 1B_UROLOGICAL SURGERY;SUITE;3980000;1390000
4362;FEE II_TABLE 1B_VASCULAR SURGERY;SUITE;3600000;1260000
4363;FEE II_TABLE 1C_CARDIAC SURGERY;SUITE;5030000;1760000
4364;FEE II_TABLE 1C_DENTISTRY;SUITE;4160000;1460000
4365;FEE II_TABLE 1C_DIGESTIVE SURGERY;SUITE;5120000;1790000
4366;FEE II_TABLE 1C_ENT / OTORHINOLARYNGOLOGY;SUITE;5300000;1860000
4367;FEE II_TABLE 1C_NEUROSURGERY;SUITE;7100000;2490000
4368;FEE II_TABLE 1C_OBSTETRICS AND GYNECOLOGY;SUITE;4260000;1490000
4369;FEE II_TABLE 1C_ONCOLOGY SURGERY;SUITE;6930000;2430000
4370;FEE II_TABLE 1C_OPHTHALMOLOGY;SUITE;4160000;1460000
4371;FEE II_TABLE 1C_ORTHOPEDIC SURGERY;SUITE;6070000;2120000
4372;FEE II_TABLE 1C_PEDIATRIC SURGERY;SUITE;6150000;2150000
4373;FEE II_TABLE 1C_PLASTIC SURGERY;SUITE;4970000;1740000
4374;FEE II_TABLE 1C_UROLOGICAL SURGERY;SUITE;4970000;1740000
4375;FEE II_TABLE 1C_VASCULAR SURGERY;SUITE;4500000;1580000
4376;FEE II_TABLE 2A_CARDIAC SURGERY;SUITE;6310000;2210000
4377;FEE II_TABLE 2A_DENTISTRY;SUITE;4750000;1660000
4378;FEE II_TABLE 2A_DIGESTIVE SURGERY;SUITE;6830000;2390000
4379;FEE II_TABLE 2A_ENT / OTORHINOLARYNGOLOGY;SUITE;6830000;2390000
4380;FEE II_TABLE 2A_NEUROSURGERY;SUITE;9840000;3440000
4381;FEE II_TABLE 2A_OBSTETRICS AND GYNECOLOGY;SUITE;4970000;1740000
4382;FEE II_TABLE 2A_ONCOLOGY SURGERY;SUITE;8290000;2900000
4383;FEE II_TABLE 2A_OPHTHALMOLOGY;SUITE;6530000;2290000
4384;FEE II_TABLE 2A_ORTHOPEDIC SURGERY;SUITE;8490000;2970000
4385;FEE II_TABLE 2A_PEDIATRIC SURGERY;SUITE;8200000;2870000
4386;FEE II_TABLE 2A_PLASTIC SURGERY;SUITE;6940000;2430000
4387;FEE II_TABLE 2A_UROLOGICAL SURGERY;SUITE;5970000;2090000
4388;FEE II_TABLE 2A_VASCULAR SURGERY;SUITE;5410000;1890000
4389;FEE II_TABLE 2B_CARDIAC SURGERY;SUITE;7550000;2640000
4390;FEE II_TABLE 2B_DENTISTRY;SUITE;5340000;1870000
4391;FEE II_TABLE 2B_DIGESTIVE SURGERY;SUITE;8540000;2990000
4392;FEE II_TABLE 2B_ENT / OTORHINOLARYNGOLOGY;SUITE;8330000;2920000
4393;FEE II_TABLE 2B_NEUROSURGERY;SUITE;12560000;4400000
4394;FEE II_TABLE 2B_OBSTETRICS AND GYNECOLOGY;SUITE;6380000;2230000
4395;FEE II_TABLE 2B_ONCOLOGY SURGERY;SUITE;9690000;3390000
4396;FEE II_TABLE 2B_OPHTHALMOLOGY;SUITE;8290000;2900000
4397;FEE II_TABLE 2B_ORTHOPEDIC SURGERY;SUITE;10920000;3820000
4398;FEE II_TABLE 2B_PEDIATRIC SURGERY;SUITE;10240000;3580000
4399;FEE II_TABLE 2B_PLASTIC SURGERY;SUITE;8940000;3130000
4400;FEE II_TABLE 2B_UROLOGICAL SURGERY;SUITE;6970000;2440000
4401;FEE II_TABLE 2B_VASCULAR SURGERY;SUITE;7200000;2520000
4402;FEE II_TABLE 2C_CARDIAC SURGERY;SUITE;8830000;3090000
4403;FEE II_TABLE 2C_DENTISTRY;SUITE;5930000;2080000
4404;FEE II_TABLE 2C_DIGESTIVE SURGERY;SUITE;10240000;3580000
4405;FEE II_TABLE 2C_ENT / OTORHINOLARYNGOLOGY;SUITE;11380000;3980000
4406;FEE II_TABLE 2C_NEUROSURGERY;SUITE;15300000;5360000
4407;FEE II_TABLE 2C_OBSTETRICS AND GYNECOLOGY;SUITE;8520000;2980000
4408;FEE II_TABLE 2C_ONCOLOGY SURGERY;SUITE;12450000;4360000
4409;FEE II_TABLE 2C_OPHTHALMOLOGY;SUITE;10090000;3530000
4410;FEE II_TABLE 2C_ORTHOPEDIC SURGERY;SUITE;13340000;4670000
4411;FEE II_TABLE 2C_PEDIATRIC SURGERY;SUITE;12290000;4300000
4412;FEE II_TABLE 2C_PLASTIC SURGERY;SUITE;11920000;4170000
4413;FEE II_TABLE 2C_UROLOGICAL SURGERY;SUITE;8940000;3130000
4414;FEE II_TABLE 2C_VASCULAR SURGERY;SUITE;9010000;3150000
4415;FEE II_TABLE 3A_CARDIAC SURGERY;SUITE;10080000;3530000
4416;FEE II_TABLE 3A_DENTISTRY;SUITE;8910000;3120000
4417;FEE II_TABLE 3A_DIGESTIVE SURGERY;SUITE;12620000;4420000
4418;FEE II_TABLE 3A_ENT / OTORHINOLARYNGOLOGY;SUITE;13640000;4770000
4419;FEE II_TABLE 3A_NEUROSURGERY;SUITE;18020000;6310000
4420;FEE II_TABLE 3A_OBSTETRICS AND GYNECOLOGY;SUITE;10650000;3730000
4421;FEE II_TABLE 3A_ONCOLOGY SURGERY;SUITE;15220000;5330000
4422;FEE II_TABLE 3A_OPHTHALMOLOGY;SUITE;11870000;4150000
4423;FEE II_TABLE 3A_ORTHOPEDIC SURGERY;SUITE;15760000;5520000
4424;FEE II_TABLE 3A_PEDIATRIC SURGERY;SUITE;14330000;5020000
4425;FEE II_TABLE 3A_PLASTIC SURGERY;SUITE;13910000;4870000
4426;FEE II_TABLE 3A_UROLOGICAL SURGERY;SUITE;11930000;4180000
4427;FEE II_TABLE 3A_VASCULAR SURGERY;SUITE;10800000;3780000
4428;FEE II_TABLE 3B_CARDIAC SURGERY;SUITE;11340000;3970000
4429;FEE II_TABLE 3B_DENTISTRY;SUITE;11870000;4150000
4430;FEE II_TABLE 3B_DIGESTIVE SURGERY;SUITE;14520000;5080000
4431;FEE II_TABLE 3B_ENT / OTORHINOLARYNGOLOGY;SUITE;14400000;5040000
4432;FEE II_TABLE 3B_NEUROSURGERY;SUITE;21840000;7640000
4433;FEE II_TABLE 3B_OBSTETRICS AND GYNECOLOGY;SUITE;12060000;4220000
4434;FEE II_TABLE 3B_ONCOLOGY SURGERY;SUITE;16610000;5810000
4435;FEE II_TABLE 3B_OPHTHALMOLOGY;SUITE;13050000;4570000
4436;FEE II_TABLE 3B_ORTHOPEDIC SURGERY;SUITE;18190000;6370000
4437;FEE II_TABLE 3B_PEDIATRIC SURGERY;SUITE;16390000;5740000
4438;FEE II_TABLE 3B_PLASTIC SURGERY;SUITE;15890000;5560000
4439;FEE II_TABLE 3B_UROLOGICAL SURGERY;SUITE;13910000;4870000
4440;FEE II_TABLE 3B_VASCULAR SURGERY;SUITE;12610000;4410000
4441;FEE II_TABLE 3C_CARDIAC SURGERY;SUITE;12610000;4410000
4442;FEE II_TABLE 3C_DENTISTRY;SUITE;13640000;4770000
4443;FEE II_TABLE 3C_DIGESTIVE SURGERY;SUITE;16220000;5680000
4444;FEE II_TABLE 3C_ENT / OTORHINOLARYNGOLOGY;SUITE;15160000;5310000
4445;FEE II_TABLE 3C_NEUROSURGERY;SUITE;24570000;8600000
4446;FEE II_TABLE 3C_OBSTETRICS AND GYNECOLOGY;SUITE;14200000;4970000
4447;FEE II_TABLE 3C_ONCOLOGY SURGERY;SUITE;19380000;6780000
4448;FEE II_TABLE 3C_OPHTHALMOLOGY;SUITE;14240000;4980000
4449;FEE II_TABLE 3C_ORTHOPEDIC SURGERY;SUITE;20610000;7210000
4450;FEE II_TABLE 3C_PEDIATRIC SURGERY;SUITE;18430000;6450000
4451;FEE II_TABLE 3C_PLASTIC SURGERY;SUITE;17880000;6260000
4452;FEE II_TABLE 3C_UROLOGICAL SURGERY;SUITE;15900000;5570000
4453;FEE II_TABLE 3C_VASCULAR SURGERY;SUITE;14400000;5040000
4454;FEE II_TABLE 4A_CARDIAC SURGERY;SUITE;15130000;5300000
4455;FEE II_TABLE 4A_DENTISTRY;SUITE;15430000;5400000
4456;FEE II_TABLE 4A_DIGESTIVE SURGERY;SUITE;17070000;5970000
4457;FEE II_TABLE 4A_ENT / OTORHINOLARYNGOLOGY;SUITE;15930000;5580000
4458;FEE II_TABLE 4A_NEUROSURGERY;SUITE;27300000;9560000
4459;FEE II_TABLE 4A_OBSTETRICS AND GYNECOLOGY;SUITE;15610000;5460000
4460;FEE II_TABLE 4A_ONCOLOGY SURGERY;SUITE;20770000;7270000
4461;FEE II_TABLE 4A_OPHTHALMOLOGY;SUITE;16610000;5810000
4462;FEE II_TABLE 4A_ORTHOPEDIC SURGERY;SUITE;21810000;7630000
4463;FEE II_TABLE 4A_PEDIATRIC SURGERY;SUITE;20490000;7170000
4464;FEE II_TABLE 4A_PLASTIC SURGERY;SUITE;19860000;6950000
4465;FEE II_TABLE 4A_UROLOGICAL SURGERY;SUITE;17880000;6260000
4466;FEE II_TABLE 4A_VASCULAR SURGERY;SUITE;16210000;5670000
4467;FEE II_TABLE 4B_CARDIAC SURGERY;SUITE;17640000;6170000
4468;FEE II_TABLE 4B_DENTISTRY;SUITE;16020000;5610000
4469;FEE II_TABLE 4B_DIGESTIVE SURGERY;SUITE;18770000;6570000
4470;FEE II_TABLE 4B_ENT / OTORHINOLARYNGOLOGY;SUITE;16680000;5840000
4471;FEE II_TABLE 4B_NEUROSURGERY;SUITE;32770000;11470000
4472;FEE II_TABLE 4B_OBSTETRICS AND GYNECOLOGY;SUITE;17030000;5960000
4473;FEE II_TABLE 4B_ONCOLOGY SURGERY;SUITE;23530000;8240000
4474;FEE II_TABLE 4B_OPHTHALMOLOGY;SUITE;17800000;6230000
4475;FEE II_TABLE 4B_ORTHOPEDIC SURGERY;SUITE;24260000;8490000
4476;FEE II_TABLE 4B_PEDIATRIC SURGERY;SUITE;22530000;7890000
4477;FEE II_TABLE 4B_PLASTIC SURGERY;SUITE;21850000;7650000
4478;FEE II_TABLE 4B_UROLOGICAL SURGERY;SUITE;19880000;6960000
4479;FEE II_TABLE 4B_VASCULAR SURGERY;SUITE;18010000;6300000
4480;FEE II_TABLE 4C_CARDIAC SURGERY;SUITE;20160000;7060000
4481;FEE II_TABLE 4C_DENTISTRY;SUITE;16610000;5810000
4482;FEE II_TABLE 4C_DIGESTIVE SURGERY;SUITE;20490000;7170000
4483;FEE II_TABLE 4C_ENT / OTORHINOLARYNGOLOGY;SUITE;18190000;6370000
4484;FEE II_TABLE 4C_NEUROSURGERY;SUITE;38230000;13380000
4485;FEE II_TABLE 4C_OBSTETRICS AND GYNECOLOGY;SUITE;18460000;6460000
4486;FEE II_TABLE 4C_ONCOLOGY SURGERY;SUITE;26300000;9210000
4487;FEE II_TABLE 4C_OPHTHALMOLOGY;SUITE;18980000;6640000
4488;FEE II_TABLE 4C_ORTHOPEDIC SURGERY;SUITE;25450000;8910000
4489;FEE II_TABLE 4C_PEDIATRIC SURGERY;SUITE;24570000;8600000
4490;FEE II_TABLE 4C_PLASTIC SURGERY;SUITE;22830000;7990000
4491;FEE II_TABLE 4C_UROLOGICAL SURGERY;SUITE;20880000;7310000
4492;FEE II_TABLE 4C_VASCULAR SURGERY;SUITE;19810000;6930000
4493;FEE II_TABLE 5A_CARDIAC SURGERY;SUITE;22690000;7940000
4494;FEE II_TABLE 5A_DENTISTRY;SUITE;18980000;6640000
4495;FEE II_TABLE 5A_DIGESTIVE SURGERY;SUITE;22190000;7770000
4496;FEE II_TABLE 5A_ENT / OTORHINOLARYNGOLOGY;SUITE;20460000;7160000
4497;FEE II_TABLE 5A_NEUROSURGERY;SUITE;43690000;15290000
4498;FEE II_TABLE 5A_OBSTETRICS AND GYNECOLOGY;SUITE;19160000;6710000
4499;FEE II_TABLE 5A_ONCOLOGY SURGERY;SUITE;27680000;9690000
4500;FEE II_TABLE 5A_OPHTHALMOLOGY;SUITE;20160000;7060000
4501;FEE II_TABLE 5A_ORTHOPEDIC SURGERY;SUITE;26660000;9330000
4502;FEE II_TABLE 5A_PEDIATRIC SURGERY;SUITE;26640000;9320000
4503;FEE II_TABLE 5A_PLASTIC SURGERY;SUITE;24830000;8690000
4504;FEE II_TABLE 5A_UROLOGICAL SURGERY;SUITE;21870000;7650000
4505;FEE II_TABLE 5A_VASCULAR SURGERY;SUITE;21590000;7560000
4506;FEE II_TABLE 5B_CARDIAC SURGERY;SUITE;25190000;8820000
4507;FEE II_TABLE 5B_DENTISTRY;SUITE;21360000;7480000
4508;FEE II_TABLE 5B_DIGESTIVE SURGERY;SUITE;23890000;8360000
4509;FEE II_TABLE 5B_ENT / OTORHINOLARYNGOLOGY;SUITE;21980000;7690000
4510;FEE II_TABLE 5B_NEUROSURGERY;SUITE;49140000;17200000
4511;FEE II_TABLE 5B_OBSTETRICS AND GYNECOLOGY;SUITE;20580000;7200000
4512;FEE II_TABLE 5B_ONCOLOGY SURGERY;SUITE;30460000;10660000
4513;FEE II_TABLE 5B_OPHTHALMOLOGY;SUITE;21360000;7480000
4514;FEE II_TABLE 5B_ORTHOPEDIC SURGERY;SUITE;27890000;9760000
4515;FEE II_TABLE 5B_PEDIATRIC SURGERY;SUITE;28680000;10040000
4516;FEE II_TABLE 5B_PLASTIC SURGERY;SUITE;26810000;9380000
4517;FEE II_TABLE 5B_UROLOGICAL SURGERY;SUITE;23840000;8340000
4518;FEE II_TABLE 5B_VASCULAR SURGERY;SUITE;23410000;8190000
4519;FEE II_TABLE 5C_CARDIAC SURGERY;SUITE;27720000;9700000
4520;FEE II_TABLE 5C_DENTISTRY;SUITE;24910000;8720000
4521;FEE II_TABLE 5C_DIGESTIVE SURGERY;SUITE;25610000;8960000
4522;FEE II_TABLE 5C_ENT / OTORHINOLARYNGOLOGY;SUITE;24260000;8490000
4523;FEE II_TABLE 5C_NEUROSURGERY;SUITE;54600000;19110000
4524;FEE II_TABLE 5C_OBSTETRICS AND GYNECOLOGY;SUITE;23430000;8200000
4525;FEE II_TABLE 5C_ONCOLOGY SURGERY;SUITE;33230000;11630000
4526;FEE II_TABLE 5C_OPHTHALMOLOGY;SUITE;23730000;8310000
4527;FEE II_TABLE 5C_ORTHOPEDIC SURGERY;SUITE;29080000;10180000
4528;FEE II_TABLE 5C_PEDIATRIC SURGERY;SUITE;30720000;10750000
4529;FEE II_TABLE 5C_PLASTIC SURGERY;SUITE;28800000;10080000
4530;FEE II_TABLE 5C_UROLOGICAL SURGERY;SUITE;24840000;8690000
4531;FEE II_TABLE 5C_VASCULAR SURGERY;SUITE;25190000;8820000
4532;FEE II_TABLE 6A_CARDIAC SURGERY;SUITE;31500000;11030000
4533;FEE II_TABLE 6A_DENTISTRY;SUITE;26700000;9350000
4534;FEE II_TABLE 6A_DIGESTIVE SURGERY;SUITE;27310000;9560000
4535;FEE II_TABLE 6A_ENT / OTORHINOLARYNGOLOGY;SUITE;27300000;9560000
4536;FEE II_TABLE 6A_NEUROSURGERY;SUITE;57330000;20070000
4537;FEE II_TABLE 6A_OBSTETRICS AND GYNECOLOGY;SUITE;24840000;8690000
4538;FEE II_TABLE 6A_ONCOLOGY SURGERY;SUITE;35980000;12590000
4539;FEE II_TABLE 6A_OPHTHALMOLOGY;SUITE;26090000;9130000
4540;FEE II_TABLE 6A_ORTHOPEDIC SURGERY;SUITE;30300000;10610000
4541;FEE II_TABLE 6A_PEDIATRIC SURGERY;SUITE;32770000;11470000
4542;FEE II_TABLE 6A_PLASTIC SURGERY;SUITE;30770000;10770000
4543;FEE II_TABLE 6A_UROLOGICAL SURGERY;SUITE;25840000;9040000
4544;FEE II_TABLE 6A_VASCULAR SURGERY;SUITE;28800000;10080000
4545;FEE II_TABLE 6B_CARDIAC SURGERY;SUITE;35270000;12340000
4546;FEE II_TABLE 6B_DENTISTRY;SUITE;29670000;10380000
4547;FEE II_TABLE 6B_DIGESTIVE SURGERY;SUITE;29020000;10160000
4548;FEE II_TABLE 6B_ENT / OTORHINOLARYNGOLOGY;SUITE;30320000;10610000
4549;FEE II_TABLE 6B_NEUROSURGERY;SUITE;60060000;21020000
4550;FEE II_TABLE 6B_OBSTETRICS AND GYNECOLOGY;SUITE;27680000;9690000
4551;FEE II_TABLE 6B_ONCOLOGY SURGERY;SUITE;38750000;13560000
4552;FEE II_TABLE 6B_OPHTHALMOLOGY;SUITE;28480000;9970000
4553;FEE II_TABLE 6B_ORTHOPEDIC SURGERY;SUITE;33930000;11880000
4554;FEE II_TABLE 6B_PEDIATRIC SURGERY;SUITE;34810000;12180000
4555;FEE II_TABLE 6B_PLASTIC SURGERY;SUITE;32770000;11470000
4556;FEE II_TABLE 6B_UROLOGICAL SURGERY;SUITE;27820000;9740000
4557;FEE II_TABLE 6B_VASCULAR SURGERY;SUITE;32400000;11340000
4558;FEE II_TABLE 6C_CARDIAC SURGERY;SUITE;39050000;13670000
4559;FEE II_TABLE 6C_DENTISTRY;SUITE;32030000;11210000
4560;FEE II_TABLE 6C_DIGESTIVE SURGERY;SUITE;30720000;10750000
4561;FEE II_TABLE 6C_ENT / OTORHINOLARYNGOLOGY;SUITE;32600000;11410000
4562;FEE II_TABLE 6C_NEUROSURGERY;SUITE;62790000;21980000
4563;FEE II_TABLE 6C_OBSTETRICS AND GYNECOLOGY;SUITE;31230000;10930000
4564;FEE II_TABLE 6C_ONCOLOGY SURGERY;SUITE;41520000;14530000
4565;FEE II_TABLE 6C_OPHTHALMOLOGY;SUITE;32030000;11210000
4566;FEE II_TABLE 6C_ORTHOPEDIC SURGERY;SUITE;41220000;14430000
4567;FEE II_TABLE 6C_PEDIATRIC SURGERY;SUITE;36880000;12910000
4568;FEE II_TABLE 6C_PLASTIC SURGERY;SUITE;34750000;12160000
4569;FEE II_TABLE 6C_UROLOGICAL SURGERY;SUITE;29810000;10430000
4570;FEE II_TABLE 6C_VASCULAR SURGERY;SUITE;36000000;12600000
4571;FEE II_TABLE 7A_CARDIAC SURGERY;SUITE;44100000;15440000
4572;FEE II_TABLE 7A_DENTISTRY;SUITE;35590000;12460000
4573;FEE II_TABLE 7A_DIGESTIVE SURGERY;SUITE;32440000;11350000
4574;FEE II_TABLE 7A_ENT / OTORHINOLARYNGOLOGY;SUITE;36390000;12740000
4575;FEE II_TABLE 7A_NEUROSURGERY;SUITE;65520000;22930000
4576;FEE II_TABLE 7A_OBSTETRICS AND GYNECOLOGY;SUITE;33360000;11680000
4577;FEE II_TABLE 7A_ONCOLOGY SURGERY;SUITE;44290000;15500000
4578;FEE II_TABLE 7A_OPHTHALMOLOGY;SUITE;35590000;12460000
4579;FEE II_TABLE 7A_ORTHOPEDIC SURGERY;SUITE;50910000;17820000
4580;FEE II_TABLE 7A_PEDIATRIC SURGERY;SUITE;38920000;13620000
4581;FEE II_TABLE 7A_PLASTIC SURGERY;SUITE;39720000;13900000
4582;FEE II_TABLE 7A_UROLOGICAL SURGERY;SUITE;32790000;11480000
4583;FEE II_TABLE 7A_VASCULAR SURGERY;SUITE;41410000;14490000
4584;FEE II_TABLE 7B_CARDIAC SURGERY;SUITE;49130000;17200000
4585;FEE II_TABLE 7B_DENTISTRY;SUITE;40940000;14330000
4586;FEE II_TABLE 7B_DIGESTIVE SURGERY;SUITE;34140000;11950000
4587;FEE II_TABLE 7B_ENT / OTORHINOLARYNGOLOGY;SUITE;39420000;13800000
4588;FEE II_TABLE 7B_NEUROSURGERY;SUITE;70980000;24840000
4589;FEE II_TABLE 7B_OBSTETRICS AND GYNECOLOGY;SUITE;35490000;12420000
4590;FEE II_TABLE 7B_ONCOLOGY SURGERY;SUITE;49820000;17440000
4591;FEE II_TABLE 7B_OPHTHALMOLOGY;SUITE;39160000;13710000
4592;FEE II_TABLE 7B_ORTHOPEDIC SURGERY;SUITE;60610000;21210000
4593;FEE II_TABLE 7B_PEDIATRIC SURGERY;SUITE;40960000;14340000
4594;FEE II_TABLE 7B_PLASTIC SURGERY;SUITE;44680000;15640000
4595;FEE II_TABLE 7B_UROLOGICAL SURGERY;SUITE;37750000;13210000
4596;FEE II_TABLE 7B_VASCULAR SURGERY;SUITE;46800000;16380000
4597;FEE II_TABLE 7C_CARDIAC SURGERY;SUITE;54180000;18960000
4598;FEE II_TABLE 7C_DENTISTRY;SUITE;46270000;16190000
4599;FEE II_TABLE 7C_DIGESTIVE SURGERY;SUITE;37560000;13150000
4600;FEE II_TABLE 7C_ENT / OTORHINOLARYNGOLOGY;SUITE;40630000;14220000
4601;FEE II_TABLE 7C_NEUROSURGERY;SUITE;76440000;26750000
4602;FEE II_TABLE 7C_OBSTETRICS AND GYNECOLOGY;SUITE;37620000;13170000
4603;FEE II_TABLE 7C_ONCOLOGY SURGERY;SUITE;55370000;19380000
4604;FEE II_TABLE 7C_OPHTHALMOLOGY;SUITE;41520000;14530000
4605;FEE II_TABLE 7C_ORTHOPEDIC SURGERY;SUITE;72740000;25460000
4606;FEE II_TABLE 7C_PEDIATRIC SURGERY;SUITE;45060000;15770000
4607;FEE II_TABLE 7C_PLASTIC SURGERY;SUITE;49650000;17380000
4608;FEE II_TABLE 7C_UROLOGICAL SURGERY;SUITE;42720000;14950000
4609;FEE II_TABLE 7C_VASCULAR SURGERY;SUITE;52210000;18270000
4610;FNAB;SUITE;913000;0
4611;FNAB USG GUIDED PROCEDURE;SUITE;1884000;0
4612;FOREIGN BODY REMOVAL;SUITE;1884000;842000
4613;FOREIGN BODY REMOVAL ;SUITE;5998000;0
4614;GASTRIC BALLON (INSERTION);SUITE;17993000;2783000
4615;GASTRIC BALLON (REMOVAL);SUITE;17993000;2783000
4616;GASTRODUODENOSCOPY AND COLONOSCOPY;SUITE;17993000;2703000
4617;GASTROSCOPY;SUITE;11674000;1847000
4618;GASTROSCOPY + BIOPSY;SUITE;14117000;0
4619;GASTROSCOPY AND COLONOSCOPY;SUITE;17993000;3103000
4620;INJECTION FOR VACCINE PROCEDURE ;SUITE;240000;0
4621;INJECTION INTRAARTICULAR;SUITE;1012000;0
4622;INJECTION TENDER POINT / TRIGGER POINT;SUITE;962000;0
4623;INSERTION OF NGT / OGT;SUITE;800000;0
4624;INTRA OSSEUS CATH;SUITE;996000;0
4625;INTRALESIONAL INJECTION / INJEKSI INTRALESI;SUITE;578000;0
4626;KIDNEY BIOPSY;SUITE;9396000;0
4627;KONSULTASI LAKTASI;SUITE;175000;0
4628;LAVAGE LAUNDRY;SUITE;717000;0
4629;LYPECTOMY (LYPOMA) Q >10  REGIO > 3;SUITE;3956000;0
4630;LYPECTOMY (LYPOMA) Q ≤ 10 REGIO ≤ 3;SUITE;2589000;0
4631;MMSE (MINI MENTAL STATE EXAMINATION);SUITE;698000;0
4632;NECROTOMY;SUITE;821000;0
4633;PASANG VENTILATOR;SUITE;508000;0
4634;PATCH TEST;SUITE;3200000;0
4635;PEMASANGAN PIGTAIL DENGAN USG GUIDED;SUITE;4480000;0
4636;PEMASANGAN PIGTAIL TANPA USG GUIDED;SUITE;3520000;0
4637;PH METRIX;SUITE;17993000;0
4638;PH METRIX OHMEGA;SUITE;20994000;0
4639;PHLEBOTOMY PROCEDURE;SUITE;944000;0
4640;POLIPECTOMY;SUITE;14335000;2249000
4641;PRICK TEST;SUITE;3200000;0
4642;PRICK TEST _ 1;SUITE;2132000;0
4643;PUNKSI ABDOMINAL;SUITE;2044000;0
4644;PUNKSI SENDI;SUITE;1041000;0
4645;PUSH ENTEROSCOPY;SUITE;11679000;1897000
4646;READING EEG;SUITE;172000;0
4647;RECTOSCOPY;SUITE;3183000;0
4648;REKTOSIGMOIDOSCOPY;SUITE;8019000;1269000
4649;REKTOSIGMOIDOSCOPY + BIOPSY;SUITE;10660000;0
4650;REMOVE / AFF CVC;SUITE;821000;0
4651;REMOVE / AFF WSD / CHEST TUBE;SUITE;1358000;0
4652;RESUCITATION FEE  LESS THAN 1 HOUR(PER HOUR);SUITE;1246000;0
4653;RESUCITATION FEE  MORE THAN 1 HOUR(PER HOUR);SUITE;510000;0
4654;RIGHT TO LEFT SHUNT TEST;SUITE;1223000;0
4655;RUBBER BAND LIGATION;SUITE;1780000;0
4656;SKLEROTHERAPI;SUITE;11152000;1796000
4657;SKRINING USG FETOMATERNAL;SUITE;3197000;0
4658;TINDAKAN / BEDAH MINOR A;SUITE;1632000;0
4659;Tindakan / Bedah Minor B;SUITE;2448000;0
4660;TINDAKAN CHEMOTHERAPY;SUITE;1414000;0
4661;TINDAKAN DC SHOCK;SUITE;647000;0
4662;TOUNGE TIED KLINIK LAKTASI;SUITE;439000;0
4663;TRACHEOSTOMY;SUITE;7166000;0
4664;TRACHEOSTOMY REMOVAL OR REPLACE;SUITE;1017000;0
4665;TRANSFORAMINAL BLOCK MULTILEVEL (MULTIPLE);SUITE;7425000;0
4666;TRANSFORAMINAL BLOCK ONE LEVEL;SUITE;5549000;0
4667;VENA SECTIE;SUITE;1233000;0
4668;ANOSCOPY;PRESIDENT SUITE;1038000;0
4669;ASPIRATION;PRESIDENT SUITE;1233000;0
4670;Block Pain;PRESIDENT SUITE;3201000;0
4671;BODY ANALYZER (BIA);PRESIDENT SUITE;462000;0
4672;BONE MARROW PUNCTURE PROCEDURE  (BMP);PRESIDENT SUITE;3094000;0
4673;BRONCHOSCOPY;PRESIDENT SUITE;10882000;2581000
4674;BRONCHOSCOPY + BIOPSI;PRESIDENT SUITE;14377000;0
4675;CATHERIZATION  OR SHEATH OR DRAIN REMOVAL;PRESIDENT SUITE;504000;0
4676;CATHETERIZATION PLACEMENT;PRESIDENT SUITE;802000;0
4677;CIRCUMCISION;PRESIDENT SUITE;4000000;0
4678;COLONOSCOPY;PRESIDENT SUITE;12876000;2074000
4679;COLONOSCOPY + BIOPSY;PRESIDENT SUITE;15210000;0
4680;ERCP AND PAPILLOTOMY;PRESIDENT SUITE;32989000;5100000
4681;ERCP AND SPHINTEROTOMI;PRESIDENT SUITE;20547000;0
4682;ERCP AND SPHINTEROTOMI AND COMPLEX STONE EXTRACTION;PRESIDENT SUITE;41957000;0
4683;ERCP AND SPHINTEROTOMI AND SIMPLE STONE EXTRACTION;PRESIDENT SUITE;32173000;0
4684;ERCP AND SPHINTEROTOMI AND STENT;PRESIDENT SUITE;32173000;0
4685;ERCP DIAGNOSTIC;PRESIDENT SUITE;13996000;2164000
4686;ESOPHAGOSCOPY;PRESIDENT SUITE;5998000;842000
4687;FACET BLOCK MULTI LEVEL (MULTIPLE);PRESIDENT SUITE;7574000;0
4688;FACET BLOCK ONE LEVEL;PRESIDENT SUITE;5660000;0
4689;FEE I_TABLE 1A_CARDIAC SURGERY;PRESIDENT SUITE;2420000;850000
4690;FEE I_TABLE 1A_DENTISTRY;PRESIDENT SUITE;2290000;800000
4691;FEE I_TABLE 1A_ENT / OTORHINOLARYNGOLOGY;PRESIDENT SUITE;1980000;690000
4692;FEE I_TABLE 1A_GENERAL SURGERY;PRESIDENT SUITE;1810000;630000
4693;FEE I_TABLE 1A_NEUROSURGERY;PRESIDENT SUITE;2110000;740000
4694;FEE I_TABLE 1A_OBSTETRICS AND GYNECOLOGY;PRESIDENT SUITE;1740000;610000
4695;FEE I_TABLE 1A_OPHTHALMOLOGY;PRESIDENT SUITE;1820000;640000
4696;FEE I_TABLE 1A_ORTHOPEDIC SURGERY;PRESIDENT SUITE;1860000;650000
4697;FEE I_TABLE 1A_PEDIATRIC SURGERY;PRESIDENT SUITE;1890000;660000
4698;FEE I_TABLE 1A_PLASTIC SURGERY;PRESIDENT SUITE;2290000;800000
4699;FEE I_TABLE 1A_UROLOGICAL SURGERY;PRESIDENT SUITE;1830000;640000
4700;FEE I_TABLE 1B_CARDIAC SURGERY;PRESIDENT SUITE;2910000;1020000
4701;FEE I_TABLE 1B_DENTISTRY;PRESIDENT SUITE;2740000;960000
4702;FEE I_TABLE 1B_ENT / OTORHINOLARYNGOLOGY;PRESIDENT SUITE;2910000;1020000
4703;FEE I_TABLE 1B_GENERAL SURGERY;PRESIDENT SUITE;3220000;1130000
4704;FEE I_TABLE 1B_NEUROSURGERY;PRESIDENT SUITE;3370000;1180000
4705;FEE I_TABLE 1B_OBSTETRICS AND GYNECOLOGY;PRESIDENT SUITE;2180000;760000
4706;FEE I_TABLE 1B_OPHTHALMOLOGY;PRESIDENT SUITE;3200000;1120000
4707;FEE I_TABLE 1B_ORTHOPEDIC SURGERY;PRESIDENT SUITE;2800000;980000
4708;FEE I_TABLE 1B_PEDIATRIC SURGERY;PRESIDENT SUITE;3150000;1100000
4709;FEE I_TABLE 1B_PLASTIC SURGERY;PRESIDENT SUITE;3060000;1070000
4710;FEE I_TABLE 1B_UROLOGICAL SURGERY;PRESIDENT SUITE;3060000;1070000
4711;FEE I_TABLE 1C_CARDIAC SURGERY;PRESIDENT SUITE;3870000;1350000
4712;FEE I_TABLE 1C_DENTISTRY;PRESIDENT SUITE;3200000;1120000
4713;FEE I_TABLE 1C_ENT / OTORHINOLARYNGOLOGY;PRESIDENT SUITE;4080000;1430000
4714;FEE I_TABLE 1C_GENERAL SURGERY;PRESIDENT SUITE;4510000;1580000
4715;FEE I_TABLE 1C_NEUROSURGERY;PRESIDENT SUITE;5460000;1910000
4716;FEE I_TABLE 1C_OBSTETRICS AND GYNECOLOGY;PRESIDENT SUITE;3280000;1150000
4717;FEE I_TABLE 1C_OPHTHALMOLOGY;PRESIDENT SUITE;3200000;1120000
4718;FEE I_TABLE 1C_ORTHOPEDIC SURGERY;PRESIDENT SUITE;4670000;1630000
4719;FEE I_TABLE 1C_PEDIATRIC SURGERY;PRESIDENT SUITE;4730000;1660000
4720;FEE I_TABLE 1C_PLASTIC SURGERY;PRESIDENT SUITE;3820000;1340000
4721;FEE I_TABLE 1C_UROLOGICAL SURGERY;PRESIDENT SUITE;3820000;1340000
4722;FEE I_TABLE 2A_CARDIAC SURGERY;PRESIDENT SUITE;4850000;1700000
4723;FEE I_TABLE 2A_DENTISTRY;PRESIDENT SUITE;3650000;1280000
4724;FEE I_TABLE 2A_ENT / OTORHINOLARYNGOLOGY;PRESIDENT SUITE;5250000;1840000
4725;FEE I_TABLE 2A_GENERAL SURGERY;PRESIDENT SUITE;5800000;2030000
4726;FEE I_TABLE 2A_NEUROSURGERY;PRESIDENT SUITE;7570000;2650000
4727;FEE I_TABLE 2A_OBSTETRICS AND GYNECOLOGY;PRESIDENT SUITE;3820000;1340000
4728;FEE I_TABLE 2A_OPHTHALMOLOGY;PRESIDENT SUITE;5020000;1760000
4729;FEE I_TABLE 2A_ORTHOPEDIC SURGERY;PRESIDENT SUITE;6530000;2290000
4730;FEE I_TABLE 2A_PEDIATRIC SURGERY;PRESIDENT SUITE;6310000;2210000
4731;FEE I_TABLE 2A_PLASTIC SURGERY;PRESIDENT SUITE;5340000;1870000
4732;FEE I_TABLE 2A_UROLOGICAL SURGERY;PRESIDENT SUITE;4590000;1610000
4733;FEE I_TABLE 2B_CARDIAC SURGERY;PRESIDENT SUITE;5810000;2030000
4734;FEE I_TABLE 2B_DENTISTRY;PRESIDENT SUITE;4110000;1440000
4735;FEE I_TABLE 2B_ENT / OTORHINOLARYNGOLOGY;PRESIDENT SUITE;6410000;2240000
4736;FEE I_TABLE 2B_GENERAL SURGERY;PRESIDENT SUITE;6440000;2250000
4737;FEE I_TABLE 2B_NEUROSURGERY;PRESIDENT SUITE;9660000;3380000
4738;FEE I_TABLE 2B_OBSTETRICS AND GYNECOLOGY;PRESIDENT SUITE;4910000;1720000
4739;FEE I_TABLE 2B_OPHTHALMOLOGY;PRESIDENT SUITE;6380000;2230000
4740;FEE I_TABLE 2B_ORTHOPEDIC SURGERY;PRESIDENT SUITE;8400000;2940000
4741;FEE I_TABLE 2B_PEDIATRIC SURGERY;PRESIDENT SUITE;7880000;2760000
4742;FEE I_TABLE 2B_PLASTIC SURGERY;PRESIDENT SUITE;6880000;2410000
4743;FEE I_TABLE 2B_UROLOGICAL SURGERY;PRESIDENT SUITE;5360000;1880000
4744;FEE I_TABLE 2C_CARDIAC SURGERY;PRESIDENT SUITE;6790000;2380000
4745;FEE I_TABLE 2C_DENTISTRY;PRESIDENT SUITE;4560000;1600000
4746;FEE I_TABLE 2C_ENT / OTORHINOLARYNGOLOGY;PRESIDENT SUITE;8750000;3060000
4747;FEE I_TABLE 2C_GENERAL SURGERY;PRESIDENT SUITE;7720000;2700000
4748;FEE I_TABLE 2C_NEUROSURGERY;PRESIDENT SUITE;11770000;4120000
4749;FEE I_TABLE 2C_OBSTETRICS AND GYNECOLOGY;PRESIDENT SUITE;6550000;2290000
4750;FEE I_TABLE 2C_OPHTHALMOLOGY;PRESIDENT SUITE;7760000;2720000
4751;FEE I_TABLE 2C_ORTHOPEDIC SURGERY;PRESIDENT SUITE;10260000;3590000
4752;FEE I_TABLE 2C_PEDIATRIC SURGERY;PRESIDENT SUITE;9450000;3310000
4753;FEE I_TABLE 2C_PLASTIC SURGERY;PRESIDENT SUITE;9170000;3210000
4754;FEE I_TABLE 2C_UROLOGICAL SURGERY;PRESIDENT SUITE;6880000;2410000
4755;FEE I_TABLE 3A_CARDIAC SURGERY;PRESIDENT SUITE;7750000;2710000
4756;FEE I_TABLE 3A_DENTISTRY;PRESIDENT SUITE;6850000;2400000
4757;FEE I_TABLE 3A_ENT / OTORHINOLARYNGOLOGY;PRESIDENT SUITE;10490000;3670000
4758;FEE I_TABLE 3A_GENERAL SURGERY;PRESIDENT SUITE;9010000;3150000
4759;FEE I_TABLE 3A_NEUROSURGERY;PRESIDENT SUITE;13860000;4850000
4760;FEE I_TABLE 3A_OBSTETRICS AND GYNECOLOGY;PRESIDENT SUITE;8190000;2870000
4761;FEE I_TABLE 3A_OPHTHALMOLOGY;PRESIDENT SUITE;9130000;3200000
4762;FEE I_TABLE 3A_ORTHOPEDIC SURGERY;PRESIDENT SUITE;12120000;4240000
4763;FEE I_TABLE 3A_PEDIATRIC SURGERY;PRESIDENT SUITE;11020000;3860000
4764;FEE I_TABLE 3A_PLASTIC SURGERY;PRESIDENT SUITE;10700000;3750000
4765;FEE I_TABLE 3A_UROLOGICAL SURGERY;PRESIDENT SUITE;9180000;3210000
4766;FEE I_TABLE 3B_CARDIAC SURGERY;PRESIDENT SUITE;8720000;3050000
4767;FEE I_TABLE 3B_DENTISTRY;PRESIDENT SUITE;9130000;3200000
4768;FEE I_TABLE 3B_ENT / OTORHINOLARYNGOLOGY;PRESIDENT SUITE;11080000;3880000
4769;FEE I_TABLE 3B_GENERAL SURGERY;PRESIDENT SUITE;10950000;3830000
4770;FEE I_TABLE 3B_NEUROSURGERY;PRESIDENT SUITE;16800000;5880000
4771;FEE I_TABLE 3B_OBSTETRICS AND GYNECOLOGY;PRESIDENT SUITE;9280000;3250000
4772;FEE I_TABLE 3B_OPHTHALMOLOGY;PRESIDENT SUITE;10040000;3510000
4773;FEE I_TABLE 3B_ORTHOPEDIC SURGERY;PRESIDENT SUITE;13990000;4900000
4774;FEE I_TABLE 3B_PEDIATRIC SURGERY;PRESIDENT SUITE;12610000;4410000
4775;FEE I_TABLE 3B_PLASTIC SURGERY;PRESIDENT SUITE;12220000;4280000
4776;FEE I_TABLE 3B_UROLOGICAL SURGERY;PRESIDENT SUITE;10700000;3750000
4777;FEE I_TABLE 3C_CARDIAC SURGERY;PRESIDENT SUITE;9700000;3400000
4778;FEE I_TABLE 3C_DENTISTRY;PRESIDENT SUITE;10490000;3670000
4779;FEE I_TABLE 3C_ENT / OTORHINOLARYNGOLOGY;PRESIDENT SUITE;11660000;4080000
4780;FEE I_TABLE 3C_GENERAL SURGERY;PRESIDENT SUITE;12870000;4500000
4781;FEE I_TABLE 3C_NEUROSURGERY;PRESIDENT SUITE;18900000;6620000
4782;FEE I_TABLE 3C_OBSTETRICS AND GYNECOLOGY;PRESIDENT SUITE;10920000;3820000
4783;FEE I_TABLE 3C_OPHTHALMOLOGY;PRESIDENT SUITE;10950000;3830000
4784;FEE I_TABLE 3C_ORTHOPEDIC SURGERY;PRESIDENT SUITE;15850000;5550000
4785;FEE I_TABLE 3C_PEDIATRIC SURGERY;PRESIDENT SUITE;14180000;4960000
4786;FEE I_TABLE 3C_PLASTIC SURGERY;PRESIDENT SUITE;13750000;4810000
4787;FEE I_TABLE 3C_UROLOGICAL SURGERY;PRESIDENT SUITE;12230000;4280000
4788;FEE I_TABLE 4A_CARDIAC SURGERY;PRESIDENT SUITE;11640000;4070000
4789;FEE I_TABLE 4A_DENTISTRY;PRESIDENT SUITE;11870000;4150000
4790;FEE I_TABLE 4A_ENT / OTORHINOLARYNGOLOGY;PRESIDENT SUITE;12250000;4290000
4791;FEE I_TABLE 4A_GENERAL SURGERY;PRESIDENT SUITE;14160000;4960000
4792;FEE I_TABLE 4A_NEUROSURGERY;PRESIDENT SUITE;21000000;7350000
4793;FEE I_TABLE 4A_OBSTETRICS AND GYNECOLOGY;PRESIDENT SUITE;12010000;4200000
4794;FEE I_TABLE 4A_OPHTHALMOLOGY;PRESIDENT SUITE;12780000;4470000
4795;FEE I_TABLE 4A_ORTHOPEDIC SURGERY;PRESIDENT SUITE;16780000;5870000
4796;FEE I_TABLE 4A_PEDIATRIC SURGERY;PRESIDENT SUITE;15760000;5520000
4797;FEE I_TABLE 4A_PLASTIC SURGERY;PRESIDENT SUITE;15280000;5350000
4798;FEE I_TABLE 4A_UROLOGICAL SURGERY;PRESIDENT SUITE;13750000;4810000
4799;FEE I_TABLE 4B_CARDIAC SURGERY;PRESIDENT SUITE;13570000;4750000
4800;FEE I_TABLE 4B_DENTISTRY;PRESIDENT SUITE;12320000;4310000
4801;FEE I_TABLE 4B_ENT / OTORHINOLARYNGOLOGY;PRESIDENT SUITE;12830000;4490000
4802;FEE I_TABLE 4B_GENERAL SURGERY;PRESIDENT SUITE;15440000;5400000
4803;FEE I_TABLE 4B_NEUROSURGERY;PRESIDENT SUITE;25210000;8820000
4804;FEE I_TABLE 4B_OBSTETRICS AND GYNECOLOGY;PRESIDENT SUITE;13100000;4590000
4805;FEE I_TABLE 4B_OPHTHALMOLOGY;PRESIDENT SUITE;13690000;4790000
4806;FEE I_TABLE 4B_ORTHOPEDIC SURGERY;PRESIDENT SUITE;18660000;6530000
4807;FEE I_TABLE 4B_PEDIATRIC SURGERY;PRESIDENT SUITE;17330000;6070000
4808;FEE I_TABLE 4B_PLASTIC SURGERY;PRESIDENT SUITE;16810000;5880000
4809;FEE I_TABLE 4B_UROLOGICAL SURGERY;PRESIDENT SUITE;15290000;5350000
4810;FEE I_TABLE 4C_CARDIAC SURGERY;PRESIDENT SUITE;15510000;5430000
4811;FEE I_TABLE 4C_DENTISTRY;PRESIDENT SUITE;12780000;4470000
4812;FEE I_TABLE 4C_ENT / OTORHINOLARYNGOLOGY;PRESIDENT SUITE;13990000;4900000
4813;FEE I_TABLE 4C_GENERAL SURGERY;PRESIDENT SUITE;17380000;6080000
4814;FEE I_TABLE 4C_NEUROSURGERY;PRESIDENT SUITE;29410000;10290000
4815;FEE I_TABLE 4C_OBSTETRICS AND GYNECOLOGY;PRESIDENT SUITE;14200000;4970000
4816;FEE I_TABLE 4C_OPHTHALMOLOGY;PRESIDENT SUITE;14600000;5110000
4817;FEE I_TABLE 4C_ORTHOPEDIC SURGERY;PRESIDENT SUITE;19580000;6850000
4818;FEE I_TABLE 4C_PEDIATRIC SURGERY;PRESIDENT SUITE;18900000;6620000
4819;FEE I_TABLE 4C_PLASTIC SURGERY;PRESIDENT SUITE;17560000;6150000
4820;FEE I_TABLE 4C_UROLOGICAL SURGERY;PRESIDENT SUITE;16060000;5620000
4821;FEE I_TABLE 5A_CARDIAC SURGERY;PRESIDENT SUITE;17450000;6110000
4822;FEE I_TABLE 5A_DENTISTRY;PRESIDENT SUITE;14600000;5110000
4823;FEE I_TABLE 5A_ENT / OTORHINOLARYNGOLOGY;PRESIDENT SUITE;15740000;5510000
4824;FEE I_TABLE 5A_GENERAL SURGERY;PRESIDENT SUITE;18020000;6310000
4825;FEE I_TABLE 5A_NEUROSURGERY;PRESIDENT SUITE;33610000;11760000
4826;FEE I_TABLE 5A_OBSTETRICS AND GYNECOLOGY;PRESIDENT SUITE;14740000;5160000
4827;FEE I_TABLE 5A_OPHTHALMOLOGY;PRESIDENT SUITE;15510000;5430000
4828;FEE I_TABLE 5A_ORTHOPEDIC SURGERY;PRESIDENT SUITE;20510000;7180000
4829;FEE I_TABLE 5A_PEDIATRIC SURGERY;PRESIDENT SUITE;20490000;7170000
4830;FEE I_TABLE 5A_PLASTIC SURGERY;PRESIDENT SUITE;19100000;6690000
4831;FEE I_TABLE 5A_UROLOGICAL SURGERY;PRESIDENT SUITE;16820000;5890000
4832;FEE I_TABLE 5B_CARDIAC SURGERY;PRESIDENT SUITE;19380000;6780000
4833;FEE I_TABLE 5B_DENTISTRY;PRESIDENT SUITE;16430000;5750000
4834;FEE I_TABLE 5B_ENT / OTORHINOLARYNGOLOGY;PRESIDENT SUITE;16910000;5920000
4835;FEE I_TABLE 5B_GENERAL SURGERY;PRESIDENT SUITE;18670000;6530000
4836;FEE I_TABLE 5B_NEUROSURGERY;PRESIDENT SUITE;37800000;13230000
4837;FEE I_TABLE 5B_OBSTETRICS AND GYNECOLOGY;PRESIDENT SUITE;15830000;5540000
4838;FEE I_TABLE 5B_OPHTHALMOLOGY;PRESIDENT SUITE;16430000;5750000
4839;FEE I_TABLE 5B_ORTHOPEDIC SURGERY;PRESIDENT SUITE;21450000;7510000
4840;FEE I_TABLE 5B_PEDIATRIC SURGERY;PRESIDENT SUITE;22060000;7720000
4841;FEE I_TABLE 5B_PLASTIC SURGERY;PRESIDENT SUITE;20620000;7220000
4842;FEE I_TABLE 5B_UROLOGICAL SURGERY;PRESIDENT SUITE;18340000;6420000
4843;FEE I_TABLE 5C_CARDIAC SURGERY;PRESIDENT SUITE;21320000;7460000
4844;FEE I_TABLE 5C_DENTISTRY;PRESIDENT SUITE;19160000;6710000
4845;FEE I_TABLE 5C_ENT / OTORHINOLARYNGOLOGY;PRESIDENT SUITE;18660000;6530000
4846;FEE I_TABLE 5C_GENERAL SURGERY;PRESIDENT SUITE;19310000;6760000
4847;FEE I_TABLE 5C_NEUROSURGERY;PRESIDENT SUITE;42000000;14700000
4848;FEE I_TABLE 5C_OBSTETRICS AND GYNECOLOGY;PRESIDENT SUITE;18020000;6310000
4849;FEE I_TABLE 5C_OPHTHALMOLOGY;PRESIDENT SUITE;18250000;6390000
4850;FEE I_TABLE 5C_ORTHOPEDIC SURGERY;PRESIDENT SUITE;22370000;7830000
4851;FEE I_TABLE 5C_PEDIATRIC SURGERY;PRESIDENT SUITE;23630000;8270000
4852;FEE I_TABLE 5C_PLASTIC SURGERY;PRESIDENT SUITE;22150000;7750000
4853;FEE I_TABLE 5C_UROLOGICAL SURGERY;PRESIDENT SUITE;19110000;6690000
4854;FEE I_TABLE 6A_CARDIAC SURGERY;PRESIDENT SUITE;24230000;8480000
4855;FEE I_TABLE 6A_DENTISTRY;PRESIDENT SUITE;20540000;7190000
4856;FEE I_TABLE 6A_ENT / OTORHINOLARYNGOLOGY;PRESIDENT SUITE;21000000;7350000
4857;FEE I_TABLE 6A_GENERAL SURGERY;PRESIDENT SUITE;19960000;6990000
4858;FEE I_TABLE 6A_NEUROSURGERY;PRESIDENT SUITE;44100000;15440000
4859;FEE I_TABLE 6A_OBSTETRICS AND GYNECOLOGY;PRESIDENT SUITE;19110000;6690000
4860;FEE I_TABLE 6A_OPHTHALMOLOGY;PRESIDENT SUITE;20070000;7020000
4861;FEE I_TABLE 6A_ORTHOPEDIC SURGERY;PRESIDENT SUITE;23310000;8160000
4862;FEE I_TABLE 6A_PEDIATRIC SURGERY;PRESIDENT SUITE;25210000;8820000
4863;FEE I_TABLE 6A_PLASTIC SURGERY;PRESIDENT SUITE;23670000;8280000
4864;FEE I_TABLE 6A_UROLOGICAL SURGERY;PRESIDENT SUITE;19880000;6960000
4865;FEE I_TABLE 6B_CARDIAC SURGERY;PRESIDENT SUITE;27130000;9500000
4866;FEE I_TABLE 6B_DENTISTRY;PRESIDENT SUITE;22820000;7990000
4867;FEE I_TABLE 6B_ENT / OTORHINOLARYNGOLOGY;PRESIDENT SUITE;23320000;8160000
4868;FEE I_TABLE 6B_GENERAL SURGERY;PRESIDENT SUITE;20590000;7210000
4869;FEE I_TABLE 6B_NEUROSURGERY;PRESIDENT SUITE;46200000;16170000
4870;FEE I_TABLE 6B_OBSTETRICS AND GYNECOLOGY;PRESIDENT SUITE;21290000;7450000
4871;FEE I_TABLE 6B_OPHTHALMOLOGY;PRESIDENT SUITE;21910000;7670000
4872;FEE I_TABLE 6B_ORTHOPEDIC SURGERY;PRESIDENT SUITE;26100000;9140000
4873;FEE I_TABLE 6B_PEDIATRIC SURGERY;PRESIDENT SUITE;26780000;9370000
4874;FEE I_TABLE 6B_PLASTIC SURGERY;PRESIDENT SUITE;25210000;8820000
4875;FEE I_TABLE 6B_UROLOGICAL SURGERY;PRESIDENT SUITE;21400000;7490000
4876;FEE I_TABLE 6C_CARDIAC SURGERY;PRESIDENT SUITE;30040000;10510000
4877;FEE I_TABLE 6C_DENTISTRY;PRESIDENT SUITE;24640000;8620000
4878;FEE I_TABLE 6C_ENT / OTORHINOLARYNGOLOGY;PRESIDENT SUITE;25080000;8780000
4879;FEE I_TABLE 6C_GENERAL SURGERY;PRESIDENT SUITE;21880000;7660000
4880;FEE I_TABLE 6C_NEUROSURGERY;PRESIDENT SUITE;48300000;16910000
4881;FEE I_TABLE 6C_OBSTETRICS AND GYNECOLOGY;PRESIDENT SUITE;24020000;8410000
4882;FEE I_TABLE 6C_OPHTHALMOLOGY;PRESIDENT SUITE;24640000;8620000
4883;FEE I_TABLE 6C_ORTHOPEDIC SURGERY;PRESIDENT SUITE;31710000;11100000
4884;FEE I_TABLE 6C_PEDIATRIC SURGERY;PRESIDENT SUITE;28370000;9930000
4885;FEE I_TABLE 6C_PLASTIC SURGERY;PRESIDENT SUITE;26730000;9360000
4886;FEE I_TABLE 6C_UROLOGICAL SURGERY;PRESIDENT SUITE;22930000;8030000
4887;FEE I_TABLE 7A_CARDIAC SURGERY;PRESIDENT SUITE;33920000;11870000
4888;FEE I_TABLE 7A_DENTISTRY;PRESIDENT SUITE;27380000;9580000
4889;FEE I_TABLE 7A_ENT / OTORHINOLARYNGOLOGY;PRESIDENT SUITE;27990000;9800000
4890;FEE I_TABLE 7A_GENERAL SURGERY;PRESIDENT SUITE;23170000;8110000
4891;FEE I_TABLE 7A_NEUROSURGERY;PRESIDENT SUITE;50400000;17640000
4892;FEE I_TABLE 7A_OBSTETRICS AND GYNECOLOGY;PRESIDENT SUITE;25660000;8980000
4893;FEE I_TABLE 7A_OPHTHALMOLOGY;PRESIDENT SUITE;27380000;9580000
4894;FEE I_TABLE 7A_ORTHOPEDIC SURGERY;PRESIDENT SUITE;39160000;13710000
4895;FEE I_TABLE 7A_PEDIATRIC SURGERY;PRESIDENT SUITE;29940000;10480000
4896;FEE I_TABLE 7A_PLASTIC SURGERY;PRESIDENT SUITE;30550000;10690000
4897;FEE I_TABLE 7A_UROLOGICAL SURGERY;PRESIDENT SUITE;25220000;8830000
4898;FEE I_TABLE 7B_CARDIAC SURGERY;PRESIDENT SUITE;37790000;13230000
4899;FEE I_TABLE 7B_DENTISTRY;PRESIDENT SUITE;31490000;11020000
4900;FEE I_TABLE 7B_ENT / OTORHINOLARYNGOLOGY;PRESIDENT SUITE;30320000;10610000
4901;FEE I_TABLE 7B_GENERAL SURGERY;PRESIDENT SUITE;25740000;9010000
4902;FEE I_TABLE 7B_NEUROSURGERY;PRESIDENT SUITE;54600000;19110000
4903;FEE I_TABLE 7B_OBSTETRICS AND GYNECOLOGY;PRESIDENT SUITE;27300000;9560000
4904;FEE I_TABLE 7B_OPHTHALMOLOGY;PRESIDENT SUITE;30120000;10540000
4905;FEE I_TABLE 7B_ORTHOPEDIC SURGERY;PRESIDENT SUITE;46620000;16320000
4906;FEE I_TABLE 7B_PEDIATRIC SURGERY;PRESIDENT SUITE;31510000;11030000
4907;FEE I_TABLE 7B_PLASTIC SURGERY;PRESIDENT SUITE;34370000;12030000
4908;FEE I_TABLE 7B_UROLOGICAL SURGERY;PRESIDENT SUITE;29040000;10160000
4909;FEE I_TABLE 7C_CARDIAC SURGERY;PRESIDENT SUITE;41680000;14590000
4910;FEE I_TABLE 7C_DENTISTRY;PRESIDENT SUITE;35590000;12460000
4911;FEE I_TABLE 7C_ENT / OTORHINOLARYNGOLOGY;PRESIDENT SUITE;31250000;10940000
4912;FEE I_TABLE 7C_GENERAL SURGERY;PRESIDENT SUITE;27030000;9460000
4913;FEE I_TABLE 7C_NEUROSURGERY;PRESIDENT SUITE;58800000;20580000
4914;FEE I_TABLE 7C_OBSTETRICS AND GYNECOLOGY;PRESIDENT SUITE;28940000;10130000
4915;FEE I_TABLE 7C_OPHTHALMOLOGY;PRESIDENT SUITE;31940000;11180000
4916;FEE I_TABLE 7C_ORTHOPEDIC SURGERY;PRESIDENT SUITE;55950000;19580000
4917;FEE I_TABLE 7C_PEDIATRIC SURGERY;PRESIDENT SUITE;34660000;12130000
4918;FEE I_TABLE 7C_PLASTIC SURGERY;PRESIDENT SUITE;38190000;13370000
4919;FEE I_TABLE 7C_UROLOGICAL SURGERY;PRESIDENT SUITE;32860000;11500000
4920;FEE II_TABLE 1A_CARDIAC SURGERY;PRESIDENT SUITE;3150000;1100000
4921;FEE II_TABLE 1A_DENTISTRY;PRESIDENT SUITE;2980000;1040000
4922;FEE II_TABLE 1A_DIGESTIVE SURGERY;PRESIDENT SUITE;2570000;900000
4923;FEE II_TABLE 1A_ENT / OTORHINOLARYNGOLOGY;PRESIDENT SUITE;2570000;900000
4924;FEE II_TABLE 1A_NEUROSURGERY;PRESIDENT SUITE;2740000;960000
4925;FEE II_TABLE 1A_OBSTETRICS AND GYNECOLOGY;PRESIDENT SUITE;2260000;790000
4926;FEE II_TABLE 1A_ONCOLOGY SURGERY;PRESIDENT SUITE;2770000;970000
4927;FEE II_TABLE 1A_OPHTHALMOLOGY;PRESIDENT SUITE;2370000;830000
4928;FEE II_TABLE 1A_ORTHOPEDIC SURGERY;PRESIDENT SUITE;2420000;850000
4929;FEE II_TABLE 1A_PEDIATRIC SURGERY;PRESIDENT SUITE;2460000;860000
4930;FEE II_TABLE 1A_PLASTIC SURGERY;PRESIDENT SUITE;2980000;1040000
4931;FEE II_TABLE 1A_UROLOGICAL SURGERY;PRESIDENT SUITE;2380000;830000
4932;FEE II_TABLE 1A_VASCULAR SURGERY;PRESIDENT SUITE;2700000;950000
4933;FEE II_TABLE 1B_CARDIAC SURGERY;PRESIDENT SUITE;3780000;1320000
4934;FEE II_TABLE 1B_DENTISTRY;PRESIDENT SUITE;3560000;1250000
4935;FEE II_TABLE 1B_DIGESTIVE SURGERY;PRESIDENT SUITE;3420000;1200000
4936;FEE II_TABLE 1B_ENT / OTORHINOLARYNGOLOGY;PRESIDENT SUITE;3780000;1320000
4937;FEE II_TABLE 1B_NEUROSURGERY;PRESIDENT SUITE;4380000;1530000
4938;FEE II_TABLE 1B_OBSTETRICS AND GYNECOLOGY;PRESIDENT SUITE;2830000;990000
4939;FEE II_TABLE 1B_ONCOLOGY SURGERY;PRESIDENT SUITE;5540000;1940000
4940;FEE II_TABLE 1B_OPHTHALMOLOGY;PRESIDENT SUITE;4160000;1460000
4941;FEE II_TABLE 1B_ORTHOPEDIC SURGERY;PRESIDENT SUITE;3640000;1270000
4942;FEE II_TABLE 1B_PEDIATRIC SURGERY;PRESIDENT SUITE;4100000;1440000
4943;FEE II_TABLE 1B_PLASTIC SURGERY;PRESIDENT SUITE;3980000;1390000
4944;FEE II_TABLE 1B_UROLOGICAL SURGERY;PRESIDENT SUITE;3980000;1390000
4945;FEE II_TABLE 1B_VASCULAR SURGERY;PRESIDENT SUITE;3600000;1260000
4946;FEE II_TABLE 1C_CARDIAC SURGERY;PRESIDENT SUITE;5030000;1760000
4947;FEE II_TABLE 1C_DENTISTRY;PRESIDENT SUITE;4160000;1460000
4948;FEE II_TABLE 1C_DIGESTIVE SURGERY;PRESIDENT SUITE;5120000;1790000
4949;FEE II_TABLE 1C_ENT / OTORHINOLARYNGOLOGY;PRESIDENT SUITE;5300000;1860000
4950;FEE II_TABLE 1C_NEUROSURGERY;PRESIDENT SUITE;7100000;2490000
4951;FEE II_TABLE 1C_OBSTETRICS AND GYNECOLOGY;PRESIDENT SUITE;4260000;1490000
4952;FEE II_TABLE 1C_ONCOLOGY SURGERY;PRESIDENT SUITE;6930000;2430000
4953;FEE II_TABLE 1C_OPHTHALMOLOGY;PRESIDENT SUITE;4160000;1460000
4954;FEE II_TABLE 1C_ORTHOPEDIC SURGERY;PRESIDENT SUITE;6070000;2120000
4955;FEE II_TABLE 1C_PEDIATRIC SURGERY;PRESIDENT SUITE;6150000;2150000
4956;FEE II_TABLE 1C_PLASTIC SURGERY;PRESIDENT SUITE;4970000;1740000
4957;FEE II_TABLE 1C_UROLOGICAL SURGERY;PRESIDENT SUITE;4970000;1740000
4958;FEE II_TABLE 1C_VASCULAR SURGERY;PRESIDENT SUITE;4500000;1580000
4959;FEE II_TABLE 2A_CARDIAC SURGERY;PRESIDENT SUITE;6310000;2210000
4960;FEE II_TABLE 2A_DENTISTRY;PRESIDENT SUITE;4750000;1660000
4961;FEE II_TABLE 2A_DIGESTIVE SURGERY;PRESIDENT SUITE;6830000;2390000
4962;FEE II_TABLE 2A_ENT / OTORHINOLARYNGOLOGY;PRESIDENT SUITE;6830000;2390000
4963;FEE II_TABLE 2A_NEUROSURGERY;PRESIDENT SUITE;9840000;3440000
4964;FEE II_TABLE 2A_OBSTETRICS AND GYNECOLOGY;PRESIDENT SUITE;4970000;1740000
4965;FEE II_TABLE 2A_ONCOLOGY SURGERY;PRESIDENT SUITE;8290000;2900000
4966;FEE II_TABLE 2A_OPHTHALMOLOGY;PRESIDENT SUITE;6530000;2290000
4967;FEE II_TABLE 2A_ORTHOPEDIC SURGERY;PRESIDENT SUITE;8490000;2970000
4968;FEE II_TABLE 2A_PEDIATRIC SURGERY;PRESIDENT SUITE;8200000;2870000
4969;FEE II_TABLE 2A_PLASTIC SURGERY;PRESIDENT SUITE;6940000;2430000
4970;FEE II_TABLE 2A_UROLOGICAL SURGERY;PRESIDENT SUITE;5970000;2090000
4971;FEE II_TABLE 2A_VASCULAR SURGERY;PRESIDENT SUITE;5410000;1890000
4972;FEE II_TABLE 2B_CARDIAC SURGERY;PRESIDENT SUITE;7550000;2640000
4973;FEE II_TABLE 2B_DENTISTRY;PRESIDENT SUITE;5340000;1870000
4974;FEE II_TABLE 2B_DIGESTIVE SURGERY;PRESIDENT SUITE;8540000;2990000
4975;FEE II_TABLE 2B_ENT / OTORHINOLARYNGOLOGY;PRESIDENT SUITE;8330000;2920000
4976;FEE II_TABLE 2B_NEUROSURGERY;PRESIDENT SUITE;12560000;4400000
4977;FEE II_TABLE 2B_OBSTETRICS AND GYNECOLOGY;PRESIDENT SUITE;6380000;2230000
4978;FEE II_TABLE 2B_ONCOLOGY SURGERY;PRESIDENT SUITE;9690000;3390000
4979;FEE II_TABLE 2B_OPHTHALMOLOGY;PRESIDENT SUITE;8290000;2900000
4980;FEE II_TABLE 2B_ORTHOPEDIC SURGERY;PRESIDENT SUITE;10920000;3820000
4981;FEE II_TABLE 2B_PEDIATRIC SURGERY;PRESIDENT SUITE;10240000;3580000
4982;FEE II_TABLE 2B_PLASTIC SURGERY;PRESIDENT SUITE;8940000;3130000
4983;FEE II_TABLE 2B_UROLOGICAL SURGERY;PRESIDENT SUITE;6970000;2440000
4984;FEE II_TABLE 2B_VASCULAR SURGERY;PRESIDENT SUITE;7200000;2520000
4985;FEE II_TABLE 2C_CARDIAC SURGERY;PRESIDENT SUITE;8830000;3090000
4986;FEE II_TABLE 2C_DENTISTRY;PRESIDENT SUITE;5930000;2080000
4987;FEE II_TABLE 2C_DIGESTIVE SURGERY;PRESIDENT SUITE;10240000;3580000
4988;FEE II_TABLE 2C_ENT / OTORHINOLARYNGOLOGY;PRESIDENT SUITE;11380000;3980000
4989;FEE II_TABLE 2C_NEUROSURGERY;PRESIDENT SUITE;15300000;5360000
4990;FEE II_TABLE 2C_OBSTETRICS AND GYNECOLOGY;PRESIDENT SUITE;8520000;2980000
4991;FEE II_TABLE 2C_ONCOLOGY SURGERY;PRESIDENT SUITE;12450000;4360000
4992;FEE II_TABLE 2C_OPHTHALMOLOGY;PRESIDENT SUITE;10090000;3530000
4993;FEE II_TABLE 2C_ORTHOPEDIC SURGERY;PRESIDENT SUITE;13340000;4670000
4994;FEE II_TABLE 2C_PEDIATRIC SURGERY;PRESIDENT SUITE;12290000;4300000
4995;FEE II_TABLE 2C_PLASTIC SURGERY;PRESIDENT SUITE;11920000;4170000
4996;FEE II_TABLE 2C_UROLOGICAL SURGERY;PRESIDENT SUITE;8940000;3130000
4997;FEE II_TABLE 2C_VASCULAR SURGERY;PRESIDENT SUITE;9010000;3150000
4998;FEE II_TABLE 3A_CARDIAC SURGERY;PRESIDENT SUITE;10080000;3530000
4999;FEE II_TABLE 3A_DENTISTRY;PRESIDENT SUITE;8910000;3120000
5000;FEE II_TABLE 3A_DIGESTIVE SURGERY;PRESIDENT SUITE;12620000;4420000
5001;FEE II_TABLE 3A_ENT / OTORHINOLARYNGOLOGY;PRESIDENT SUITE;13640000;4770000
5002;FEE II_TABLE 3A_NEUROSURGERY;PRESIDENT SUITE;18020000;6310000
5003;FEE II_TABLE 3A_OBSTETRICS AND GYNECOLOGY;PRESIDENT SUITE;10650000;3730000
5004;FEE II_TABLE 3A_ONCOLOGY SURGERY;PRESIDENT SUITE;15220000;5330000
5005;FEE II_TABLE 3A_OPHTHALMOLOGY;PRESIDENT SUITE;11870000;4150000
5006;FEE II_TABLE 3A_ORTHOPEDIC SURGERY;PRESIDENT SUITE;15760000;5520000
5007;FEE II_TABLE 3A_PEDIATRIC SURGERY;PRESIDENT SUITE;14330000;5020000
5008;FEE II_TABLE 3A_PLASTIC SURGERY;PRESIDENT SUITE;13910000;4870000
5009;FEE II_TABLE 3A_UROLOGICAL SURGERY;PRESIDENT SUITE;11930000;4180000
5010;FEE II_TABLE 3A_VASCULAR SURGERY;PRESIDENT SUITE;10800000;3780000
5011;FEE II_TABLE 3B_CARDIAC SURGERY;PRESIDENT SUITE;11340000;3970000
5012;FEE II_TABLE 3B_DENTISTRY;PRESIDENT SUITE;11870000;4150000
5013;FEE II_TABLE 3B_DIGESTIVE SURGERY;PRESIDENT SUITE;14520000;5080000
5014;FEE II_TABLE 3B_ENT / OTORHINOLARYNGOLOGY;PRESIDENT SUITE;14400000;5040000
5015;FEE II_TABLE 3B_NEUROSURGERY;PRESIDENT SUITE;21840000;7640000
5016;FEE II_TABLE 3B_OBSTETRICS AND GYNECOLOGY;PRESIDENT SUITE;12060000;4220000
5017;FEE II_TABLE 3B_ONCOLOGY SURGERY;PRESIDENT SUITE;16610000;5810000
5018;FEE II_TABLE 3B_OPHTHALMOLOGY;PRESIDENT SUITE;13050000;4570000
5019;FEE II_TABLE 3B_ORTHOPEDIC SURGERY;PRESIDENT SUITE;18190000;6370000
5020;FEE II_TABLE 3B_PEDIATRIC SURGERY;PRESIDENT SUITE;16390000;5740000
5021;FEE II_TABLE 3B_PLASTIC SURGERY;PRESIDENT SUITE;15890000;5560000
5022;FEE II_TABLE 3B_UROLOGICAL SURGERY;PRESIDENT SUITE;13910000;4870000
5023;FEE II_TABLE 3B_VASCULAR SURGERY;PRESIDENT SUITE;12610000;4410000
5024;FEE II_TABLE 3C_CARDIAC SURGERY;PRESIDENT SUITE;12610000;4410000
5025;FEE II_TABLE 3C_DENTISTRY;PRESIDENT SUITE;13640000;4770000
5026;FEE II_TABLE 3C_DIGESTIVE SURGERY;PRESIDENT SUITE;16220000;5680000
5027;FEE II_TABLE 3C_ENT / OTORHINOLARYNGOLOGY;PRESIDENT SUITE;15160000;5310000
5028;FEE II_TABLE 3C_NEUROSURGERY;PRESIDENT SUITE;24570000;8600000
5029;FEE II_TABLE 3C_OBSTETRICS AND GYNECOLOGY;PRESIDENT SUITE;14200000;4970000
5030;FEE II_TABLE 3C_ONCOLOGY SURGERY;PRESIDENT SUITE;19380000;6780000
5031;FEE II_TABLE 3C_OPHTHALMOLOGY;PRESIDENT SUITE;14240000;4980000
5032;FEE II_TABLE 3C_ORTHOPEDIC SURGERY;PRESIDENT SUITE;20610000;7210000
5033;FEE II_TABLE 3C_PEDIATRIC SURGERY;PRESIDENT SUITE;18430000;6450000
5034;FEE II_TABLE 3C_PLASTIC SURGERY;PRESIDENT SUITE;17880000;6260000
5035;FEE II_TABLE 3C_UROLOGICAL SURGERY;PRESIDENT SUITE;15900000;5570000
5036;FEE II_TABLE 3C_VASCULAR SURGERY;PRESIDENT SUITE;14400000;5040000
5037;FEE II_TABLE 4A_CARDIAC SURGERY;PRESIDENT SUITE;15130000;5300000
5038;FEE II_TABLE 4A_DENTISTRY;PRESIDENT SUITE;15430000;5400000
5039;FEE II_TABLE 4A_DIGESTIVE SURGERY;PRESIDENT SUITE;17070000;5970000
5040;FEE II_TABLE 4A_ENT / OTORHINOLARYNGOLOGY;PRESIDENT SUITE;15930000;5580000
5041;FEE II_TABLE 4A_NEUROSURGERY;PRESIDENT SUITE;27300000;9560000
5042;FEE II_TABLE 4A_OBSTETRICS AND GYNECOLOGY;PRESIDENT SUITE;15610000;5460000
5043;FEE II_TABLE 4A_ONCOLOGY SURGERY;PRESIDENT SUITE;20770000;7270000
5044;FEE II_TABLE 4A_OPHTHALMOLOGY;PRESIDENT SUITE;16610000;5810000
5045;FEE II_TABLE 4A_ORTHOPEDIC SURGERY;PRESIDENT SUITE;21810000;7630000
5046;FEE II_TABLE 4A_PEDIATRIC SURGERY;PRESIDENT SUITE;20490000;7170000
5047;FEE II_TABLE 4A_PLASTIC SURGERY;PRESIDENT SUITE;19860000;6950000
5048;FEE II_TABLE 4A_UROLOGICAL SURGERY;PRESIDENT SUITE;17880000;6260000
5049;FEE II_TABLE 4A_VASCULAR SURGERY;PRESIDENT SUITE;16210000;5670000
5050;FEE II_TABLE 4B_CARDIAC SURGERY;PRESIDENT SUITE;17640000;6170000
5051;FEE II_TABLE 4B_DENTISTRY;PRESIDENT SUITE;16020000;5610000
5052;FEE II_TABLE 4B_DIGESTIVE SURGERY;PRESIDENT SUITE;18770000;6570000
5053;FEE II_TABLE 4B_ENT / OTORHINOLARYNGOLOGY;PRESIDENT SUITE;16680000;5840000
5054;FEE II_TABLE 4B_NEUROSURGERY;PRESIDENT SUITE;32770000;11470000
5055;FEE II_TABLE 4B_OBSTETRICS AND GYNECOLOGY;PRESIDENT SUITE;17030000;5960000
5056;FEE II_TABLE 4B_ONCOLOGY SURGERY;PRESIDENT SUITE;23530000;8240000
5057;FEE II_TABLE 4B_OPHTHALMOLOGY;PRESIDENT SUITE;17800000;6230000
5058;FEE II_TABLE 4B_ORTHOPEDIC SURGERY;PRESIDENT SUITE;24260000;8490000
5059;FEE II_TABLE 4B_PEDIATRIC SURGERY;PRESIDENT SUITE;22530000;7890000
5060;FEE II_TABLE 4B_PLASTIC SURGERY;PRESIDENT SUITE;21850000;7650000
5061;FEE II_TABLE 4B_UROLOGICAL SURGERY;PRESIDENT SUITE;19880000;6960000
5062;FEE II_TABLE 4B_VASCULAR SURGERY;PRESIDENT SUITE;18010000;6300000
5063;FEE II_TABLE 4C_CARDIAC SURGERY;PRESIDENT SUITE;20160000;7060000
5064;FEE II_TABLE 4C_DENTISTRY;PRESIDENT SUITE;16610000;5810000
5065;FEE II_TABLE 4C_DIGESTIVE SURGERY;PRESIDENT SUITE;20490000;7170000
5066;FEE II_TABLE 4C_ENT / OTORHINOLARYNGOLOGY;PRESIDENT SUITE;18190000;6370000
5067;FEE II_TABLE 4C_NEUROSURGERY;PRESIDENT SUITE;38230000;13380000
5068;FEE II_TABLE 4C_OBSTETRICS AND GYNECOLOGY;PRESIDENT SUITE;18460000;6460000
5069;FEE II_TABLE 4C_ONCOLOGY SURGERY;PRESIDENT SUITE;26300000;9210000
5070;FEE II_TABLE 4C_OPHTHALMOLOGY;PRESIDENT SUITE;18980000;6640000
5071;FEE II_TABLE 4C_ORTHOPEDIC SURGERY;PRESIDENT SUITE;25450000;8910000
5072;FEE II_TABLE 4C_PEDIATRIC SURGERY;PRESIDENT SUITE;24570000;8600000
5073;FEE II_TABLE 4C_PLASTIC SURGERY;PRESIDENT SUITE;22830000;7990000
5074;FEE II_TABLE 4C_UROLOGICAL SURGERY;PRESIDENT SUITE;20880000;7310000
5075;FEE II_TABLE 4C_VASCULAR SURGERY;PRESIDENT SUITE;19810000;6930000
5076;FEE II_TABLE 5A_CARDIAC SURGERY;PRESIDENT SUITE;22690000;7940000
5077;FEE II_TABLE 5A_DENTISTRY;PRESIDENT SUITE;18980000;6640000
5078;FEE II_TABLE 5A_DIGESTIVE SURGERY;PRESIDENT SUITE;22190000;7770000
5079;FEE II_TABLE 5A_ENT / OTORHINOLARYNGOLOGY;PRESIDENT SUITE;20460000;7160000
5080;FEE II_TABLE 5A_NEUROSURGERY;PRESIDENT SUITE;43690000;15290000
5081;FEE II_TABLE 5A_OBSTETRICS AND GYNECOLOGY;PRESIDENT SUITE;19160000;6710000
5082;FEE II_TABLE 5A_ONCOLOGY SURGERY;PRESIDENT SUITE;27680000;9690000
5083;FEE II_TABLE 5A_OPHTHALMOLOGY;PRESIDENT SUITE;20160000;7060000
5084;FEE II_TABLE 5A_ORTHOPEDIC SURGERY;PRESIDENT SUITE;26660000;9330000
5085;FEE II_TABLE 5A_PEDIATRIC SURGERY;PRESIDENT SUITE;26640000;9320000
5086;FEE II_TABLE 5A_PLASTIC SURGERY;PRESIDENT SUITE;24830000;8690000
5087;FEE II_TABLE 5A_UROLOGICAL SURGERY;PRESIDENT SUITE;21870000;7650000
5088;FEE II_TABLE 5A_VASCULAR SURGERY;PRESIDENT SUITE;21590000;7560000
5089;FEE II_TABLE 5B_CARDIAC SURGERY;PRESIDENT SUITE;25190000;8820000
5090;FEE II_TABLE 5B_DENTISTRY;PRESIDENT SUITE;21360000;7480000
5091;FEE II_TABLE 5B_DIGESTIVE SURGERY;PRESIDENT SUITE;23890000;8360000
5092;FEE II_TABLE 5B_ENT / OTORHINOLARYNGOLOGY;PRESIDENT SUITE;21980000;7690000
5093;FEE II_TABLE 5B_NEUROSURGERY;PRESIDENT SUITE;49140000;17200000
5094;FEE II_TABLE 5B_OBSTETRICS AND GYNECOLOGY;PRESIDENT SUITE;20580000;7200000
5095;FEE II_TABLE 5B_ONCOLOGY SURGERY;PRESIDENT SUITE;30460000;10660000
5096;FEE II_TABLE 5B_OPHTHALMOLOGY;PRESIDENT SUITE;21360000;7480000
5097;FEE II_TABLE 5B_ORTHOPEDIC SURGERY;PRESIDENT SUITE;27890000;9760000
5098;FEE II_TABLE 5B_PEDIATRIC SURGERY;PRESIDENT SUITE;28680000;10040000
5099;FEE II_TABLE 5B_PLASTIC SURGERY;PRESIDENT SUITE;26810000;9380000
5100;FEE II_TABLE 5B_UROLOGICAL SURGERY;PRESIDENT SUITE;23840000;8340000
5101;FEE II_TABLE 5B_VASCULAR SURGERY;PRESIDENT SUITE;23410000;8190000
5102;FEE II_TABLE 5C_CARDIAC SURGERY;PRESIDENT SUITE;27720000;9700000
5103;FEE II_TABLE 5C_DENTISTRY;PRESIDENT SUITE;24910000;8720000
5104;FEE II_TABLE 5C_DIGESTIVE SURGERY;PRESIDENT SUITE;25610000;8960000
5105;FEE II_TABLE 5C_ENT / OTORHINOLARYNGOLOGY;PRESIDENT SUITE;24260000;8490000
5106;FEE II_TABLE 5C_NEUROSURGERY;PRESIDENT SUITE;54600000;19110000
5107;FEE II_TABLE 5C_OBSTETRICS AND GYNECOLOGY;PRESIDENT SUITE;23430000;8200000
5108;FEE II_TABLE 5C_ONCOLOGY SURGERY;PRESIDENT SUITE;33230000;11630000
5109;FEE II_TABLE 5C_OPHTHALMOLOGY;PRESIDENT SUITE;23730000;8310000
5110;FEE II_TABLE 5C_ORTHOPEDIC SURGERY;PRESIDENT SUITE;29080000;10180000
5111;FEE II_TABLE 5C_PEDIATRIC SURGERY;PRESIDENT SUITE;30720000;10750000
5112;FEE II_TABLE 5C_PLASTIC SURGERY;PRESIDENT SUITE;28800000;10080000
5113;FEE II_TABLE 5C_UROLOGICAL SURGERY;PRESIDENT SUITE;24840000;8690000
5114;FEE II_TABLE 5C_VASCULAR SURGERY;PRESIDENT SUITE;25190000;8820000
5115;FEE II_TABLE 6A_CARDIAC SURGERY;PRESIDENT SUITE;31500000;11030000
5116;FEE II_TABLE 6A_DENTISTRY;PRESIDENT SUITE;26700000;9350000
5117;FEE II_TABLE 6A_DIGESTIVE SURGERY;PRESIDENT SUITE;27310000;9560000
5118;FEE II_TABLE 6A_ENT / OTORHINOLARYNGOLOGY;PRESIDENT SUITE;27300000;9560000
5119;FEE II_TABLE 6A_NEUROSURGERY;PRESIDENT SUITE;57330000;20070000
5120;FEE II_TABLE 6A_OBSTETRICS AND GYNECOLOGY;PRESIDENT SUITE;24840000;8690000
5121;FEE II_TABLE 6A_ONCOLOGY SURGERY;PRESIDENT SUITE;35980000;12590000
5122;FEE II_TABLE 6A_OPHTHALMOLOGY;PRESIDENT SUITE;26090000;9130000
5123;FEE II_TABLE 6A_ORTHOPEDIC SURGERY;PRESIDENT SUITE;30300000;10610000
5124;FEE II_TABLE 6A_PEDIATRIC SURGERY;PRESIDENT SUITE;32770000;11470000
5125;FEE II_TABLE 6A_PLASTIC SURGERY;PRESIDENT SUITE;30770000;10770000
5126;FEE II_TABLE 6A_UROLOGICAL SURGERY;PRESIDENT SUITE;25840000;9040000
5127;FEE II_TABLE 6A_VASCULAR SURGERY;PRESIDENT SUITE;28800000;10080000
5128;FEE II_TABLE 6B_CARDIAC SURGERY;PRESIDENT SUITE;35270000;12340000
5129;FEE II_TABLE 6B_DENTISTRY;PRESIDENT SUITE;29670000;10380000
5130;FEE II_TABLE 6B_DIGESTIVE SURGERY;PRESIDENT SUITE;29020000;10160000
5131;FEE II_TABLE 6B_ENT / OTORHINOLARYNGOLOGY;PRESIDENT SUITE;30320000;10610000
5132;FEE II_TABLE 6B_NEUROSURGERY;PRESIDENT SUITE;60060000;21020000
5133;FEE II_TABLE 6B_OBSTETRICS AND GYNECOLOGY;PRESIDENT SUITE;27680000;9690000
5134;FEE II_TABLE 6B_ONCOLOGY SURGERY;PRESIDENT SUITE;38750000;13560000
5135;FEE II_TABLE 6B_OPHTHALMOLOGY;PRESIDENT SUITE;28480000;9970000
5136;FEE II_TABLE 6B_ORTHOPEDIC SURGERY;PRESIDENT SUITE;33930000;11880000
5137;FEE II_TABLE 6B_PEDIATRIC SURGERY;PRESIDENT SUITE;34810000;12180000
5138;FEE II_TABLE 6B_PLASTIC SURGERY;PRESIDENT SUITE;32770000;11470000
5139;FEE II_TABLE 6B_UROLOGICAL SURGERY;PRESIDENT SUITE;27820000;9740000
5140;FEE II_TABLE 6B_VASCULAR SURGERY;PRESIDENT SUITE;32400000;11340000
5141;FEE II_TABLE 6C_CARDIAC SURGERY;PRESIDENT SUITE;39050000;13670000
5142;FEE II_TABLE 6C_DENTISTRY;PRESIDENT SUITE;32030000;11210000
5143;FEE II_TABLE 6C_DIGESTIVE SURGERY;PRESIDENT SUITE;30720000;10750000
5144;FEE II_TABLE 6C_ENT / OTORHINOLARYNGOLOGY;PRESIDENT SUITE;32600000;11410000
5145;FEE II_TABLE 6C_NEUROSURGERY;PRESIDENT SUITE;62790000;21980000
5146;FEE II_TABLE 6C_OBSTETRICS AND GYNECOLOGY;PRESIDENT SUITE;31230000;10930000
5147;FEE II_TABLE 6C_ONCOLOGY SURGERY;PRESIDENT SUITE;41520000;14530000
5148;FEE II_TABLE 6C_OPHTHALMOLOGY;PRESIDENT SUITE;32030000;11210000
5149;FEE II_TABLE 6C_ORTHOPEDIC SURGERY;PRESIDENT SUITE;41220000;14430000
5150;FEE II_TABLE 6C_PEDIATRIC SURGERY;PRESIDENT SUITE;36880000;12910000
5151;FEE II_TABLE 6C_PLASTIC SURGERY;PRESIDENT SUITE;34750000;12160000
5152;FEE II_TABLE 6C_UROLOGICAL SURGERY;PRESIDENT SUITE;29810000;10430000
5153;FEE II_TABLE 6C_VASCULAR SURGERY;PRESIDENT SUITE;36000000;12600000
5154;FEE II_TABLE 7A_CARDIAC SURGERY;PRESIDENT SUITE;44100000;15440000
5155;FEE II_TABLE 7A_DENTISTRY;PRESIDENT SUITE;35590000;12460000
5156;FEE II_TABLE 7A_DIGESTIVE SURGERY;PRESIDENT SUITE;32440000;11350000
5157;FEE II_TABLE 7A_ENT / OTORHINOLARYNGOLOGY;PRESIDENT SUITE;36390000;12740000
5158;FEE II_TABLE 7A_NEUROSURGERY;PRESIDENT SUITE;65520000;22930000
5159;FEE II_TABLE 7A_OBSTETRICS AND GYNECOLOGY;PRESIDENT SUITE;33360000;11680000
5160;FEE II_TABLE 7A_ONCOLOGY SURGERY;PRESIDENT SUITE;44290000;15500000
5161;FEE II_TABLE 7A_OPHTHALMOLOGY;PRESIDENT SUITE;35590000;12460000
5162;FEE II_TABLE 7A_ORTHOPEDIC SURGERY;PRESIDENT SUITE;50910000;17820000
5163;FEE II_TABLE 7A_PEDIATRIC SURGERY;PRESIDENT SUITE;38920000;13620000
5164;FEE II_TABLE 7A_PLASTIC SURGERY;PRESIDENT SUITE;39720000;13900000
5165;FEE II_TABLE 7A_UROLOGICAL SURGERY;PRESIDENT SUITE;32790000;11480000
5166;FEE II_TABLE 7A_VASCULAR SURGERY;PRESIDENT SUITE;41410000;14490000
5167;FEE II_TABLE 7B_CARDIAC SURGERY;PRESIDENT SUITE;49130000;17200000
5168;FEE II_TABLE 7B_DENTISTRY;PRESIDENT SUITE;40940000;14330000
5169;FEE II_TABLE 7B_DIGESTIVE SURGERY;PRESIDENT SUITE;34140000;11950000
5170;FEE II_TABLE 7B_ENT / OTORHINOLARYNGOLOGY;PRESIDENT SUITE;39420000;13800000
5171;FEE II_TABLE 7B_NEUROSURGERY;PRESIDENT SUITE;70980000;24840000
5172;FEE II_TABLE 7B_OBSTETRICS AND GYNECOLOGY;PRESIDENT SUITE;35490000;12420000
5173;FEE II_TABLE 7B_ONCOLOGY SURGERY;PRESIDENT SUITE;49820000;17440000
5174;FEE II_TABLE 7B_OPHTHALMOLOGY;PRESIDENT SUITE;39160000;13710000
5175;FEE II_TABLE 7B_ORTHOPEDIC SURGERY;PRESIDENT SUITE;60610000;21210000
5176;FEE II_TABLE 7B_PEDIATRIC SURGERY;PRESIDENT SUITE;40960000;14340000
5177;FEE II_TABLE 7B_PLASTIC SURGERY;PRESIDENT SUITE;44680000;15640000
5178;FEE II_TABLE 7B_UROLOGICAL SURGERY;PRESIDENT SUITE;37750000;13210000
5179;FEE II_TABLE 7B_VASCULAR SURGERY;PRESIDENT SUITE;46800000;16380000
5180;FEE II_TABLE 7C_CARDIAC SURGERY;PRESIDENT SUITE;54180000;18960000
5181;FEE II_TABLE 7C_DENTISTRY;PRESIDENT SUITE;46270000;16190000
5182;FEE II_TABLE 7C_DIGESTIVE SURGERY;PRESIDENT SUITE;37560000;13150000
5183;FEE II_TABLE 7C_ENT / OTORHINOLARYNGOLOGY;PRESIDENT SUITE;40630000;14220000
5184;FEE II_TABLE 7C_NEUROSURGERY;PRESIDENT SUITE;76440000;26750000
5185;FEE II_TABLE 7C_OBSTETRICS AND GYNECOLOGY;PRESIDENT SUITE;37620000;13170000
5186;FEE II_TABLE 7C_ONCOLOGY SURGERY;PRESIDENT SUITE;55370000;19380000
5187;FEE II_TABLE 7C_OPHTHALMOLOGY;PRESIDENT SUITE;41520000;14530000
5188;FEE II_TABLE 7C_ORTHOPEDIC SURGERY;PRESIDENT SUITE;72740000;25460000
5189;FEE II_TABLE 7C_PEDIATRIC SURGERY;PRESIDENT SUITE;45060000;15770000
5190;FEE II_TABLE 7C_PLASTIC SURGERY;PRESIDENT SUITE;49650000;17380000
5191;FEE II_TABLE 7C_UROLOGICAL SURGERY;PRESIDENT SUITE;42720000;14950000
5192;FEE II_TABLE 7C_VASCULAR SURGERY;PRESIDENT SUITE;52210000;18270000
5193;FNAB;PRESIDENT SUITE;959000;0
5194;FNAB USG GUIDED PROCEDURE;PRESIDENT SUITE;1922000;0
5195;FOREIGN BODY REMOVAL;PRESIDENT SUITE;1922000;842000
5196;FOREIGN BODY REMOVAL ;PRESIDENT SUITE;5998000;0
5197;GASTRIC BALLON (INSERTION);PRESIDENT SUITE;17993000;2783000
5198;GASTRIC BALLON (REMOVAL);PRESIDENT SUITE;17993000;2783000
5199;GASTRODUODENOSCOPY AND COLONOSCOPY;PRESIDENT SUITE;17993000;2783000
5200;GASTROSCOPY;PRESIDENT SUITE;11674000;1846000
5201;GASTROSCOPY + BIOPSY;PRESIDENT SUITE;14117000;0
5202;GASTROSCOPY AND COLONOSCOPY ;PRESIDENT SUITE;19766000;3104000
5203;INJECTION FOR VACCINE PROCEDURE ;PRESIDENT SUITE;240000;0
5204;INJECTION INTRAARTICULAR;PRESIDENT SUITE;1038000;0
5205;INJECTION TENDER POINT / TRIGGER POINT;PRESIDENT SUITE;1058000;0
5206;INSERTION OF NGT / OGT;PRESIDENT SUITE;840000;0
5207;INTRA OSSEUS CATH;PRESIDENT SUITE;1095000;0
5208;INTRALESIONAL INJECTION / INJEKSI INTRALESI;PRESIDENT SUITE;636000;0
5209;KIDNEY BIOPSY;PRESIDENT SUITE;9396000;0
5210;KONSULTASI LAKTASI;PRESIDENT SUITE;193000;0
5211;LAVAGE LAUNDRY;PRESIDENT SUITE;788000;0
5212;LYPECTOMY (LYPOMA) Q >10  REGIO > 3;PRESIDENT SUITE;4035000;0
5213;LYPECTOMY (LYPOMA) Q ≤ 10 REGIO ≤ 3;PRESIDENT SUITE;2589000;0
5214;MMSE (MINI MENTAL STATE EXAMINATION);PRESIDENT SUITE;712000;0
5215;NECROTOMY;PRESIDENT SUITE;904000;0
5216;PASANG VENTILATOR;PRESIDENT SUITE;559000;0
5217;PATCH TEST;PRESIDENT SUITE;3200000;0
5218;PEMASANGAN PIGTAIL DENGAN USG GUIDED;PRESIDENT SUITE;4480000;0
5219;PEMASANGAN PIGTAIL TANPA USG GUIDED;PRESIDENT SUITE;3520000;0
5220;PH METRIX;PRESIDENT SUITE;17993000;0
5221;PH METRIX OHMEGA;PRESIDENT SUITE;20994000;0
5222;PHLEBOTOMY PROCEDURE;PRESIDENT SUITE;1038000;0
5223;POLIPECTOMY;PRESIDENT SUITE;14335000;2250000
5224;PRICK TEST;PRESIDENT SUITE;3200000;0
5225;PRICK TEST _ 1;PRESIDENT SUITE;2345000;0
5226;PUNKSI ABDOMINAL;PRESIDENT SUITE;2248000;0
5227;PUNKSI SENDI;PRESIDENT SUITE;1041000;0
5228;PUSH ENTEROSCOPY;PRESIDENT SUITE;11679000;1897000
5229;READING EEG;PRESIDENT SUITE;175000;0
5230;RECTOSCOPY;PRESIDENT SUITE;3183000;0
5231;REKTOSIGMOIDOSCOPY;PRESIDENT SUITE;8019000;1268000
5232;REKTOSIGMOIDOSCOPY + BIOPSY;PRESIDENT SUITE;10660000;0
5233;REMOVE / AFF CVC;PRESIDENT SUITE;904000;0
5234;REMOVE / AFF WSD / CHEST TUBE;PRESIDENT SUITE;1385000;0
5235;RESUCITATION FEE  LESS THAN 1 HOUR(PER HOUR);PRESIDENT SUITE;1271000;0
5236;RESUCITATION FEE  MORE THAN 1 HOUR(PER HOUR);PRESIDENT SUITE;520000;0
5237;RIGHT TO LEFT SHUNT TEST;PRESIDENT SUITE;1345000;0
5238;RUBBER BAND LIGATION;PRESIDENT SUITE;1780000;0
5239;SKLEROTHERAPI;PRESIDENT SUITE;11152000;1796000
5240;SKRINING USG FETOMATERNAL;PRESIDENT SUITE;3197000;0
5241;TINDAKAN / BEDAH MINOR A;PRESIDENT SUITE;1632000;0
5242;Tindakan / Bedah Minor B;PRESIDENT SUITE;2448000;0
5243;TINDAKAN CHEMOTHERAPY;PRESIDENT SUITE;1442000;0
5244;TINDAKAN DC SHOCK;PRESIDENT SUITE;711000;0
5245;TOUNGE TIED KLINIK LAKTASI;PRESIDENT SUITE;439000;0
5246;TRACHEOSTOMY;PRESIDENT SUITE;7166000;0
5247;TRACHEOSTOMY REMOVAL OR REPLACE;PRESIDENT SUITE;1038000;0
5248;TRANSFORAMINAL BLOCK MULTILEVEL (MULTIPLE);PRESIDENT SUITE;7574000;0
5249;TRANSFORAMINAL BLOCK ONE LEVEL;PRESIDENT SUITE;5660000;0
5250;VENA SECTIE;PRESIDENT SUITE;1233000;0
5251;ANOSCOPY;OPD EXECUTIVE;826000;0
5252;ASPIRATION;OPD EXECUTIVE;611000;0
5253;Block Pain;OPD EXECUTIVE;2800000;0
5254;BODY ANALYZER (BIA);OPD EXECUTIVE;367000;0
5255;BONE MARROW PUNCTURE PROCEDURE  (BMP);OPD EXECUTIVE;2655000;0
5256;BRONCHOSCOPY;OPD EXECUTIVE;6815000;1624000
5257;BRONCHOSCOPY + BIOPSI;OPD EXECUTIVE;9004000;0
5258;CATHERIZATION  OR SHEATH OR DRAIN REMOVAL;OPD EXECUTIVE;248000;0
5259;CATHETERIZATION PLACEMENT;OPD EXECUTIVE;430000;0
5260;CIRCUMCISION;OPD EXECUTIVE;1056000;0
5261;COLONOSCOPY;OPD EXECUTIVE;8064000;1320000
5262;COLONOSCOPY + BIOPSY;OPD EXECUTIVE;9526000;0
5263;ERCP AND PAPILLOTOMY;OPD EXECUTIVE;20660000;3241000
5264;ERCP AND SPHINTEROTOMI;OPD EXECUTIVE;12868000;0
5265;ERCP AND SPHINTEROTOMI AND COMPLEX STONE EXTRACTION;OPD EXECUTIVE;26276000;0
5266;ERCP AND SPHINTEROTOMI AND SIMPLE STONE EXTRACTION;OPD EXECUTIVE;20149000;0
5267;ERCP AND SPHINTEROTOMI AND STENT;OPD EXECUTIVE;20149000;0
5268;ERCP DIAGNOSTIC;OPD EXECUTIVE;8766000;1376000
5269;ESOPHAGOSCOPY;OPD EXECUTIVE;3757000;527000
5270;FACET BLOCK MULTI LEVEL (MULTIPLE);OPD EXECUTIVE;6402000;0
5271;FACET BLOCK ONE LEVEL;OPD EXECUTIVE;4783000;0
5272;FEE I_TABLE 1A_CARDIAC SURGERY;OPD EXECUTIVE;1400000;490000
5273;FEE I_TABLE 1A_DENTISTRY;OPD EXECUTIVE;1320000;460000
5274;FEE I_TABLE 1A_ENT / OTORHINOLARYNGOLOGY;OPD EXECUTIVE;1140000;400000
5275;FEE I_TABLE 1A_GENERAL SURGERY;OPD EXECUTIVE;1040000;360000
5276;FEE I_TABLE 1A_NEUROSURGERY;OPD EXECUTIVE;1220000;430000
5277;FEE I_TABLE 1A_OBSTETRICS AND GYNECOLOGY;OPD EXECUTIVE;1010000;350000
5278;FEE I_TABLE 1A_OPHTHALMOLOGY;OPD EXECUTIVE;1050000;370000
5279;FEE I_TABLE 1A_ORTHOPEDIC SURGERY;OPD EXECUTIVE;1070000;370000
5280;FEE I_TABLE 1A_PEDIATRIC SURGERY;OPD EXECUTIVE;1090000;380000
5281;FEE I_TABLE 1A_PLASTIC SURGERY;OPD EXECUTIVE;1320000;460000
5282;FEE I_TABLE 1A_UROLOGICAL SURGERY;OPD EXECUTIVE;1060000;370000
5283;FEE I_TABLE 1B_CARDIAC SURGERY;OPD EXECUTIVE;1680000;590000
5284;FEE I_TABLE 1B_DENTISTRY;OPD EXECUTIVE;1580000;550000
5285;FEE I_TABLE 1B_ENT / OTORHINOLARYNGOLOGY;OPD EXECUTIVE;1680000;590000
5286;FEE I_TABLE 1B_GENERAL SURGERY;OPD EXECUTIVE;1860000;650000
5287;FEE I_TABLE 1B_NEUROSURGERY;OPD EXECUTIVE;1940000;680000
5288;FEE I_TABLE 1B_OBSTETRICS AND GYNECOLOGY;OPD EXECUTIVE;1260000;440000
5289;FEE I_TABLE 1B_OPHTHALMOLOGY;OPD EXECUTIVE;1850000;650000
5290;FEE I_TABLE 1B_ORTHOPEDIC SURGERY;OPD EXECUTIVE;1610000;560000
5291;FEE I_TABLE 1B_PEDIATRIC SURGERY;OPD EXECUTIVE;1820000;640000
5292;FEE I_TABLE 1B_PLASTIC SURGERY;OPD EXECUTIVE;1760000;620000
5293;FEE I_TABLE 1B_UROLOGICAL SURGERY;OPD EXECUTIVE;1760000;620000
5294;FEE I_TABLE 1C_CARDIAC SURGERY;OPD EXECUTIVE;2240000;780000
5295;FEE I_TABLE 1C_DENTISTRY;OPD EXECUTIVE;1850000;650000
5296;FEE I_TABLE 1C_ENT / OTORHINOLARYNGOLOGY;OPD EXECUTIVE;2360000;830000
5297;FEE I_TABLE 1C_GENERAL SURGERY;OPD EXECUTIVE;2600000;910000
5298;FEE I_TABLE 1C_NEUROSURGERY;OPD EXECUTIVE;3150000;1100000
5299;FEE I_TABLE 1C_OBSTETRICS AND GYNECOLOGY;OPD EXECUTIVE;1890000;660000
5300;FEE I_TABLE 1C_OPHTHALMOLOGY;OPD EXECUTIVE;1850000;650000
5301;FEE I_TABLE 1C_ORTHOPEDIC SURGERY;OPD EXECUTIVE;2690000;940000
5302;FEE I_TABLE 1C_PEDIATRIC SURGERY;OPD EXECUTIVE;2730000;960000
5303;FEE I_TABLE 1C_PLASTIC SURGERY;OPD EXECUTIVE;2210000;770000
5304;FEE I_TABLE 1C_UROLOGICAL SURGERY;OPD EXECUTIVE;2210000;770000
5305;FEE I_TABLE 2A_CARDIAC SURGERY;OPD EXECUTIVE;2800000;980000
5306;FEE I_TABLE 2A_DENTISTRY;OPD EXECUTIVE;2110000;740000
5307;FEE I_TABLE 2A_ENT / OTORHINOLARYNGOLOGY;OPD EXECUTIVE;3030000;1060000
5308;FEE I_TABLE 2A_GENERAL SURGERY;OPD EXECUTIVE;3350000;1170000
5309;FEE I_TABLE 2A_NEUROSURGERY;OPD EXECUTIVE;4370000;1530000
5310;FEE I_TABLE 2A_OBSTETRICS AND GYNECOLOGY;OPD EXECUTIVE;2210000;770000
5311;FEE I_TABLE 2A_OPHTHALMOLOGY;OPD EXECUTIVE;2900000;1020000
5312;FEE I_TABLE 2A_ORTHOPEDIC SURGERY;OPD EXECUTIVE;3770000;1320000
5313;FEE I_TABLE 2A_PEDIATRIC SURGERY;OPD EXECUTIVE;3640000;1270000
5314;FEE I_TABLE 2A_PLASTIC SURGERY;OPD EXECUTIVE;3080000;1080000
5315;FEE I_TABLE 2A_UROLOGICAL SURGERY;OPD EXECUTIVE;2650000;930000
5316;FEE I_TABLE 2B_CARDIAC SURGERY;OPD EXECUTIVE;3350000;1170000
5317;FEE I_TABLE 2B_DENTISTRY;OPD EXECUTIVE;2370000;830000
5318;FEE I_TABLE 2B_ENT / OTORHINOLARYNGOLOGY;OPD EXECUTIVE;3700000;1300000
5319;FEE I_TABLE 2B_GENERAL SURGERY;OPD EXECUTIVE;3710000;1300000
5320;FEE I_TABLE 2B_NEUROSURGERY;OPD EXECUTIVE;5570000;1950000
5321;FEE I_TABLE 2B_OBSTETRICS AND GYNECOLOGY;OPD EXECUTIVE;2840000;990000
5322;FEE I_TABLE 2B_OPHTHALMOLOGY;OPD EXECUTIVE;3680000;1290000
5323;FEE I_TABLE 2B_ORTHOPEDIC SURGERY;OPD EXECUTIVE;4850000;1700000
5324;FEE I_TABLE 2B_PEDIATRIC SURGERY;OPD EXECUTIVE;4550000;1590000
5325;FEE I_TABLE 2B_PLASTIC SURGERY;OPD EXECUTIVE;3970000;1390000
5326;FEE I_TABLE 2B_UROLOGICAL SURGERY;OPD EXECUTIVE;3090000;1080000
5327;FEE I_TABLE 2C_CARDIAC SURGERY;OPD EXECUTIVE;3920000;1370000
5328;FEE I_TABLE 2C_DENTISTRY;OPD EXECUTIVE;2630000;920000
5329;FEE I_TABLE 2C_ENT / OTORHINOLARYNGOLOGY;OPD EXECUTIVE;5050000;1770000
5330;FEE I_TABLE 2C_GENERAL SURGERY;OPD EXECUTIVE;4460000;1560000
5331;FEE I_TABLE 2C_NEUROSURGERY;OPD EXECUTIVE;6790000;2380000
5332;FEE I_TABLE 2C_OBSTETRICS AND GYNECOLOGY;OPD EXECUTIVE;3780000;1320000
5333;FEE I_TABLE 2C_OPHTHALMOLOGY;OPD EXECUTIVE;4480000;1570000
5334;FEE I_TABLE 2C_ORTHOPEDIC SURGERY;OPD EXECUTIVE;5920000;2070000
5335;FEE I_TABLE 2C_PEDIATRIC SURGERY;OPD EXECUTIVE;5450000;1910000
5336;FEE I_TABLE 2C_PLASTIC SURGERY;OPD EXECUTIVE;5290000;1850000
5337;FEE I_TABLE 2C_UROLOGICAL SURGERY;OPD EXECUTIVE;3970000;1390000
5338;FEE I_TABLE 3A_CARDIAC SURGERY;OPD EXECUTIVE;4470000;1560000
5339;FEE I_TABLE 3A_DENTISTRY;OPD EXECUTIVE;3950000;1380000
5340;FEE I_TABLE 3A_ENT / OTORHINOLARYNGOLOGY;OPD EXECUTIVE;6050000;2120000
5341;FEE I_TABLE 3A_GENERAL SURGERY;OPD EXECUTIVE;5200000;1820000
5342;FEE I_TABLE 3A_NEUROSURGERY;OPD EXECUTIVE;8000000;2800000
5343;FEE I_TABLE 3A_OBSTETRICS AND GYNECOLOGY;OPD EXECUTIVE;4730000;1660000
5344;FEE I_TABLE 3A_OPHTHALMOLOGY;OPD EXECUTIVE;5270000;1840000
5345;FEE I_TABLE 3A_ORTHOPEDIC SURGERY;OPD EXECUTIVE;6990000;2450000
5346;FEE I_TABLE 3A_PEDIATRIC SURGERY;OPD EXECUTIVE;6360000;2230000
5347;FEE I_TABLE 3A_PLASTIC SURGERY;OPD EXECUTIVE;6170000;2160000
5348;FEE I_TABLE 3A_UROLOGICAL SURGERY;OPD EXECUTIVE;5300000;1860000
5349;FEE I_TABLE 3B_CARDIAC SURGERY;OPD EXECUTIVE;5030000;1760000
5350;FEE I_TABLE 3B_DENTISTRY;OPD EXECUTIVE;5270000;1840000
5351;FEE I_TABLE 3B_ENT / OTORHINOLARYNGOLOGY;OPD EXECUTIVE;6390000;2240000
5352;FEE I_TABLE 3B_GENERAL SURGERY;OPD EXECUTIVE;6320000;2210000
5353;FEE I_TABLE 3B_NEUROSURGERY;OPD EXECUTIVE;9690000;3390000
5354;FEE I_TABLE 3B_OBSTETRICS AND GYNECOLOGY;OPD EXECUTIVE;5360000;1880000
5355;FEE I_TABLE 3B_OPHTHALMOLOGY;OPD EXECUTIVE;5790000;2030000
5356;FEE I_TABLE 3B_ORTHOPEDIC SURGERY;OPD EXECUTIVE;8070000;2820000
5357;FEE I_TABLE 3B_PEDIATRIC SURGERY;OPD EXECUTIVE;7280000;2550000
5358;FEE I_TABLE 3B_PLASTIC SURGERY;OPD EXECUTIVE;7050000;2470000
5359;FEE I_TABLE 3B_UROLOGICAL SURGERY;OPD EXECUTIVE;6170000;2160000
5360;FEE I_TABLE 3C_CARDIAC SURGERY;OPD EXECUTIVE;5600000;1960000
5361;FEE I_TABLE 3C_DENTISTRY;OPD EXECUTIVE;6050000;2120000
5362;FEE I_TABLE 3C_ENT / OTORHINOLARYNGOLOGY;OPD EXECUTIVE;6730000;2360000
5363;FEE I_TABLE 3C_GENERAL SURGERY;OPD EXECUTIVE;7430000;2600000
5364;FEE I_TABLE 3C_NEUROSURGERY;OPD EXECUTIVE;10910000;3820000
5365;FEE I_TABLE 3C_OBSTETRICS AND GYNECOLOGY;OPD EXECUTIVE;6300000;2210000
5366;FEE I_TABLE 3C_OPHTHALMOLOGY;OPD EXECUTIVE;6320000;2210000
5367;FEE I_TABLE 3C_ORTHOPEDIC SURGERY;OPD EXECUTIVE;9140000;3200000
5368;FEE I_TABLE 3C_PEDIATRIC SURGERY;OPD EXECUTIVE;8180000;2860000
5369;FEE I_TABLE 3C_PLASTIC SURGERY;OPD EXECUTIVE;7940000;2780000
5370;FEE I_TABLE 3C_UROLOGICAL SURGERY;OPD EXECUTIVE;7060000;2470000
5371;FEE I_TABLE 4A_CARDIAC SURGERY;OPD EXECUTIVE;6710000;2350000
5372;FEE I_TABLE 4A_DENTISTRY;OPD EXECUTIVE;6850000;2400000
5373;FEE I_TABLE 4A_ENT / OTORHINOLARYNGOLOGY;OPD EXECUTIVE;7070000;2470000
5374;FEE I_TABLE 4A_GENERAL SURGERY;OPD EXECUTIVE;8170000;2860000
5375;FEE I_TABLE 4A_NEUROSURGERY;OPD EXECUTIVE;12110000;4240000
5376;FEE I_TABLE 4A_OBSTETRICS AND GYNECOLOGY;OPD EXECUTIVE;6930000;2430000
5377;FEE I_TABLE 4A_OPHTHALMOLOGY;OPD EXECUTIVE;7370000;2580000
5378;FEE I_TABLE 4A_ORTHOPEDIC SURGERY;OPD EXECUTIVE;9680000;3390000
5379;FEE I_TABLE 4A_PEDIATRIC SURGERY;OPD EXECUTIVE;9090000;3180000
5380;FEE I_TABLE 4A_PLASTIC SURGERY;OPD EXECUTIVE;8810000;3080000
5381;FEE I_TABLE 4A_UROLOGICAL SURGERY;OPD EXECUTIVE;7940000;2780000
5382;FEE I_TABLE 4B_CARDIAC SURGERY;OPD EXECUTIVE;7830000;2740000
5383;FEE I_TABLE 4B_DENTISTRY;OPD EXECUTIVE;7110000;2490000
5384;FEE I_TABLE 4B_ENT / OTORHINOLARYNGOLOGY;OPD EXECUTIVE;7400000;2590000
5385;FEE I_TABLE 4B_GENERAL SURGERY;OPD EXECUTIVE;8910000;3120000
5386;FEE I_TABLE 4B_NEUROSURGERY;OPD EXECUTIVE;14540000;5090000
5387;FEE I_TABLE 4B_OBSTETRICS AND GYNECOLOGY;OPD EXECUTIVE;7560000;2650000
5388;FEE I_TABLE 4B_OPHTHALMOLOGY;OPD EXECUTIVE;7900000;2770000
5389;FEE I_TABLE 4B_ORTHOPEDIC SURGERY;OPD EXECUTIVE;10760000;3770000
5390;FEE I_TABLE 4B_PEDIATRIC SURGERY;OPD EXECUTIVE;10000000;3500000
5391;FEE I_TABLE 4B_PLASTIC SURGERY;OPD EXECUTIVE;9700000;3400000
5392;FEE I_TABLE 4B_UROLOGICAL SURGERY;OPD EXECUTIVE;8820000;3090000
5393;FEE I_TABLE 4C_CARDIAC SURGERY;OPD EXECUTIVE;8950000;3130000
5394;FEE I_TABLE 4C_DENTISTRY;OPD EXECUTIVE;7370000;2580000
5395;FEE I_TABLE 4C_ENT / OTORHINOLARYNGOLOGY;OPD EXECUTIVE;8070000;2820000
5396;FEE I_TABLE 4C_GENERAL SURGERY;OPD EXECUTIVE;10030000;3510000
5397;FEE I_TABLE 4C_NEUROSURGERY;OPD EXECUTIVE;16970000;5940000
5398;FEE I_TABLE 4C_OBSTETRICS AND GYNECOLOGY;OPD EXECUTIVE;8190000;2870000
5399;FEE I_TABLE 4C_OPHTHALMOLOGY;OPD EXECUTIVE;8420000;2950000
5400;FEE I_TABLE 4C_ORTHOPEDIC SURGERY;OPD EXECUTIVE;11300000;3960000
5401;FEE I_TABLE 4C_PEDIATRIC SURGERY;OPD EXECUTIVE;10910000;3820000
5402;FEE I_TABLE 4C_PLASTIC SURGERY;OPD EXECUTIVE;10130000;3550000
5403;FEE I_TABLE 4C_UROLOGICAL SURGERY;OPD EXECUTIVE;9260000;3240000
5404;FEE I_TABLE 5A_CARDIAC SURGERY;OPD EXECUTIVE;10070000;3520000
5405;FEE I_TABLE 5A_DENTISTRY;OPD EXECUTIVE;8420000;2950000
5406;FEE I_TABLE 5A_ENT / OTORHINOLARYNGOLOGY;OPD EXECUTIVE;9080000;3180000
5407;FEE I_TABLE 5A_GENERAL SURGERY;OPD EXECUTIVE;10400000;3640000
5408;FEE I_TABLE 5A_NEUROSURGERY;OPD EXECUTIVE;19390000;6790000
5409;FEE I_TABLE 5A_OBSTETRICS AND GYNECOLOGY;OPD EXECUTIVE;8510000;2980000
5410;FEE I_TABLE 5A_OPHTHALMOLOGY;OPD EXECUTIVE;8950000;3130000
5411;FEE I_TABLE 5A_ORTHOPEDIC SURGERY;OPD EXECUTIVE;11840000;4140000
5412;FEE I_TABLE 5A_PEDIATRIC SURGERY;OPD EXECUTIVE;11820000;4140000
5413;FEE I_TABLE 5A_PLASTIC SURGERY;OPD EXECUTIVE;11020000;3860000
5414;FEE I_TABLE 5A_UROLOGICAL SURGERY;OPD EXECUTIVE;9710000;3400000
5415;FEE I_TABLE 5B_CARDIAC SURGERY;OPD EXECUTIVE;11180000;3910000
5416;FEE I_TABLE 5B_DENTISTRY;OPD EXECUTIVE;9480000;3320000
5417;FEE I_TABLE 5B_ENT / OTORHINOLARYNGOLOGY;OPD EXECUTIVE;9760000;3420000
5418;FEE I_TABLE 5B_GENERAL SURGERY;OPD EXECUTIVE;10770000;3770000
5419;FEE I_TABLE 5B_NEUROSURGERY;OPD EXECUTIVE;21810000;7630000
5420;FEE I_TABLE 5B_OBSTETRICS AND GYNECOLOGY;OPD EXECUTIVE;9140000;3200000
5421;FEE I_TABLE 5B_OPHTHALMOLOGY;OPD EXECUTIVE;9480000;3320000
5422;FEE I_TABLE 5B_ORTHOPEDIC SURGERY;OPD EXECUTIVE;12380000;4330000
5423;FEE I_TABLE 5B_PEDIATRIC SURGERY;OPD EXECUTIVE;12730000;4460000
5424;FEE I_TABLE 5B_PLASTIC SURGERY;OPD EXECUTIVE;11900000;4170000
5425;FEE I_TABLE 5B_UROLOGICAL SURGERY;OPD EXECUTIVE;10580000;3700000
5426;FEE I_TABLE 5C_CARDIAC SURGERY;OPD EXECUTIVE;12300000;4310000
5427;FEE I_TABLE 5C_DENTISTRY;OPD EXECUTIVE;11060000;3870000
5428;FEE I_TABLE 5C_ENT / OTORHINOLARYNGOLOGY;OPD EXECUTIVE;10760000;3770000
5429;FEE I_TABLE 5C_GENERAL SURGERY;OPD EXECUTIVE;11140000;3900000
5430;FEE I_TABLE 5C_NEUROSURGERY;OPD EXECUTIVE;24230000;8480000
5431;FEE I_TABLE 5C_OBSTETRICS AND GYNECOLOGY;OPD EXECUTIVE;10400000;3640000
5432;FEE I_TABLE 5C_OPHTHALMOLOGY;OPD EXECUTIVE;10530000;3690000
5433;FEE I_TABLE 5C_ORTHOPEDIC SURGERY;OPD EXECUTIVE;12910000;4520000
5434;FEE I_TABLE 5C_PEDIATRIC SURGERY;OPD EXECUTIVE;13640000;4770000
5435;FEE I_TABLE 5C_PLASTIC SURGERY;OPD EXECUTIVE;12780000;4470000
5436;FEE I_TABLE 5C_UROLOGICAL SURGERY;OPD EXECUTIVE;11030000;3860000
5437;FEE I_TABLE 6A_CARDIAC SURGERY;OPD EXECUTIVE;13980000;4890000
5438;FEE I_TABLE 6A_DENTISTRY;OPD EXECUTIVE;11850000;4150000
5439;FEE I_TABLE 6A_ENT / OTORHINOLARYNGOLOGY;OPD EXECUTIVE;12110000;4240000
5440;FEE I_TABLE 6A_GENERAL SURGERY;OPD EXECUTIVE;11510000;4030000
5441;FEE I_TABLE 6A_NEUROSURGERY;OPD EXECUTIVE;25440000;8900000
5442;FEE I_TABLE 6A_OBSTETRICS AND GYNECOLOGY;OPD EXECUTIVE;11030000;3860000
5443;FEE I_TABLE 6A_OPHTHALMOLOGY;OPD EXECUTIVE;11580000;4050000
5444;FEE I_TABLE 6A_ORTHOPEDIC SURGERY;OPD EXECUTIVE;13450000;4710000
5445;FEE I_TABLE 6A_PEDIATRIC SURGERY;OPD EXECUTIVE;14540000;5090000
5446;FEE I_TABLE 6A_PLASTIC SURGERY;OPD EXECUTIVE;13660000;4780000
5447;FEE I_TABLE 6A_UROLOGICAL SURGERY;OPD EXECUTIVE;11470000;4010000
5448;FEE I_TABLE 6B_CARDIAC SURGERY;OPD EXECUTIVE;15650000;5480000
5449;FEE I_TABLE 6B_DENTISTRY;OPD EXECUTIVE;13160000;4610000
5450;FEE I_TABLE 6B_ENT / OTORHINOLARYNGOLOGY;OPD EXECUTIVE;13460000;4710000
5451;FEE I_TABLE 6B_GENERAL SURGERY;OPD EXECUTIVE;11880000;4160000
5452;FEE I_TABLE 6B_NEUROSURGERY;OPD EXECUTIVE;26660000;9330000
5453;FEE I_TABLE 6B_OBSTETRICS AND GYNECOLOGY;OPD EXECUTIVE;12290000;4300000
5454;FEE I_TABLE 6B_OPHTHALMOLOGY;OPD EXECUTIVE;12640000;4420000
5455;FEE I_TABLE 6B_ORTHOPEDIC SURGERY;OPD EXECUTIVE;15060000;5270000
5456;FEE I_TABLE 6B_PEDIATRIC SURGERY;OPD EXECUTIVE;15450000;5410000
5457;FEE I_TABLE 6B_PLASTIC SURGERY;OPD EXECUTIVE;14540000;5090000
5458;FEE I_TABLE 6B_UROLOGICAL SURGERY;OPD EXECUTIVE;12350000;4320000
5459;FEE I_TABLE 6C_CARDIAC SURGERY;OPD EXECUTIVE;17330000;6070000
5460;FEE I_TABLE 6C_DENTISTRY;OPD EXECUTIVE;14210000;4970000
5461;FEE I_TABLE 6C_ENT / OTORHINOLARYNGOLOGY;OPD EXECUTIVE;14470000;5060000
5462;FEE I_TABLE 6C_GENERAL SURGERY;OPD EXECUTIVE;12620000;4420000
5463;FEE I_TABLE 6C_NEUROSURGERY;OPD EXECUTIVE;27860000;9750000
5464;FEE I_TABLE 6C_OBSTETRICS AND GYNECOLOGY;OPD EXECUTIVE;13860000;4850000
5465;FEE I_TABLE 6C_OPHTHALMOLOGY;OPD EXECUTIVE;14210000;4970000
5466;FEE I_TABLE 6C_ORTHOPEDIC SURGERY;OPD EXECUTIVE;18290000;6400000
5467;FEE I_TABLE 6C_PEDIATRIC SURGERY;OPD EXECUTIVE;16370000;5730000
5468;FEE I_TABLE 6C_PLASTIC SURGERY;OPD EXECUTIVE;15420000;5400000
5469;FEE I_TABLE 6C_UROLOGICAL SURGERY;OPD EXECUTIVE;13230000;4630000
5470;FEE I_TABLE 7A_CARDIAC SURGERY;OPD EXECUTIVE;19570000;6850000
5471;FEE I_TABLE 7A_DENTISTRY;OPD EXECUTIVE;15800000;5530000
5472;FEE I_TABLE 7A_ENT / OTORHINOLARYNGOLOGY;OPD EXECUTIVE;16150000;5650000
5473;FEE I_TABLE 7A_GENERAL SURGERY;OPD EXECUTIVE;13370000;4680000
5474;FEE I_TABLE 7A_NEUROSURGERY;OPD EXECUTIVE;29080000;10180000
5475;FEE I_TABLE 7A_OBSTETRICS AND GYNECOLOGY;OPD EXECUTIVE;14810000;5180000
5476;FEE I_TABLE 7A_OPHTHALMOLOGY;OPD EXECUTIVE;15800000;5530000
5477;FEE I_TABLE 7A_ORTHOPEDIC SURGERY;OPD EXECUTIVE;22590000;7910000
5478;FEE I_TABLE 7A_PEDIATRIC SURGERY;OPD EXECUTIVE;17270000;6040000
5479;FEE I_TABLE 7A_PLASTIC SURGERY;OPD EXECUTIVE;17630000;6170000
5480;FEE I_TABLE 7A_UROLOGICAL SURGERY;OPD EXECUTIVE;14550000;5090000
5481;FEE I_TABLE 7B_CARDIAC SURGERY;OPD EXECUTIVE;21800000;7630000
5482;FEE I_TABLE 7B_DENTISTRY;OPD EXECUTIVE;18170000;6360000
5483;FEE I_TABLE 7B_ENT / OTORHINOLARYNGOLOGY;OPD EXECUTIVE;17490000;6120000
5484;FEE I_TABLE 7B_GENERAL SURGERY;OPD EXECUTIVE;14850000;5200000
5485;FEE I_TABLE 7B_NEUROSURGERY;OPD EXECUTIVE;31500000;11030000
5486;FEE I_TABLE 7B_OBSTETRICS AND GYNECOLOGY;OPD EXECUTIVE;15750000;5510000
5487;FEE I_TABLE 7B_OPHTHALMOLOGY;OPD EXECUTIVE;17380000;6080000
5488;FEE I_TABLE 7B_ORTHOPEDIC SURGERY;OPD EXECUTIVE;26900000;9420000
5489;FEE I_TABLE 7B_PEDIATRIC SURGERY;OPD EXECUTIVE;18180000;6360000
5490;FEE I_TABLE 7B_PLASTIC SURGERY;OPD EXECUTIVE;19830000;6940000
5491;FEE I_TABLE 7B_UROLOGICAL SURGERY;OPD EXECUTIVE;16760000;5870000
5492;FEE I_TABLE 7C_CARDIAC SURGERY;OPD EXECUTIVE;24050000;8420000
5493;FEE I_TABLE 7C_DENTISTRY;OPD EXECUTIVE;20540000;7190000
5494;FEE I_TABLE 7C_ENT / OTORHINOLARYNGOLOGY;OPD EXECUTIVE;18030000;6310000
5495;FEE I_TABLE 7C_GENERAL SURGERY;OPD EXECUTIVE;15590000;5460000
5496;FEE I_TABLE 7C_NEUROSURGERY;OPD EXECUTIVE;33920000;11870000
5497;FEE I_TABLE 7C_OBSTETRICS AND GYNECOLOGY;OPD EXECUTIVE;16700000;5850000
5498;FEE I_TABLE 7C_OPHTHALMOLOGY;OPD EXECUTIVE;18430000;6450000
5499;FEE I_TABLE 7C_ORTHOPEDIC SURGERY;OPD EXECUTIVE;32280000;11300000
5500;FEE I_TABLE 7C_PEDIATRIC SURGERY;OPD EXECUTIVE;20000000;7000000
5501;FEE I_TABLE 7C_PLASTIC SURGERY;OPD EXECUTIVE;22040000;7710000
5502;FEE I_TABLE 7C_UROLOGICAL SURGERY;OPD EXECUTIVE;18960000;6640000
5503;FEE II_TABLE 1A_CARDIAC SURGERY;OPD EXECUTIVE;1820000;640000
5504;FEE II_TABLE 1A_DENTISTRY;OPD EXECUTIVE;1720000;600000
5505;FEE II_TABLE 1A_DIGESTIVE SURGERY;OPD EXECUTIVE;1490000;520000
5506;FEE II_TABLE 1A_ENT / OTORHINOLARYNGOLOGY;OPD EXECUTIVE;1490000;520000
5507;FEE II_TABLE 1A_NEUROSURGERY;OPD EXECUTIVE;1580000;550000
5508;FEE II_TABLE 1A_OBSTETRICS AND GYNECOLOGY;OPD EXECUTIVE;1310000;460000
5509;FEE II_TABLE 1A_ONCOLOGY SURGERY;OPD EXECUTIVE;1600000;560000
5510;FEE II_TABLE 1A_OPHTHALMOLOGY;OPD EXECUTIVE;1370000;480000
5511;FEE II_TABLE 1A_ORTHOPEDIC SURGERY;OPD EXECUTIVE;1400000;490000
5512;FEE II_TABLE 1A_PEDIATRIC SURGERY;OPD EXECUTIVE;1420000;500000
5513;FEE II_TABLE 1A_PLASTIC SURGERY;OPD EXECUTIVE;1720000;600000
5514;FEE II_TABLE 1A_UROLOGICAL SURGERY;OPD EXECUTIVE;1370000;480000
5515;FEE II_TABLE 1A_VASCULAR SURGERY;OPD EXECUTIVE;1560000;550000
5516;FEE II_TABLE 1B_CARDIAC SURGERY;OPD EXECUTIVE;2180000;760000
5517;FEE II_TABLE 1B_DENTISTRY;OPD EXECUTIVE;2060000;720000
5518;FEE II_TABLE 1B_DIGESTIVE SURGERY;OPD EXECUTIVE;1970000;690000
5519;FEE II_TABLE 1B_ENT / OTORHINOLARYNGOLOGY;OPD EXECUTIVE;2180000;760000
5520;FEE II_TABLE 1B_NEUROSURGERY;OPD EXECUTIVE;2530000;890000
5521;FEE II_TABLE 1B_OBSTETRICS AND GYNECOLOGY;OPD EXECUTIVE;1640000;570000
5522;FEE II_TABLE 1B_ONCOLOGY SURGERY;OPD EXECUTIVE;3200000;1120000
5523;FEE II_TABLE 1B_OPHTHALMOLOGY;OPD EXECUTIVE;2400000;840000
5524;FEE II_TABLE 1B_ORTHOPEDIC SURGERY;OPD EXECUTIVE;2100000;740000
5525;FEE II_TABLE 1B_PEDIATRIC SURGERY;OPD EXECUTIVE;2360000;830000
5526;FEE II_TABLE 1B_PLASTIC SURGERY;OPD EXECUTIVE;2300000;810000
5527;FEE II_TABLE 1B_UROLOGICAL SURGERY;OPD EXECUTIVE;2300000;810000
5528;FEE II_TABLE 1B_VASCULAR SURGERY;OPD EXECUTIVE;2080000;730000
5529;FEE II_TABLE 1C_CARDIAC SURGERY;OPD EXECUTIVE;2900000;1020000
5530;FEE II_TABLE 1C_DENTISTRY;OPD EXECUTIVE;2400000;840000
5531;FEE II_TABLE 1C_DIGESTIVE SURGERY;OPD EXECUTIVE;2960000;1040000
5532;FEE II_TABLE 1C_ENT / OTORHINOLARYNGOLOGY;OPD EXECUTIVE;3060000;1070000
5533;FEE II_TABLE 1C_NEUROSURGERY;OPD EXECUTIVE;4100000;1440000
5534;FEE II_TABLE 1C_OBSTETRICS AND GYNECOLOGY;OPD EXECUTIVE;2460000;860000
5535;FEE II_TABLE 1C_ONCOLOGY SURGERY;OPD EXECUTIVE;4000000;1400000
5536;FEE II_TABLE 1C_OPHTHALMOLOGY;OPD EXECUTIVE;2400000;840000
5537;FEE II_TABLE 1C_ORTHOPEDIC SURGERY;OPD EXECUTIVE;3500000;1230000
5538;FEE II_TABLE 1C_PEDIATRIC SURGERY;OPD EXECUTIVE;3550000;1240000
5539;FEE II_TABLE 1C_PLASTIC SURGERY;OPD EXECUTIVE;2870000;1000000
5540;FEE II_TABLE 1C_UROLOGICAL SURGERY;OPD EXECUTIVE;2870000;1000000
5541;FEE II_TABLE 1C_VASCULAR SURGERY;OPD EXECUTIVE;2600000;910000
5542;FEE II_TABLE 2A_CARDIAC SURGERY;OPD EXECUTIVE;3640000;1270000
5543;FEE II_TABLE 2A_DENTISTRY;OPD EXECUTIVE;2740000;960000
5544;FEE II_TABLE 2A_DIGESTIVE SURGERY;OPD EXECUTIVE;3940000;1380000
5545;FEE II_TABLE 2A_ENT / OTORHINOLARYNGOLOGY;OPD EXECUTIVE;3940000;1380000
5546;FEE II_TABLE 2A_NEUROSURGERY;OPD EXECUTIVE;5680000;1990000
5547;FEE II_TABLE 2A_OBSTETRICS AND GYNECOLOGY;OPD EXECUTIVE;2870000;1000000
5548;FEE II_TABLE 2A_ONCOLOGY SURGERY;OPD EXECUTIVE;4790000;1680000
5549;FEE II_TABLE 2A_OPHTHALMOLOGY;OPD EXECUTIVE;3770000;1320000
5550;FEE II_TABLE 2A_ORTHOPEDIC SURGERY;OPD EXECUTIVE;4900000;1720000
5551;FEE II_TABLE 2A_PEDIATRIC SURGERY;OPD EXECUTIVE;4730000;1660000
5552;FEE II_TABLE 2A_PLASTIC SURGERY;OPD EXECUTIVE;4010000;1400000
5553;FEE II_TABLE 2A_UROLOGICAL SURGERY;OPD EXECUTIVE;3440000;1200000
5554;FEE II_TABLE 2A_VASCULAR SURGERY;OPD EXECUTIVE;3120000;1090000
5555;FEE II_TABLE 2B_CARDIAC SURGERY;OPD EXECUTIVE;4360000;1530000
5556;FEE II_TABLE 2B_DENTISTRY;OPD EXECUTIVE;3080000;1080000
5557;FEE II_TABLE 2B_DIGESTIVE SURGERY;OPD EXECUTIVE;4930000;1730000
5558;FEE II_TABLE 2B_ENT / OTORHINOLARYNGOLOGY;OPD EXECUTIVE;4810000;1680000
5559;FEE II_TABLE 2B_NEUROSURGERY;OPD EXECUTIVE;7250000;2540000
5560;FEE II_TABLE 2B_OBSTETRICS AND GYNECOLOGY;OPD EXECUTIVE;3680000;1290000
5561;FEE II_TABLE 2B_ONCOLOGY SURGERY;OPD EXECUTIVE;5590000;1960000
5562;FEE II_TABLE 2B_OPHTHALMOLOGY;OPD EXECUTIVE;4790000;1680000
5563;FEE II_TABLE 2B_ORTHOPEDIC SURGERY;OPD EXECUTIVE;6300000;2210000
5564;FEE II_TABLE 2B_PEDIATRIC SURGERY;OPD EXECUTIVE;5910000;2070000
5565;FEE II_TABLE 2B_PLASTIC SURGERY;OPD EXECUTIVE;5160000;1810000
5566;FEE II_TABLE 2B_UROLOGICAL SURGERY;OPD EXECUTIVE;4020000;1410000
5567;FEE II_TABLE 2B_VASCULAR SURGERY;OPD EXECUTIVE;4160000;1460000
5568;FEE II_TABLE 2C_CARDIAC SURGERY;OPD EXECUTIVE;5090000;1780000
5569;FEE II_TABLE 2C_DENTISTRY;OPD EXECUTIVE;3420000;1200000
5570;FEE II_TABLE 2C_DIGESTIVE SURGERY;OPD EXECUTIVE;5910000;2070000
5571;FEE II_TABLE 2C_ENT / OTORHINOLARYNGOLOGY;OPD EXECUTIVE;6560000;2300000
5572;FEE II_TABLE 2C_NEUROSURGERY;OPD EXECUTIVE;8830000;3090000
5573;FEE II_TABLE 2C_OBSTETRICS AND GYNECOLOGY;OPD EXECUTIVE;4910000;1720000
5574;FEE II_TABLE 2C_ONCOLOGY SURGERY;OPD EXECUTIVE;7190000;2520000
5575;FEE II_TABLE 2C_OPHTHALMOLOGY;OPD EXECUTIVE;5820000;2040000
5576;FEE II_TABLE 2C_ORTHOPEDIC SURGERY;OPD EXECUTIVE;7700000;2700000
5577;FEE II_TABLE 2C_PEDIATRIC SURGERY;OPD EXECUTIVE;7090000;2480000
5578;FEE II_TABLE 2C_PLASTIC SURGERY;OPD EXECUTIVE;6880000;2410000
5579;FEE II_TABLE 2C_UROLOGICAL SURGERY;OPD EXECUTIVE;5160000;1810000
5580;FEE II_TABLE 2C_VASCULAR SURGERY;OPD EXECUTIVE;5200000;1820000
5581;FEE II_TABLE 3A_CARDIAC SURGERY;OPD EXECUTIVE;5810000;2030000
5582;FEE II_TABLE 3A_DENTISTRY;OPD EXECUTIVE;5140000;1800000
5583;FEE II_TABLE 3A_DIGESTIVE SURGERY;OPD EXECUTIVE;7280000;2550000
5584;FEE II_TABLE 3A_ENT / OTORHINOLARYNGOLOGY;OPD EXECUTIVE;7870000;2750000
5585;FEE II_TABLE 3A_NEUROSURGERY;OPD EXECUTIVE;10400000;3640000
5586;FEE II_TABLE 3A_OBSTETRICS AND GYNECOLOGY;OPD EXECUTIVE;6140000;2150000
5587;FEE II_TABLE 3A_ONCOLOGY SURGERY;OPD EXECUTIVE;8780000;3070000
5588;FEE II_TABLE 3A_OPHTHALMOLOGY;OPD EXECUTIVE;6850000;2400000
5589;FEE II_TABLE 3A_ORTHOPEDIC SURGERY;OPD EXECUTIVE;9090000;3180000
5590;FEE II_TABLE 3A_PEDIATRIC SURGERY;OPD EXECUTIVE;8270000;2890000
5591;FEE II_TABLE 3A_PLASTIC SURGERY;OPD EXECUTIVE;8030000;2810000
5592;FEE II_TABLE 3A_UROLOGICAL SURGERY;OPD EXECUTIVE;6890000;2410000
5593;FEE II_TABLE 3A_VASCULAR SURGERY;OPD EXECUTIVE;6230000;2180000
5594;FEE II_TABLE 3B_CARDIAC SURGERY;OPD EXECUTIVE;6540000;2290000
5595;FEE II_TABLE 3B_DENTISTRY;OPD EXECUTIVE;6850000;2400000
5596;FEE II_TABLE 3B_DIGESTIVE SURGERY;OPD EXECUTIVE;8380000;2930000
5597;FEE II_TABLE 3B_ENT / OTORHINOLARYNGOLOGY;OPD EXECUTIVE;8310000;2910000
5598;FEE II_TABLE 3B_NEUROSURGERY;OPD EXECUTIVE;12600000;4410000
5599;FEE II_TABLE 3B_OBSTETRICS AND GYNECOLOGY;OPD EXECUTIVE;6960000;2440000
5600;FEE II_TABLE 3B_ONCOLOGY SURGERY;OPD EXECUTIVE;9590000;3360000
5601;FEE II_TABLE 3B_OPHTHALMOLOGY;OPD EXECUTIVE;7530000;2640000
5602;FEE II_TABLE 3B_ORTHOPEDIC SURGERY;OPD EXECUTIVE;10490000;3670000
5603;FEE II_TABLE 3B_PEDIATRIC SURGERY;OPD EXECUTIVE;9460000;3310000
5604;FEE II_TABLE 3B_PLASTIC SURGERY;OPD EXECUTIVE;9170000;3210000
5605;FEE II_TABLE 3B_UROLOGICAL SURGERY;OPD EXECUTIVE;8030000;2810000
5606;FEE II_TABLE 3B_VASCULAR SURGERY;OPD EXECUTIVE;7280000;2550000
5607;FEE II_TABLE 3C_CARDIAC SURGERY;OPD EXECUTIVE;7280000;2550000
5608;FEE II_TABLE 3C_DENTISTRY;OPD EXECUTIVE;7870000;2750000
5609;FEE II_TABLE 3C_DIGESTIVE SURGERY;OPD EXECUTIVE;9360000;3280000
5610;FEE II_TABLE 3C_ENT / OTORHINOLARYNGOLOGY;OPD EXECUTIVE;8750000;3060000
5611;FEE II_TABLE 3C_NEUROSURGERY;OPD EXECUTIVE;14180000;4960000
5612;FEE II_TABLE 3C_OBSTETRICS AND GYNECOLOGY;OPD EXECUTIVE;8190000;2870000
5613;FEE II_TABLE 3C_ONCOLOGY SURGERY;OPD EXECUTIVE;11180000;3910000
5614;FEE II_TABLE 3C_OPHTHALMOLOGY;OPD EXECUTIVE;8210000;2870000
5615;FEE II_TABLE 3C_ORTHOPEDIC SURGERY;OPD EXECUTIVE;11890000;4160000
5616;FEE II_TABLE 3C_PEDIATRIC SURGERY;OPD EXECUTIVE;10640000;3720000
5617;FEE II_TABLE 3C_PLASTIC SURGERY;OPD EXECUTIVE;10310000;3610000
5618;FEE II_TABLE 3C_UROLOGICAL SURGERY;OPD EXECUTIVE;9170000;3210000
5619;FEE II_TABLE 3C_VASCULAR SURGERY;OPD EXECUTIVE;8310000;2910000
5620;FEE II_TABLE 4A_CARDIAC SURGERY;OPD EXECUTIVE;8730000;3060000
5621;FEE II_TABLE 4A_DENTISTRY;OPD EXECUTIVE;8900000;3120000
5622;FEE II_TABLE 4A_DIGESTIVE SURGERY;OPD EXECUTIVE;9850000;3450000
5623;FEE II_TABLE 4A_ENT / OTORHINOLARYNGOLOGY;OPD EXECUTIVE;9190000;3220000
5624;FEE II_TABLE 4A_NEUROSURGERY;OPD EXECUTIVE;15750000;5510000
5625;FEE II_TABLE 4A_OBSTETRICS AND GYNECOLOGY;OPD EXECUTIVE;9010000;3150000
5626;FEE II_TABLE 4A_ONCOLOGY SURGERY;OPD EXECUTIVE;11990000;4200000
5627;FEE II_TABLE 4A_OPHTHALMOLOGY;OPD EXECUTIVE;9590000;3360000
5628;FEE II_TABLE 4A_ORTHOPEDIC SURGERY;OPD EXECUTIVE;12590000;4410000
5629;FEE II_TABLE 4A_PEDIATRIC SURGERY;OPD EXECUTIVE;11820000;4140000
5630;FEE II_TABLE 4A_PLASTIC SURGERY;OPD EXECUTIVE;11460000;4010000
5631;FEE II_TABLE 4A_UROLOGICAL SURGERY;OPD EXECUTIVE;10310000;3610000
5632;FEE II_TABLE 4A_VASCULAR SURGERY;OPD EXECUTIVE;9350000;3270000
5633;FEE II_TABLE 4B_CARDIAC SURGERY;OPD EXECUTIVE;10180000;3560000
5634;FEE II_TABLE 4B_DENTISTRY;OPD EXECUTIVE;9240000;3230000
5635;FEE II_TABLE 4B_DIGESTIVE SURGERY;OPD EXECUTIVE;10830000;3790000
5636;FEE II_TABLE 4B_ENT / OTORHINOLARYNGOLOGY;OPD EXECUTIVE;9620000;3370000
5637;FEE II_TABLE 4B_NEUROSURGERY;OPD EXECUTIVE;18910000;6620000
5638;FEE II_TABLE 4B_OBSTETRICS AND GYNECOLOGY;OPD EXECUTIVE;9830000;3440000
5639;FEE II_TABLE 4B_ONCOLOGY SURGERY;OPD EXECUTIVE;13580000;4750000
5640;FEE II_TABLE 4B_OPHTHALMOLOGY;OPD EXECUTIVE;10270000;3590000
5641;FEE II_TABLE 4B_ORTHOPEDIC SURGERY;OPD EXECUTIVE;14000000;4900000
5642;FEE II_TABLE 4B_PEDIATRIC SURGERY;OPD EXECUTIVE;13000000;4550000
5643;FEE II_TABLE 4B_PLASTIC SURGERY;OPD EXECUTIVE;12610000;4410000
5644;FEE II_TABLE 4B_UROLOGICAL SURGERY;OPD EXECUTIVE;11470000;4010000
5645;FEE II_TABLE 4B_VASCULAR SURGERY;OPD EXECUTIVE;10390000;3640000
5646;FEE II_TABLE 4C_CARDIAC SURGERY;OPD EXECUTIVE;11630000;4070000
5647;FEE II_TABLE 4C_DENTISTRY;OPD EXECUTIVE;9590000;3360000
5648;FEE II_TABLE 4C_DIGESTIVE SURGERY;OPD EXECUTIVE;11820000;4140000
5649;FEE II_TABLE 4C_ENT / OTORHINOLARYNGOLOGY;OPD EXECUTIVE;10490000;3670000
5650;FEE II_TABLE 4C_NEUROSURGERY;OPD EXECUTIVE;22060000;7720000
5651;FEE II_TABLE 4C_OBSTETRICS AND GYNECOLOGY;OPD EXECUTIVE;10650000;3730000
5652;FEE II_TABLE 4C_ONCOLOGY SURGERY;OPD EXECUTIVE;15170000;5310000
5653;FEE II_TABLE 4C_OPHTHALMOLOGY;OPD EXECUTIVE;10950000;3830000
5654;FEE II_TABLE 4C_ORTHOPEDIC SURGERY;OPD EXECUTIVE;14690000;5140000
5655;FEE II_TABLE 4C_PEDIATRIC SURGERY;OPD EXECUTIVE;14180000;4960000
5656;FEE II_TABLE 4C_PLASTIC SURGERY;OPD EXECUTIVE;13170000;4610000
5657;FEE II_TABLE 4C_UROLOGICAL SURGERY;OPD EXECUTIVE;12050000;4220000
5658;FEE II_TABLE 4C_VASCULAR SURGERY;OPD EXECUTIVE;11430000;4000000
5659;FEE II_TABLE 5A_CARDIAC SURGERY;OPD EXECUTIVE;13090000;4580000
5660;FEE II_TABLE 5A_DENTISTRY;OPD EXECUTIVE;10950000;3830000
5661;FEE II_TABLE 5A_DIGESTIVE SURGERY;OPD EXECUTIVE;12800000;4480000
5662;FEE II_TABLE 5A_ENT / OTORHINOLARYNGOLOGY;OPD EXECUTIVE;11810000;4130000
5663;FEE II_TABLE 5A_NEUROSURGERY;OPD EXECUTIVE;25210000;8820000
5664;FEE II_TABLE 5A_OBSTETRICS AND GYNECOLOGY;OPD EXECUTIVE;11060000;3870000
5665;FEE II_TABLE 5A_ONCOLOGY SURGERY;OPD EXECUTIVE;15970000;5590000
5666;FEE II_TABLE 5A_OPHTHALMOLOGY;OPD EXECUTIVE;11630000;4070000
5667;FEE II_TABLE 5A_ORTHOPEDIC SURGERY;OPD EXECUTIVE;15380000;5380000
5668;FEE II_TABLE 5A_PEDIATRIC SURGERY;OPD EXECUTIVE;15370000;5380000
5669;FEE II_TABLE 5A_PLASTIC SURGERY;OPD EXECUTIVE;14330000;5020000
5670;FEE II_TABLE 5A_UROLOGICAL SURGERY;OPD EXECUTIVE;12620000;4420000
5671;FEE II_TABLE 5A_VASCULAR SURGERY;OPD EXECUTIVE;12460000;4360000
5672;FEE II_TABLE 5B_CARDIAC SURGERY;OPD EXECUTIVE;14540000;5090000
5673;FEE II_TABLE 5B_DENTISTRY;OPD EXECUTIVE;12320000;4310000
5674;FEE II_TABLE 5B_DIGESTIVE SURGERY;OPD EXECUTIVE;13790000;4830000
5675;FEE II_TABLE 5B_ENT / OTORHINOLARYNGOLOGY;OPD EXECUTIVE;12680000;4440000
5676;FEE II_TABLE 5B_NEUROSURGERY;OPD EXECUTIVE;28350000;9920000
5677;FEE II_TABLE 5B_OBSTETRICS AND GYNECOLOGY;OPD EXECUTIVE;11870000;4150000
5678;FEE II_TABLE 5B_ONCOLOGY SURGERY;OPD EXECUTIVE;17570000;6150000
5679;FEE II_TABLE 5B_OPHTHALMOLOGY;OPD EXECUTIVE;12320000;4310000
5680;FEE II_TABLE 5B_ORTHOPEDIC SURGERY;OPD EXECUTIVE;16090000;5630000
5681;FEE II_TABLE 5B_PEDIATRIC SURGERY;OPD EXECUTIVE;16550000;5790000
5682;FEE II_TABLE 5B_PLASTIC SURGERY;OPD EXECUTIVE;15470000;5410000
5683;FEE II_TABLE 5B_UROLOGICAL SURGERY;OPD EXECUTIVE;13760000;4820000
5684;FEE II_TABLE 5B_VASCULAR SURGERY;OPD EXECUTIVE;13510000;4730000
5685;FEE II_TABLE 5C_CARDIAC SURGERY;OPD EXECUTIVE;15990000;5600000
5686;FEE II_TABLE 5C_DENTISTRY;OPD EXECUTIVE;14370000;5030000
5687;FEE II_TABLE 5C_DIGESTIVE SURGERY;OPD EXECUTIVE;14780000;5170000
5688;FEE II_TABLE 5C_ENT / OTORHINOLARYNGOLOGY;OPD EXECUTIVE;14000000;4900000
5689;FEE II_TABLE 5C_NEUROSURGERY;OPD EXECUTIVE;31500000;11030000
5690;FEE II_TABLE 5C_OBSTETRICS AND GYNECOLOGY;OPD EXECUTIVE;13520000;4730000
5691;FEE II_TABLE 5C_ONCOLOGY SURGERY;OPD EXECUTIVE;19170000;6710000
5692;FEE II_TABLE 5C_OPHTHALMOLOGY;OPD EXECUTIVE;13690000;4790000
5693;FEE II_TABLE 5C_ORTHOPEDIC SURGERY;OPD EXECUTIVE;16780000;5870000
5694;FEE II_TABLE 5C_PEDIATRIC SURGERY;OPD EXECUTIVE;17720000;6200000
5695;FEE II_TABLE 5C_PLASTIC SURGERY;OPD EXECUTIVE;16610000;5810000
5696;FEE II_TABLE 5C_UROLOGICAL SURGERY;OPD EXECUTIVE;14330000;5020000
5697;FEE II_TABLE 5C_VASCULAR SURGERY;OPD EXECUTIVE;14540000;5090000
5698;FEE II_TABLE 6A_CARDIAC SURGERY;OPD EXECUTIVE;18170000;6360000
5699;FEE II_TABLE 6A_DENTISTRY;OPD EXECUTIVE;15410000;5390000
5700;FEE II_TABLE 6A_DIGESTIVE SURGERY;OPD EXECUTIVE;15760000;5520000
5701;FEE II_TABLE 6A_ENT / OTORHINOLARYNGOLOGY;OPD EXECUTIVE;15750000;5510000
5702;FEE II_TABLE 6A_NEUROSURGERY;OPD EXECUTIVE;33080000;11580000
5703;FEE II_TABLE 6A_OBSTETRICS AND GYNECOLOGY;OPD EXECUTIVE;14330000;5020000
5704;FEE II_TABLE 6A_ONCOLOGY SURGERY;OPD EXECUTIVE;20760000;7270000
5705;FEE II_TABLE 6A_OPHTHALMOLOGY;OPD EXECUTIVE;15050000;5270000
5706;FEE II_TABLE 6A_ORTHOPEDIC SURGERY;OPD EXECUTIVE;17480000;6120000
5707;FEE II_TABLE 6A_PEDIATRIC SURGERY;OPD EXECUTIVE;18910000;6620000
5708;FEE II_TABLE 6A_PLASTIC SURGERY;OPD EXECUTIVE;17750000;6210000
5709;FEE II_TABLE 6A_UROLOGICAL SURGERY;OPD EXECUTIVE;14910000;5220000
5710;FEE II_TABLE 6A_VASCULAR SURGERY;OPD EXECUTIVE;16610000;5810000
5711;FEE II_TABLE 6B_CARDIAC SURGERY;OPD EXECUTIVE;20350000;7120000
5712;FEE II_TABLE 6B_DENTISTRY;OPD EXECUTIVE;17120000;5990000
5713;FEE II_TABLE 6B_DIGESTIVE SURGERY;OPD EXECUTIVE;16740000;5860000
5714;FEE II_TABLE 6B_ENT / OTORHINOLARYNGOLOGY;OPD EXECUTIVE;17490000;6120000
5715;FEE II_TABLE 6B_NEUROSURGERY;OPD EXECUTIVE;34650000;12130000
5716;FEE II_TABLE 6B_OBSTETRICS AND GYNECOLOGY;OPD EXECUTIVE;15970000;5590000
5717;FEE II_TABLE 6B_ONCOLOGY SURGERY;OPD EXECUTIVE;22360000;7830000
5718;FEE II_TABLE 6B_OPHTHALMOLOGY;OPD EXECUTIVE;16430000;5750000
5719;FEE II_TABLE 6B_ORTHOPEDIC SURGERY;OPD EXECUTIVE;19580000;6850000
5720;FEE II_TABLE 6B_PEDIATRIC SURGERY;OPD EXECUTIVE;20090000;7030000
5721;FEE II_TABLE 6B_PLASTIC SURGERY;OPD EXECUTIVE;18910000;6620000
5722;FEE II_TABLE 6B_UROLOGICAL SURGERY;OPD EXECUTIVE;16050000;5620000
5723;FEE II_TABLE 6B_VASCULAR SURGERY;OPD EXECUTIVE;18690000;6540000
5724;FEE II_TABLE 6C_CARDIAC SURGERY;OPD EXECUTIVE;22530000;7890000
5725;FEE II_TABLE 6C_DENTISTRY;OPD EXECUTIVE;18480000;6470000
5726;FEE II_TABLE 6C_DIGESTIVE SURGERY;OPD EXECUTIVE;17720000;6200000
5727;FEE II_TABLE 6C_ENT / OTORHINOLARYNGOLOGY;OPD EXECUTIVE;18810000;6580000
5728;FEE II_TABLE 6C_NEUROSURGERY;OPD EXECUTIVE;36230000;12680000
5729;FEE II_TABLE 6C_OBSTETRICS AND GYNECOLOGY;OPD EXECUTIVE;18020000;6310000
5730;FEE II_TABLE 6C_ONCOLOGY SURGERY;OPD EXECUTIVE;23960000;8390000
5731;FEE II_TABLE 6C_OPHTHALMOLOGY;OPD EXECUTIVE;18480000;6470000
5732;FEE II_TABLE 6C_ORTHOPEDIC SURGERY;OPD EXECUTIVE;23780000;8320000
5733;FEE II_TABLE 6C_PEDIATRIC SURGERY;OPD EXECUTIVE;21280000;7450000
5734;FEE II_TABLE 6C_PLASTIC SURGERY;OPD EXECUTIVE;20050000;7020000
5735;FEE II_TABLE 6C_UROLOGICAL SURGERY;OPD EXECUTIVE;17200000;6020000
5736;FEE II_TABLE 6C_VASCULAR SURGERY;OPD EXECUTIVE;20770000;7270000
5737;FEE II_TABLE 7A_CARDIAC SURGERY;OPD EXECUTIVE;25440000;8900000
5738;FEE II_TABLE 7A_DENTISTRY;OPD EXECUTIVE;20540000;7190000
5739;FEE II_TABLE 7A_DIGESTIVE SURGERY;OPD EXECUTIVE;18710000;6550000
5740;FEE II_TABLE 7A_ENT / OTORHINOLARYNGOLOGY;OPD EXECUTIVE;20990000;7350000
5741;FEE II_TABLE 7A_NEUROSURGERY;OPD EXECUTIVE;37800000;13230000
5742;FEE II_TABLE 7A_OBSTETRICS AND GYNECOLOGY;OPD EXECUTIVE;19250000;6740000
5743;FEE II_TABLE 7A_ONCOLOGY SURGERY;OPD EXECUTIVE;25550000;8940000
5744;FEE II_TABLE 7A_OPHTHALMOLOGY;OPD EXECUTIVE;20540000;7190000
5745;FEE II_TABLE 7A_ORTHOPEDIC SURGERY;OPD EXECUTIVE;29370000;10280000
5746;FEE II_TABLE 7A_PEDIATRIC SURGERY;OPD EXECUTIVE;22460000;7860000
5747;FEE II_TABLE 7A_PLASTIC SURGERY;OPD EXECUTIVE;22910000;8020000
5748;FEE II_TABLE 7A_UROLOGICAL SURGERY;OPD EXECUTIVE;18920000;6620000
5749;FEE II_TABLE 7A_VASCULAR SURGERY;OPD EXECUTIVE;23890000;8360000
5750;FEE II_TABLE 7B_CARDIAC SURGERY;OPD EXECUTIVE;28340000;9920000
5751;FEE II_TABLE 7B_DENTISTRY;OPD EXECUTIVE;23620000;8270000
5752;FEE II_TABLE 7B_DIGESTIVE SURGERY;OPD EXECUTIVE;19700000;6900000
5753;FEE II_TABLE 7B_ENT / OTORHINOLARYNGOLOGY;OPD EXECUTIVE;22740000;7960000
5754;FEE II_TABLE 7B_NEUROSURGERY;OPD EXECUTIVE;40950000;14330000
5755;FEE II_TABLE 7B_OBSTETRICS AND GYNECOLOGY;OPD EXECUTIVE;20480000;7170000
5756;FEE II_TABLE 7B_ONCOLOGY SURGERY;OPD EXECUTIVE;28740000;10060000
5757;FEE II_TABLE 7B_OPHTHALMOLOGY;OPD EXECUTIVE;22590000;7910000
5758;FEE II_TABLE 7B_ORTHOPEDIC SURGERY;OPD EXECUTIVE;34970000;12240000
5759;FEE II_TABLE 7B_PEDIATRIC SURGERY;OPD EXECUTIVE;23630000;8270000
5760;FEE II_TABLE 7B_PLASTIC SURGERY;OPD EXECUTIVE;25780000;9020000
5761;FEE II_TABLE 7B_UROLOGICAL SURGERY;OPD EXECUTIVE;21780000;7620000
5762;FEE II_TABLE 7B_VASCULAR SURGERY;OPD EXECUTIVE;27000000;9450000
5763;FEE II_TABLE 7C_CARDIAC SURGERY;OPD EXECUTIVE;31260000;10940000
5764;FEE II_TABLE 7C_DENTISTRY;OPD EXECUTIVE;26690000;9340000
5765;FEE II_TABLE 7C_DIGESTIVE SURGERY;OPD EXECUTIVE;21670000;7580000
5766;FEE II_TABLE 7C_ENT / OTORHINOLARYNGOLOGY;OPD EXECUTIVE;23440000;8200000
5767;FEE II_TABLE 7C_NEUROSURGERY;OPD EXECUTIVE;44100000;15440000
5768;FEE II_TABLE 7C_OBSTETRICS AND GYNECOLOGY;OPD EXECUTIVE;21710000;7600000
5769;FEE II_TABLE 7C_ONCOLOGY SURGERY;OPD EXECUTIVE;31940000;11180000
5770;FEE II_TABLE 7C_OPHTHALMOLOGY;OPD EXECUTIVE;23960000;8390000
5771;FEE II_TABLE 7C_ORTHOPEDIC SURGERY;OPD EXECUTIVE;41960000;14690000
5772;FEE II_TABLE 7C_PEDIATRIC SURGERY;OPD EXECUTIVE;26000000;9100000
5773;FEE II_TABLE 7C_PLASTIC SURGERY;OPD EXECUTIVE;28640000;10020000
5774;FEE II_TABLE 7C_UROLOGICAL SURGERY;OPD EXECUTIVE;24650000;8630000
5775;FEE II_TABLE 7C_VASCULAR SURGERY;OPD EXECUTIVE;30120000;10540000
5776;FNAB;OPD EXECUTIVE;757000;0
5777;FNAB USG GUIDED PROCEDURE;OPD EXECUTIVE;1648000;0
5778;FOREIGN BODY REMOVAL;OPD EXECUTIVE;1648000;527000
5779;FOREIGN BODY REMOVAL ;OPD EXECUTIVE;3757000;0
5780;GASTRIC BALLON (INSERTION);OPD EXECUTIVE;11269000;1769000
5781;GASTRIC BALLON (REMOVAL);OPD EXECUTIVE;11269000;1769000
5782;GASTRODUODENOSCOPY AND COLONOSCOPY;OPD EXECUTIVE;11269000;1719000
5783;GASTROSCOPY;OPD EXECUTIVE;7311000;1174000
5784;GASTROSCOPY + BIOPSY;OPD EXECUTIVE;8841000;0
5785;GASTROSCOPY AND COLONOSCOPY ;OPD EXECUTIVE;12379000;1974000
5786;INJECTION FOR VACCINE PROCEDURE ;OPD EXECUTIVE;150000;0
5787;INJECTION INTRAARTICULAR;OPD EXECUTIVE;886000;0
5788;INJECTION TENDER POINT / TRIGGER POINT;OPD EXECUTIVE;842000;0
5789;INSERTION OF NGT / OGT;OPD EXECUTIVE;381000;0
5790;INTRA OSSEUS CATH;OPD EXECUTIVE;871000;0
5791;INTRALESIONAL INJECTION / INJEKSI INTRALESI;OPD EXECUTIVE;506000;0
5792;KIDNEY BIOPSY;OPD EXECUTIVE;5884000;0
5793;KONSULTASI LAKTASI;OPD EXECUTIVE;153000;0
5794;LAVAGE LAUNDRY;OPD EXECUTIVE;627000;0
5795;LYPECTOMY (LYPOMA) Q >10  REGIO > 3;OPD EXECUTIVE;3461000;0
5796;LYPECTOMY (LYPOMA) Q ≤ 10 REGIO ≤ 3;OPD EXECUTIVE;1749000;0
5797;MMSE (MINI MENTAL STATE EXAMINATION);OPD EXECUTIVE;611000;0
5798;NECROTOMY;OPD EXECUTIVE;719000;0
5799;ODC < 3 jam;OPD EXECUTIVE;300000;0
5800;ODC injeksi obat OPD;OPD EXECUTIVE;150000;0
5801;PASANG VENTILATOR;OPD EXECUTIVE;445000;0
5802;PATCH TEST;OPD EXECUTIVE;2012000;0
5803;PEMASANGAN PIGTAIL DENGAN USG GUIDED;OPD EXECUTIVE;3640000;0
5804;PEMASANGAN PIGTAIL TANPA USG GUIDED;OPD EXECUTIVE;2860000;0
5805;PH METRIX;OPD EXECUTIVE;11269000;0
5806;PH METRIX OHMEGA;OPD EXECUTIVE;13148000;0
5807;PHLEBOTOMY PROCEDURE;OPD EXECUTIVE;826000;0
5808;POLIPECTOMY;OPD EXECUTIVE;8978000;1430000
5809;PRICK TEST;OPD EXECUTIVE;2012000;0
5810;PRICK TEST _ 1;OPD EXECUTIVE;1866000;0
5811;PUNKSI ABDOMINAL;OPD EXECUTIVE;1788000;0
5812;PUNKSI SENDI;OPD EXECUTIVE;611000;0
5813;PUSH ENTEROSCOPY;OPD EXECUTIVE;7314000;1206000
5814;READING EEG;OPD EXECUTIVE;150000;0
5815;RECTOSCOPY;OPD EXECUTIVE;1994000;0
5816;REKTOSIGMOIDOSCOPY;OPD EXECUTIVE;5022000;807000
5817;REKTOSIGMOIDOSCOPY + BIOPSY;OPD EXECUTIVE;6676000;0
5818;REMOVE / AFF CVC;OPD EXECUTIVE;719000;0
5819;REMOVE / AFF WSD / CHEST TUBE;OPD EXECUTIVE;1188000;0
5820;RESUCITATION FEE  LESS THAN 1 HOUR(PER HOUR);OPD EXECUTIVE;1089000;0
5821;RESUCITATION FEE  MORE THAN 1 HOUR(PER HOUR);OPD EXECUTIVE;446000;0
5822;RIGHT TO LEFT SHUNT TEST;OPD EXECUTIVE;1070000;0
5823;RUBBER BAND LIGATION;OPD EXECUTIVE;1170000;0
5824;SKLEROTHERAPI;OPD EXECUTIVE;6984000;1143000
5825;SKRINING USG FETOMATERNAL;OPD EXECUTIVE;2183500;0
5826;SPECIALIST HOME VISIT 30 minutes;OPD EXECUTIVE;400000;0
5827;TINDAKAN / BEDAH MINOR A;OPD EXECUTIVE;1428000;0
5828;Tindakan / Bedah Minor B;OPD EXECUTIVE;2142000;0
5829;TINDAKAN CHEMOTHERAPY;OPD EXECUTIVE;1238000;0
5830;TINDAKAN DC SHOCK;OPD EXECUTIVE;566000;0
5831;TOUNGE TIED KLINIK LAKTASI;OPD EXECUTIVE;439000;0
5832;TRACHEOSTOMY;OPD EXECUTIVE;2542000;0
5833;TRACHEOSTOMY REMOVAL OR REPLACE;OPD EXECUTIVE;890000;0
5834;TRANSFORAMINAL BLOCK MULTILEVEL (MULTIPLE);OPD EXECUTIVE;6402000;0
5835;TRANSFORAMINAL BLOCK ONE LEVEL;OPD EXECUTIVE;4783000;0
5836;VENA SECTIE;OPD EXECUTIVE;611000;0
5837;CABG;ED;60000000;0
5838;DOKTER OPERATOR ODONTECTOMY A;ED;4408000;1543000
5839;DOKTER OPERATOR ODONTECTOMY B;ED;4959000;1736000
5840;DOKTER OPERATOR ODONTECTOMY C;ED;5511000;1929000
5841;DOKTER OPERATOR _NEUROSURGERY;ED;46350000;16223000
5842;DOKTER OPERATOR _NEUROSURGERY_1;ED;15450000;5408000
5843;DOKTER OPERATOR _NEUROSURGERY_2;ED;7725000;2704000
5844;DOKTER OPERATOR _TABLE _TARIF I _ 1;ED;1300000;455000
5845;DOKTER OPERATOR _TABLE _TARIF I _ 2;ED;2600000;910000
5846;DOKTER OPERATOR _TABLE _TARIF I _ 3;ED;5400000;1890000
5847;DOKTER OPERATOR _TABLE _TARIF I _ 4;ED;7100000;2485000
5848;DOKTER OPERATOR _TABLE _TARIF I _ 5;ED;10200000;3570000
5849;DOKTER OPERATOR _TABLE _TARIF I _ 6;ED;14500000;5075000
5850;DOKTER OPERATOR _TABLE _TARIF I _ 7;ED;20800000;7280000
5851;DOKTER OPERATOR _TABLE _TARIF  II _1  (SUB SPECIALIST / CONSULTANT / PROFESSOR);ED;1690000;591500
5852;DOKTER OPERATOR _TABLE _TARIF  II _2  (SUB SPECIALIST / CONSULTANT / PROFESSOR);ED;3380000;1183000
5853;DOKTER OPERATOR _TABLE _TARIF  II _3  (SUB SPECIALIST / CONSULTANT / PROFESSOR);ED;7020000;2457000
5854;DOKTER OPERATOR _TABLE _TARIF  II _4  (SUB SPECIALIST / CONSULTANT / PROFESSOR);ED;9230000;3230500
5855;DOKTER OPERATOR _TABLE _TARIF  II _5  (SUB SPECIALIST / CONSULTANT / PROFESSOR);ED;13260000;4641000
5856;DOKTER OPERATOR _TABLE _TARIF  II _6  (SUB SPECIALIST / CONSULTANT / PROFESSOR);ED;18850000;6597500
5857;DOKTER OPERATOR _TABLE _TARIF  II _7  (SUB SPECIALIST / CONSULTANT / PROFESSOR);ED;27040000;9464000
5858;SRG I_Abdomen/Pelvis,Various Lesions,Insertion Of Peritoneal Dialysis Catheter;ED;1950000;690000
5859;SRG I_Abdomen/Pelvis,Various Lesions,Removal Of Peritoneal Dialysis Catheter;ED;1950000;690000
5860;SRG I_Abdominal Cavity,Adhesions,Lysis As Primary Procedure with/without Bowel Resection (Laparoscopy);ED;7650000;2680000
5861;SRG I_Abdominal Cavity,Adhesions,Lysis As Primary Procedure with/without Bowel Resection (Open);ED;5740000;2010000
5862;SRG I_Abdominal Cavity,Multiple Ruptures,Major Repair/Removal;ED;14980000;5250000
5863;SRG I_Abdominal Cavity,Various Lesions,Colostomy/Enterostomy/Gastrostomy (Laparoscopy);ED;10510000;3680000
5864;SRG I_Abdominal Cavity,Various Lesions,Colostomy/Enterostomy/Gastrostomy (Open);ED;7510000;2630000
5865;SRG I_Abdominal Cavity,Various Lesions,Exploratory Laparotomy;ED;5400000;1890000
5866;SRG I_Abdominal Wall,Epigastric/Umbilical Hernia,Repair (Open);ED;4840000;1700000
5867;SRG I_Abdominal Wall,Inguinal Hernia (Infants & Children),Herniotomy (Bilateral);ED;6770000;2380000
5868;SRG I_Abdominal Wall,Inguinal Hernia (Infants & Children),Herniotomy (Unilateral);ED;4840000;1700000
5869;SRG I_Abdominal Wall,Inguinal/Femoral Hernia,Bilateral Herniorrhaphy (Laparoscopy);ED;16230000;5690000
5870;SRG I_Abdominal Wall,Inguinal/Femoral Hernia,Bilateral Herniorrhaphy (Open);ED;11590000;4060000
5871;SRG I_Abdominal Wall,Inguinal/Femoral Hernia,Unilateral Herniorrhaphy (Laparoscopy);ED;11590000;4060000
5872;SRG I_Abdominal Wall,Inguinal/Femoral Hernia,Unilateral Herniorrhaphy (Open);ED;8280000;2900000
5873;SRG I_Abdominal Wall,Strangulated/Obstructed Hernia,Repair with Bowel Resection;ED;12530000;4390000
5874;SRG I_Abdominal Wall,Strangulated/Obstructed Hernia,Repair without Bowel Resection;ED;10130000;3550000
5875;SRG I_Abdominal Wall,Ventral/Incisional/Recurrent Hernia,Repair (Open);ED;11300000;3960000
5876;SRG I_Adenoids,Various Lesions,Removal;ED;4280000;1500000
5877;SRG I_Adrenals,Various Lesions,Biopsy/Excision (Laparoscopy);ED;12860000;4510000
5878;SRG I_Adrenals,Various Lesions,Biopsy/Excision (Open);ED;9180000;3220000
5879;SRG I_Ankle,,Therapeutic Arthroscopy;ED;11330000;3970000
5880;SRG I_Ankle,Ankle Fracture,Bimalleolar ORIF;ED;13500000;4730000
5881;SRG I_Ankle,Ankle Fracture,Unimalleolar ORIF;ED;9000000;3150000
5882;SRG I_Ankle,Dislocation,Open Reduction;ED;6950000;2440000
5883;SRG I_Ankle,Various Lesions,Repair Of Ligaments;ED;6980000;2450000
5884;SRG I_Anus,Fissure,Excision/Lateral Sphincterotomy;ED;3740000;1310000
5885;SRG I_Anus,Fistula-In-Ano (High),Complex And Recurrent Fistulectomy;ED;5540000;1940000
5886;SRG I_Anus,Fistula-In-Ano,Excision/ Fistulectomy;ED;3740000;1310000
5887;SRG I_Anus,Fistula-In-Ano,Insertion Of Seton;ED;5910000;2070000
5888;SRG I_Anus,Hemorrhoids,Hemorrhoidectomy with/without Sigmoidoscopy;ED;4130000;1450000
5889;SRG I_Anus,Hemorrhoids,Laser Haemorrhoidectomy;ED;7750000;2720000
5890;SRG I_Anus,Hemorrhoids,Removal Of External Anal Tags;ED;1860000;660000
5891;SRG I_Anus,Hemorrhoids,Stapled Haemorrhoidectomy;ED;5540000;1940000
5892;SRG I_Anus,Hemorrhoids,Transanal Haemorrhoidal Dearterialization (THD);ED;3600000;1260000
5893;SRG I_Anus,Perineal Abscess,Saucerisation/Drainage;ED;4040000;1420000
5894;SRG I_Anus,Stricture,Dilatation;ED;980000;350000
5895;SRG I_Aorta,,Total Arch Replacement;ED;54080000;18930000
5896;SRG I_Aorta,Aneurysm,Juxtarenal Type;ED;14180000;4970000
5897;SRG I_Aorta,Ruptured Aortic Aneurysm (Thoracic Or Abdominal),Endo-Vascular Aortic Repair;ED;22500000;7880000
5898;SRG I_Aorta,Thoraco-Abdominal Aneurysm,Excision And Insertion Of Graft;ED;54080000;18930000
5899;SRG I_Aortic Dissection,,Endovascular Fenestration;ED;4170000;1460000
5900;SRG I_Aortic Dissection,,Endovascular Stent Graft Repair;ED;16010000;5610000
5901;SRG I_Appendix,Various Lesions/Abscess,Appendicectomy with/without Drainage (Laparoscopy);ED;9180000;3220000
5902;SRG I_Appendix,Various Lesions/Abscess,Appendicectomy with/without Drainage (Open);ED;7360000;2580000
5903;SRG I_Arteriovenous Fistula Graft,,Thrombectomy;ED;6210000;2180000
5904;SRG I_Arteriovenous Fistula,,Angiogram;ED;3000000;1050000
5905;SRG I_Arteriovenous Fistula,,Synthetic Graft;ED;13220000;4630000
5906;SRG I_Artery,Intracranial,Thrombosis,Percutaneous Catheter Directed Thrombolysis/Thrombectomy;ED;39980000;14000000
5907;SRG I_Artery,Various Lesions,Arterio-Venuous Fistula Creation;ED;8240000;2890000
5908;SRG I_Bladder,Calculus,Vesicolithotomy/Litholapaxy/Ultrasonic Lithotripsy;ED;8800000;3080000
5909;SRG I_Bladder,Cystoscopy with/without Biopsy;ED;2330000;820000
5910;SRG I_Bladder,Cystoscopy,Removal Of Foreign Body/Ureteric Stent;ED;2720000;960000
5911;SRG I_Bladder,Cystoscopy,with Endoscopic Resection/Incision Of Bladder Neck;ED;5590000;1960000
5912;SRG I_Bladder,Retention Of Urine,Suprapubic Cystostomy;ED;4400000;1550000
5913;SRG I_Bladder,Various Lesions,Total Radical Cystectomy,For Malignancy (Laparoscopy);ED;17940000;6280000
5914;SRG I_Bladder,Various Lesions,Total Radical Cystectomy,For Malignancy (Open);ED;12830000;4490000
5915;SRG I_Bladder,Vesico-Rectal Fistula,Correction;ED;7650000;2680000
5916;SRG I_Bladder,Vesico-Vaginal Fistula,Correction;ED;13250000;4640000
5917;SRG I_Bladder/Ureter,Cystoscopy,with Ureteric Catheterisation;ED;3310000;1160000
5918;SRG I_Bladder/Urethra,,Transurethral Resection Of Bladder Tumour (<3cm);ED;7460000;2610000
5919;SRG I_Bladder/Urethra,,Transurethral Resection Of Bladder Tumour (>3cm);ED;10700000;3750000
5920;SRG I_Bladder/Urethra,Cystoscopy,with Urethral Dilatation;ED;3310000;1160000
5921;SRG I_Blood Vessels,Subcutaneous Implanted Vascular Port,Insertion;ED;4110000;1440000
5922;SRG I_Blood Vessels,Subcutaneous Implanted Vascular Port,Removal;ED;2210000;780000
5923;SRG I_Bone (Lower Limb),,Grade 1 And 2 Open Fractures/Open Dislocation Or Open Fracture-Dislocation Wound Debridement;ED;3750000;1320000
5924;SRG I_Bone (Lower Limb),Deformities,Corrective Surgery with Internal Fixation with/without Fluoroscopy;ED;12380000;4340000
5925;SRG I_Bone (Lower Limb),Deformities,Corrective Surgery with Osteotomy Alone;ED;10880000;3810000
5926;SRG I_Bone (Lower Limb),Fracture/Dislocation,Manipulation And Kirschner Wire Fixation;ED;7130000;2500000
5927;SRG I_Bone (Upper Limb),Grade 1 And 2 Open Fractures/Open Dislocation Or Open Fracture-Dislocation,Wound Debridement;ED;3750000;1320000
5928;SRG I_Bone And Joints (Lower Limb),,Removal Of Simple Implants (Rush Rods/Wires/K-Wires/Pins/Screws);ED;4800000;1680000
5929;SRG I_Bone And Joints (Lower Limb),Plates And Screws/Nails,Removal;ED;8360000;2930000
5930;SRG I_Bone And Joints (Upper Limb),,Removal Of Simple Implants (Rush Rods/Wires/K-Wires/Pins/Screws);ED;4800000;1680000
5931;SRG I_Bone And Joints (Upper Limb),Plates And Screws,Removal;ED;8360000;2930000
5932;SRG I_Brain,,Deep Brain Stimulation (Unilateral);ED;39980000;14000000
5933;SRG I_Brain,Aneurysm/Arterio-Venous Malformation,Clipping/Excision (Complex);ED;39980000;14000000
5934;SRG I_Brain,Hydrocephalus And Other Lesions,Ventriculoatrial/Ventriculoperitoneal Shunt;ED;39980000;14000000
5935;SRG I_Brain,Hydrocephalus,External Ventricular Drainage (Unilateral);ED;39980000;14000000
5936;SRG I_Brain,Intracerebral Tumor,Biopsy And/Or Decompression/Removal Via Craniotomy (Complex);ED;39980000;14000000
5937;SRG I_Brain,Intracerebral Tumor,Biopsy And/Or Decompression/Removal Via Craniotomy (Simple);ED;39980000;14000000
5938;SRG I_Brain,Intracranial Abscess,Craniectomy And Drainage;ED;39980000;14000000
5939;SRG I_Brain,Intracranial Extracerebral Tumor,Craniotomy/Hemispherectomy;ED;39980000;14000000
5940;SRG I_Breast (Nipple),Various Lesions,Graft And/Or Flap Reconstruction (Bilateral);ED;9800000;3440000
5941;SRG I_Breast (Nipple),Various Lesions,Graft And/Or Flap Reconstruction (Unilateral);ED;7020000;2460000
5942;SRG I_Breast,Gynecomastia,Reduction (Unilateral);ED;4640000;1630000
5943;SRG I_Breast,Lump (Single),Excision Biopsy;ED;3790000;1330000
5944;SRG I_Breast,Lumps (Multiple/Bilateral),Excision Biopsy;ED;5670000;1990000
5945;SRG I_Breast,Post Mastectomy,Reconstruction Using Free Flap (Unilateral);ED;35540000;12440000
5946;SRG I_Breast,Post Mastectomy,Reconstruction Using Pedicled Transverse Rectus Abdominis Musculocutaneous Flap (Bilateral);ED;24920000;8730000
5947;SRG I_Breast,Post Mastectomy,Reconstruction Using Pedicled Transverse Rectus Abdominis Musculocutaneous Flap (Unilateral);ED;20780000;7280000
5948;SRG I_Breast,Tumor (Malignant),Radical Mastectomy with/without Axiliary Clearance;ED;12080000;4230000
5949;SRG I_Breast,Tumor (Malignant),Simple Mastectomy;ED;7280000;2550000
5950;SRG I_Breast,Tumor (Malignant),Simple Mastectomy with Sentinel Node Biopsy/ Axiliary Node Sampling;ED;9750000;3420000
5951;SRG I_Breast,Tumor (Malignant),Wide Excision/ Lumpectomy/Segmental Mastectomy/ Partial Mastectomy;ED;11930000;4180000
5952;SRG I_Breast,Tumor (Malignant),Wide Excision/ Lumpectomy/Segmental Mastectomy/ Partial Mastectomy with Axiliary Clearance with/without Sentinel Node Biopsy;ED;11930000;4180000
5953;SRG I_Breast,Tumor (Malignant),Wide Excision/ Lumpectomy/Segmental Mastectomy/ Partial Mastectomy with Sentinel Node Biopsy/ Axiliary Node Sampling;ED;11930000;4180000
5954;SRG I_Breast,Various Lesions,Subcutaneous Mastectomy Bilateral excluding Gynaecomastia;ED;13890000;4870000
5955;SRG I_Breast,Various Lesions,Subcutaneous Mastectomy Unilateral excluding Gynaecomastia;ED;6950000;2440000
5956;SRG I_Breast,Various Lesions,Trucut Biopsy,Ultrasound Guided Or Stereotactic (Single);ED;1170000;410000
5957;SRG I_Breast,Various Lesions,Wire Localisation,Excision (Multiple);ED;6140000;2150000
5958;SRG I_Bronchus/Lung,,Bronchoscopy with/without Biopsy;ED;4880000;1710000
5959;SRG I_Carpus,Fracture/Dislocation,Open Reduction And Internal Fixation;ED;10880000;3810000
5960;SRG I_Cervical Spine,Various Lesions,Anterior Decompression And Fusion Or Disc Replacement (1 Segment);ED;18750000;6570000
5961;SRG I_Cervical Spine,Various Lesions,Anterior Decompression And Fusion Or Disc Replacement (2 Segments);ED;26250000;9190000
5962;SRG I_Cervical Spine,Various Lesions,Anterior Decompression And Fusion Or Disc Replacement (3 Or More Segments);ED;36750000;12870000
5963;SRG I_Cervical Spine,Various Lesions,Laminoplasty (without Instrumentation);ED;26250000;9190000
5964;SRG I_Cervix,Cancer,Radical Trachelectomy with/without Lymphadenectomy;ED;9180000;3220000
5965;SRG I_Cervix,Cervical Intraepithelial Neoplasia,Cone Biopsy with/without Laser;ED;4050000;1420000
5966;SRG I_Cervix,Polyp,Excision/Erosion (Complicated) Includes D&C with Biopsy;ED;4430000;1550000
5967;SRG I_Cervix,Polyp,Excision/Erosion (Simple) with Biopsy;ED;1250000;440000
5968;SRG I_Cervix,Transcervical Resection (TCR) Polyp (<2cm),Hysteroscopic;ED;3680000;1290000
5969;SRG I_Cervix,Transcervical Resection (TCR) Polyp (>2cm),Hysteroscopic;ED;4860000;1710000
5970;SRG I_Cervix,Transcervical Resection (TCR) Septum,Hysteroscopic;ED;4840000;1700000
5971;SRG I_Cervix,Various Lesions,Colposcopy Ablational/Excisional Treatment (Laser Vapourisation/Loop Electrosurgical Excision Procedure/Laser Excision Of Transformation Zone with Biopsy);ED;4050000;1420000
5972;SRG I_Clavicle,Clavicle Fracture,Delayed Union/Revision And ORIF with/without Bone Grafting;ED;10880000;3810000
5973;SRG I_Clavicle,Clavicle Fracture,Simple;ED;10880000;3810000
5974;SRG I_Colon,,Anterior Resection (Laparoscopy);ED;13950000;4890000
5975;SRG I_Colon,,Anterior Resection (Open);ED;12550000;4400000
5976;SRG I_Colon,Various Lesions,Colostomy;ED;8570000;3000000
5977;SRG I_Colon,Various Lesions,Right/Left Hemicolectomy (Laparoscopy);ED;13490000;4730000
5978;SRG I_Colon,Various Lesions,Right/Left Hemicolectomy (Open);ED;9640000;3380000
5979;SRG I_Conjunctiva,Pterygium,Excision (Bare Sclera);ED;4170000;1460000
5980;SRG I_Creation Of Ileal Neobladder;ED;12830000;4490000
5981;SRG I_Diaphragm,Tumor,Excision;ED;7650000;2680000
5982;SRG I_Diaphragm,Tumor,Excision with Wedge Resection Of Lung;ED;8780000;3080000
5983;SRG I_Digit(s),Nailbed Laceration,Nailbed Grafting;ED;6000000;2100000
5984;SRG I_Ear (Middle),,Cochlear Implant;ED;9180000;3220000
5985;SRG I_Ear (Middle),Abscess/Inflammation,Operation;ED;1780000;630000
5986;SRG I_Ear,Foreign Body,Complex Removal/Excision (Embedded/Large);ED;3140000;1100000
5987;SRG I_Ear,Laceration (Full Thickness),Repair (> 3cm);ED;4860000;1710000
5988;SRG I_Ear,Tympanic Membrane,Perforation,Cauterisation/Diathermy;ED;1170000;410000
5989;SRG I_Ear,Tympanic Membrane,Perforation,Round Window Repair;ED;9680000;3390000
5990;SRG I_Ear,Tympanic Membrane,Unilateral Myringotomy with Tube;ED;3750000;1320000
5991;SRG I_Ear,Tympanic Membrane,Unilateral Myringotomy without Tube;ED;2700000;950000
5992;SRG I_Ear,Various Lesions,Myringoplasty (Simple);ED;4260000;1500000
5993;SRG I_Ear,Various Lesions,Ossicular Chain Reconstruction with/without Myringoplasty;ED;6130000;2150000
5994;SRG I_Elbow,,Therapeutic Arthroscopy;ED;11330000;3970000
5995;SRG I_Elbow,Coronoid Fracture,ORIF;ED;10880000;3810000
5996;SRG I_Elbow,Dislocation,Ligament Repair (Complex,with/without Implant);ED;9900000;3470000
5997;SRG I_Elbow,Dislocation,Ligament Repair (Single);ED;6980000;2450000
5998;SRG I_Elbow,Fracture/ Dislocation,Repair Of Ligaments/ ORIF;ED;10880000;3810000
5999;SRG I_Elbow,Fracture/Dislocation,Open Reduction And Internal Fixation (ORIF);ED;10880000;3810000
6000;SRG I_Elbow,Tennis Elbow,Release;ED;3380000;1190000
6001;SRG I_Eyelids,Simple Laceration,Repair;ED;1880000;660000
6002;SRG I_Eyelids,Various Lesions,Upper Blepharoplasty (Unilateral);ED;11310000;3960000
6003;SRG I_Fallopian Tube,,Removal Of Ectopic Gestation;ED;5940000;2080000
6004;SRG I_Fallopian Tube,,Sterilization (Laparoscopy);ED;4880000;1710000
6005;SRG I_Fallopian Tube,Completed Family,Division/Ligation;ED;3680000;1290000
6006;SRG I_Fallopian Tube/Uterus/Ovary,,Therapeutic Laparoscopy;ED;9600000;3360000
6007;SRG I_Femur,Fracture (Complex Intra-Articular),Open Reduction And Internal Fixation (ORIF) with Plate And Screws;ED;14140000;4950000
6008;SRG I_Femur,Fracture (Intercondylar),Open Reduction And Internal Fixation (ORIF);ED;12530000;4390000
6009;SRG I_Femur,Fracture (Single Condylar),Open Reduction And Internal Fixation (ORIF);ED;10880000;3810000
6010;SRG I_Femur,Fracture,Open Reduction And Internal Fixation (ORIF) with Plate And Screws;ED;11250000;3940000
6011;SRG I_Finger,Defect/Contracture (Multiple),Reconstruction;ED;9380000;3290000
6012;SRG I_Finger,Defect/Contracture (Single),Reconstruction;ED;6190000;2170000
6013;SRG I_Finger,Syndactyly (Multiple),Separation;ED;13500000;4730000
6014;SRG I_Finger,Syndactyly (Single),Correction;ED;7500000;2630000
6015;SRG I_Finger,Various Lesions,Amputation (Multiple);ED;5250000;1840000
6016;SRG I_Finger,Various Lesions,Amputation (Single);ED;3750000;1320000
6017;SRG I_Foot,,Achilles Tendon Reconstruction;ED;10650000;3730000
6018;SRG I_Foot,Congenital Talipes Equinovarus (CTEV),Bilateral Release;ED;12750000;4470000
6019;SRG I_Foot,Congenital Talipes Equinovarus (CTEV),Medial Release;ED;6130000;2150000
6020;SRG I_Foot,Crush Injuries (Complex),Wound Debridement;ED;4840000;1700000
6021;SRG I_Foot,Crush Injuries (Simple),Wound Debridement;ED;3000000;1050000
6022;SRG I_Foot,Fractures,Open Reduction And Internal Fixation (Complex/Multiple Including Talus And Calcaneum);ED;11250000;3940000
6023;SRG I_Foot,Hallux Valgus/Hammer Toe,Proximal Osteotomy with/without Soft Tissue Reconstruction;ED;10880000;3810000
6024;SRG I_Gallbladder,Various Lesions,Cholecystectomy (Laparoscopy);ED;12510000;4380000
6025;SRG I_Gallbladder,Various Lesions,Cholecystectomy (Open);ED;9000000;3150000
6026;SRG I_Gallbladder,Various Lesions,Cholecystectomy And Repair Of Cholecysto-Enteric/ Cholecysto-Choledochal Fistula (Laparoscopy);ED;16800000;5880000
6027;SRG I_Gallbladder,Various Lesions,Cholecystectomy And Repair Of Cholecysto-Enteric/ Cholecysto-Choledochal Fistula (Open);ED;12000000;4200000
6028;SRG I_Gallbladder,Various Lesions,Cholecystectomy/Choledochotomy/Common Bile Duct Exploration with Choledocho-Duodenostomy (Laparoscopy);ED;15230000;5330000
6029;SRG I_Gallbladder,Various Lesions,Cholecystectomy/Choledochotomy/Common Bile Duct Exploration with Choledocho-Duodenostomy (Open);ED;10880000;3810000
6030;SRG I_Genital Tract,Cancer,Staging Under General Anesthesia (Includes Cystoscopy/Dilatation & Curettage/Biopsy);ED;2340000;820000
6031;SRG I_Genital,Fournier Gangrene,Debridement;ED;5330000;1870000
6032;SRG I_Hand,Closed Fracture,ORIF (Multiple) Non-Joint;ED;16310000;5710000
6033;SRG I_Hand,Closed Fracture,ORIF with K-Wire/Cerclage Wire Fixation;ED;7130000;2500000
6034;SRG I_Hand,Closed Fracture,ORIF/Plate And Screws (Single) Joint/Non-Joint;ED;10880000;3810000
6035;SRG I_Hand,Crush Injuries (Complex),Wound Debridement;ED;5330000;1870000
6036;SRG I_Hand,Crush Injuries (Simple),Wound Debridement;ED;3000000;1050000
6037;SRG I_Hand,Flexor Tendon,Trigger Finger (Multiple) Release;ED;6750000;2370000
6038;SRG I_Hand,Flexor Tendon,Trigger Finger (Single) Release;ED;3380000;1190000
6039;SRG I_Hand,Fractures/Dislocation,Open Reduction And Internal Fixation (Multiple);ED;16310000;5710000
6040;SRG I_Hand,Open Fracture,Debridement And ORIF (Single) Joint;ED;10880000;3810000
6041;SRG I_Hip,Various Lesions,Hemi-Arthroplasty;ED;13580000;4760000
6042;SRG I_Hip,Various Lesions,Primary Total Joint Replacement (Lap/MIS/Navigated);ED;19010000;6660000
6043;SRG I_Hip,Various Lesions,Primary Total Joint Replacement (Open);ED;18000000;6300000
6044;SRG I_Hip,Various Lesions,Primary Total Joint Replacement with Augmentation Requiring Extra Implants Or Bone Grafts (Open);ED;23400000;8190000
6045;SRG I_Hip,Various Lesions,Revision Hemi-Arthroplasty;ED;17650000;6180000
6046;SRG I_Hip,Various Lesions,Revision Total Joint Replacement (MIS/Laparoscopy);ED;32760000;11470000
6047;SRG I_Hip,Various Lesions,Revision Total Joint Replacement (Open);ED;23400000;8190000
6048;SRG I_Hip/Knee,Therapeutic Arthroscopy,with/without Synovectomy/Labral Repair/FAI Resection For Hip;ED;11330000;3970000
6049;SRG I_Humerus,Proximal Humerus Or Supracondylar Fracture,ORIF;ED;10880000;3810000
6050;SRG I_Joints (Finger),Various Lesions,Replacement Arthroplasty;ED;13890000;4870000
6051;SRG I_Joints (Lower Limb),Loose Bodies,Removal;ED;7060000;2480000
6052;SRG I_Joints (Upper Limb),Vascular Injury,Major Vascular Reconstruction/Anastomosis/Graft;ED;13890000;4870000
6053;SRG I_Joints,Arthroscopy,Diagnostic;ED;5960000;2090000
6054;SRG I_Kidney,,Renovascular Reconstruction;ED;12510000;4380000
6055;SRG I_Kidney,Blocked Nephrostomy Tube,Change;ED;1950000;690000
6056;SRG I_Kidney,Calculus,Extra Corporeal Shockwave Lithotripsy (ESWL);ED;7650000;2680000
6057;SRG I_Kidney,Calculus,Nephrolithotomy/Pyelolithotomy;ED;8390000;2940000
6058;SRG I_Kidney,Calculus,Percutaneous Nephrolithotomy Or Percutaneous Nephrostolithotomy (PCNL);ED;14180000;4970000
6059;SRG I_Kidney,Cyst,Imaging Guided Percutaneous Aspiration;ED;8800000;3080000
6060;SRG I_Kidney,Cyst,Sclerosing And Percutaneous Drainage;ED;7650000;2680000
6061;SRG I_Kidney,Cyst,Unroofing/Deroofing;ED;5330000;1870000
6062;SRG I_Kidney,Cyst,Unroofing/Deroofing (Laparoscopy);ED;7650000;2680000
6063;SRG I_Kidney,Pyonephrosis,Drainage (Open);ED;6650000;2330000
6064;SRG I_Kidney,Staghorn Calculus,Nephrolithotomy Or Percutaneous Nephrostolithotomy (PCNL);ED;13250000;4640000
6065;SRG I_Kidney,Staghorn Calculus,Percutaneous Nephrostolithotomy (PCNL) Laser;ED;17940000;6280000
6066;SRG I_Kidney,Various Lesion,Robotic Renal Biopsy;ED;8800000;3080000
6067;SRG I_Kidney,Various Lesions,Biopsy (Closed);ED;4050000;1420000
6068;SRG I_Kidney,Various Lesions,Partial Nephrectomy (Laparoscopy);ED;21220000;7430000
6069;SRG I_Kidney,Various Lesions,Radical Nephrectomy (Laparoscopy);ED;17940000;6280000
6070;SRG I_Kidney,Various Lesions,Simple Nephrectomy (Laparoscopy);ED;12510000;4380000
6071;SRG I_Kidney/Ureter,,Pyeloplasty (Unilateral - Open/Laparoscopy);ED;8800000;3080000
6072;SRG I_Kidney/Ureter,,Retrograde Intrarenal Surgery Or RIRS Using Flexible Ureteroscopy (Diagnostic);ED;6120000;2150000
6073;SRG I_Kidney/Ureter,,Retrograde Intrarenal Surgery Or RIRS Using Flexible Ureteroscopy (Therapeutic - e.g. Lithotripsy And/Or Basket Extraction Of Stones);ED;12510000;4380000
6074;SRG I_Knee Ligaments,Disruption,Reconstruction And Repair;ED;14250000;4990000
6075;SRG I_Knee,Arthroscopy,Knee Ligament Reconstruction (1 Or More);ED;12000000;4200000
6076;SRG I_Knee,Ligaments/Meniscus/Cartilage/Bone Combined,ACL Or PCL Reconstruction (MIS/Laparoscopy);ED;18000000;6300000
6077;SRG I_Knee,Ligaments/Meniscus/Cartilage/Bone Combined,Ligament Reconstruction with Meniscal Repair (Laparoscopy);ED;18000000;6300000
6078;SRG I_Knee,Meniscus/Cartilage,Meniscal Repair (Laparoscopy);ED;14060000;4930000
6079;SRG I_Knee,Various Lesions,Meniscectomy with/without Arthroscopy;ED;11330000;3970000
6080;SRG I_Knee,Various Lesions,Primary Total Joint Replacement (Unilateral - Open);ED;15000000;5250000
6081;SRG I_Knee,Various Lesions,Primary Total Joint Replacement (Unilateral) (Lap/MIS/Navigated);ED;21000000;7350000
6082;SRG I_Knee,Various Lesions,Primary Total Joint Replacement (Unilateral) with Augmentation Requiring Extra Implants Or Bone Grafts (Open);ED;19500000;6830000
6083;SRG I_Knee,Various Lesions,Revision Total Joint Replacement (MIS/Laparoscopy);ED;27300000;9560000
6084;SRG I_Knee,Various Lesions,Revision Total Joint Replacement (Open);ED;19500000;6830000
6085;SRG I_Laparotomy Debulking (Advanced Disease,Primary/Recurrent);ED;10880000;3810000
6086;SRG I_Laryngoscopy with Removal Of Tumour/Lesions,,Laryngoscopy with Removal Of Tumour/Lesions;ED;8400000;2940000
6087;SRG I_Larynx And Pharynx,Various Lesions,Laser Application;ED;6700000;2350000
6088;SRG I_Larynx,,Laryngectomy with Bilateral Neck Dissection;ED;13260000;4650000
6089;SRG I_Larynx,Various Lesions,Hemi/Partial Laryngectomy;ED;13260000;4650000
6090;SRG I_Larynx,Various Lesions,Hemi/Partial Laryngectomy with Radical Neck Dissection;ED;15000000;5250000
6091;SRG I_Lens,,Complicated Cataract Extraction with Intraocular Lens Implant (Capsular Tension Ring/Capsular Tension Segment);ED;5690000;1990000
6092;SRG I_Lens,Cataract,Extraction with Intra-Ocular Lens Implant (Unilateral);ED;6800000;2380000
6093;SRG I_Lens,Cataract,Extraction with Intra-Ocular Lens Implant And Trabeculectomy with/without Antimetabolites;ED;6800000;2380000
6094;SRG I_Liver,Abscess,Trans-Abdominal Drainage (Laparoscopy);ED;7460000;2610000
6095;SRG I_Liver,Abscess,Trans-Abdominal Drainage (Open);ED;5330000;1870000
6096;SRG I_Lower Limb,Ischemia,Fasciotomy;ED;6980000;2450000
6097;SRG I_Lung,Various Lesions,Pneumonectomy/Lobectomy/Segmental Resection;ED;15600000;5460000
6098;SRG I_Lung,Various Lesions,Repeat/Multiple/Complex Resections;ED;13220000;4630000
6099;SRG I_Lung,Various Lesions,Wedge Resection;ED;11220000;3930000
6100;SRG I_Lymph Node (Axillary),Various Lesions,Sentinel LN Biopsy Only;ED;4860000;1710000
6101;SRG I_Lymph Node (Cervical),,Radical with Flap Reconstruction;ED;19130000;6700000
6102;SRG I_Lymph Node (Cervical),Various Lesions,Biopsy;ED;2420000;850000
6103;SRG I_Lymph Node (Cervical),Various Lesions,Neck Dissection (Bilateral 3 Or Less Levels);ED;9730000;3410000
6104;SRG I_Lymph Node (Cervical),Various Lesions,Neck Dissection (Unilateral 1-3 Levels);ED;7680000;2690000
6105;SRG I_Lymph Node (Cervical),Various Lesions,Radical Neck Dissection;ED;13500000;4730000
6106;SRG I_Lymph Node (Cervical),Various Lessions,Biopsy;ED;3780000;1330000
6107;SRG I_Lymph Node (Inguinal),Various Lesions,Limited Excision;ED;4860000;1710000
6108;SRG I_Lymph Node (Inguinal),Various Lesions,Radical Excision;ED;6390000;2240000
6109;SRG I_Lymph Node (Pelvic) Dissection,,Dissection (Open);ED;9320000;3270000
6110;SRG I_Lymph Node (Pelvic),,Dissection (Laparoscopy);ED;13050000;4570000
6111;SRG I_Lymph Node (Retropharyngeal),,Neck Dissection (Open/Transoral);ED;10400000;3640000
6112;SRG I_Lymph Node (Single),Various Lesions,Excision Biopsy (Laparoscopy);ED;5220000;1830000
6113;SRG I_Lymph Node (Single),Various Lesions,Excision Biopsy (Open);ED;3730000;1310000
6114;SRG I_Lymph Node,Various Lesions,Biopsy;ED;3620000;1270000
6115;SRG I_Maxilla,Alveolar Cleft (Unilateral Complete),Bone Graft And Closure Of Naso Buccal Fistula;ED;9000000;3150000
6116;SRG I_Maxilla,Fracture - Lefort II (Complex),Open Reduction And Fixation;ED;10500000;3680000
6117;SRG I_Maxilla,Various Lesions,Ostectomy/Osteotomy (>1 Segment);ED;10500000;3680000
6118;SRG I_Maxilla,Various Lesions,Resection/Hemimaxillectomy (Open Or Endoscopic Method);ED;9000000;3150000
6119;SRG I_Mouth,Cleft Lip,Unilateral Primary Repair;ED;5330000;1870000
6120;SRG I_Mouth,Tumor,Radical Excision Biopsy with Resection Of Mandible And Lymph Nodes And Reconstruction;ED;15600000;5460000
6121;SRG I_Mucous Membrane,Tumor/Cyst/Ulcer/Scar,Excision;ED;2330000;820000
6122;SRG I_Nerve (Upper Limb),Carpal Tunnel Syndrome,Release with Endoneurolysis (Bilateral);ED;18430000;6450000
6123;SRG I_Nerve (Upper Limb),Carpal Tunnel Syndrome,Release with Endoneurolysis (Unilateral);ED;12590000;4410000
6124;SRG I_Nerve (Upper Limb),Entrapment Syndrome (Others),Decompression (Unilateral);ED;11590000;4060000
6125;SRG I_Nerve (Upper Limb),Guyon's Tunnel Syndrome,Release (Unilateral);ED;11590000;4060000
6126;SRG I_Nerve Root (Cervical),,Block (Injection Of Anaesthetic - Therapeutic Substance) (>1 level);ED;13330000;4670000
6127;SRG I_Nerve Root (Lumbar/Thoracic),,Block (Injection Of Anaesthetic - Therapeutic Substance) (1 level);ED;13330000;4670000
6128;SRG I_Nose,Hematoma/Abscess,Evacuation/Incision & Drainage;ED;2700000;950000
6129;SRG I_Nose,Various Lesions (Turbinates),Turbinectomy/Turbinoplasty/Submucous Resection (with/without Endoscopes);ED;6030000;2120000
6130;SRG I_Nose,Various Lesions,Septoplasty/Submucous Resection;ED;7500000;2630000
6131;SRG I_Ovary,Malignant Tumor/Cyst,Total Hysterectomy Bilateral Salpingo-Oophorectomy with Omentectomy,Surgical Staging with/without Lymphadenectomy (Laparoscopy);ED;16280000;5700000
6132;SRG I_Ovary,Malignant Tumor/Cyst,Total Hysterectomy Bilateral Salpingo-Oophorectomy with Omentectomy,Surgical Staging with/without Lymphadenectomy (Open);ED;11630000;4070000
6133;SRG I_Ovary,Tumor/Cyst,Cystectomy (Complicated >5cm - Laparoscopy);ED;9770000;3420000
6134;SRG I_Ovary,Tumor/Cyst,Cystectomy (Complicated >5cm);ED;6980000;2450000
6135;SRG I_Ovary,Tumor/Cyst,Cystectomy (Simple <5cm - Laparoscopy);ED;8720000;3060000
6136;SRG I_Ovary,Tumor/Cyst,Cystectomy (Simple <5cm);ED;6230000;2180000
6137;SRG I_Ovary,Tumor/Cyst,Oophorectomy/Salpingo-Oophorectomy (Complicated);ED;8400000;2940000
6138;SRG I_Ovary,Tumor/Cyst,Oophorectomy/Salpingo-Oophorectomy (Simple);ED;6260000;2190000
6139;SRG I_Paravertebral Region,Block,Anaesthetic (>2 levels);ED;13330000;4670000
6140;SRG I_Parotid,,Total Parotidectomy with/without Preservation Of Facial Nerve;ED;14180000;4970000
6141;SRG I_Parotid,Tumor,Superficial Parotidectomy;ED;9180000;3220000
6142;SRG I_Pelvis,Fracture,Fixation Of Anterior And Posterior Ring;ED;16130000;5650000
6143;SRG I_Penis,,Dorsumcision;ED;3650000;1280000
6144;SRG I_Penis,,V. Spermatika Interna Ligation (Microsurgery);ED;7650000;2680000
6145;SRG I_Penis,Buried Penis,Buried Penis Surgery;ED;5330000;1870000
6146;SRG I_Penis,Congenital Organ Abnormality,Webbed Penis Excision;ED;5330000;1870000
6147;SRG I_Penis,Glanular Hypospadias,Meatoplasty And Circumcision;ED;3650000;1280000
6148;SRG I_Penis,Hypospadias,Correction Of Chordee;ED;6260000;2200000
6149;SRG I_Penis,Hypospadias,Urethral Reconstruction;ED;9980000;3500000
6150;SRG I_Penis,Hypospadias,Urethral Reconstruction & Correction Of Chordee;ED;12510000;4380000
6151;SRG I_Penis,Paraphimosis/Phimosis/Reduction Prepuce,Circumcision;ED;3650000;1280000
6152;SRG I_Penis,Penoscrotal Transposition,Reconstruction;ED;12510000;4380000
6153;SRG I_Penis,Priapism,Priapism Operation (Winter Procedure);ED;5330000;1870000
6154;SRG I_Penis,Trauma,Reconstruction (1st Stage);ED;10560000;3700000
6155;SRG I_Penis,Trauma,Reconstruction (2nd Stage);ED;10560000;3700000
6156;SRG I_Penis,Various Lesions,Insertion Of Penile Prosthesis;ED;12510000;4380000
6157;SRG I_Peripheral Nerve,Block,Anaesthetic (Up To 2 Nerves);ED;11590000;4060000
6158;SRG I_Prostate Gland,,Simple Prostatectomy (Laparoscopy);ED;11760000;4120000
6159;SRG I_Prostate Gland,,Simple Prostatectomy (Open);ED;8400000;2940000
6160;SRG I_Prostate Gland,Various Lesions,Biporal Transurethral Resection Of Prostate (Bipolar Turp);ED;10880000;3810000
6161;SRG I_Prostate Gland,Various Lesions,Open Prostatectomy And Sectio Alta;ED;5330000;1870000
6162;SRG I_Prostate Gland,Various Lesions,Radical Prostatectomy (Laparoscopy);ED;19000000;6650000
6163;SRG I_Prostate Gland,Various Lesions,Radical Prostatectomy (Open);ED;13570000;4750000
6164;SRG I_Prostate Gland,Various Lesions,Saturation Prostate Biopsy;ED;3620000;1270000
6165;SRG I_Prostate Gland,Various Lesions,Trans-Rectal Ultrasound (TRUS);ED;1950000;690000
6166;SRG I_Prostate Gland,Various Lesions,Trans-Rectal Ultrasound (TRUS) Guided Biopsy;ED;1950000;690000
6167;SRG I_Prostate Gland,Various Lesions,Transurethral Resection Of Prostate (TURP) >30gm;ED;9300000;3260000
6168;SRG I_Radius And Ulna,Fracture/Dislocation,Open Reduction And Internal Fixation with/without Bone Grafting;ED;10880000;3810000
6169;SRG I_Rectum,,Ultra-Low Anterior Resection (Total Mesorectal Excision) with/without PLND;ED;12550000;4400000
6170;SRG I_Scrotum,Hydrocele/Varicocele (Unilateral),Excision;ED;4850000;1700000
6171;SRG I_Scrotum,Varicocele,Varicocelectomy (Palomo);ED;4050000;1420000
6172;SRG I_Shoulder Fracture/Dislocation,,Open Reduction And Internal Fixation (3 Or More Part Fracture);ED;10880000;3810000
6173;SRG I_Shoulder,,Acromioclavicular Joint Stabilisation/Reconstruction;ED;10880000;3810000
6174;SRG I_Shoulder,,Therapeutic Arthroscopy;ED;15000000;5250000
6175;SRG I_Shoulder,Shoulder Soft Tissue Injury,Decompression Alone (Open/Laparoscopy);ED;14060000;4930000
6176;SRG I_Shoulder,Shoulder Soft Tissue Injury,Decompression with Cuff Repair (Open/Laparoscopy);ED;15750000;5520000
6177;SRG I_Shoulder,Shoulder Soft Tissue Injury,MIS Repair With Superior Labrum From Anterior To Posterior (Slap) Repair/Rotator Cuff Repair;ED;18000000;6300000
6178;SRG I_Shoulder,Shoulder Soft Tissue Injury,Open Bankart Repair With Superior Labrum From Anterior To Posterior (Slap) Repair/Rotator Cuff Repair;ED;13890000;4870000
6179;SRG I_Shoulder,Various Lesions,Hemiarthroplasty;ED;12510000;4380000
6180;SRG I_Sinuses,Nasal,Foreign Body/Other Lesions,Intranasal Operation/Removal Of Foreign Body;ED;4050000;1420000
6181;SRG I_Sinuses,Nasal,Infection,Functional Sinuscopic Drainage Of Ethmoidal/ Maxillary Sinuses;ED;8400000;2940000
6182;SRG I_Sinuses,Nasal,Infection,Functional Sinuscopic Ethmoidectomy (Bilateral);ED;10470000;3670000
6183;SRG I_Sinuses,Nasal,Infection,Functional Sinuscopic Ethmoidectomy (Unilateral);ED;7490000;2620000
6184;SRG I_Skin And Subcutaneous Tissue (Ear/Nose/Eyelid/Face),Complex Lacerations,Repair;ED;5440000;1910000
6185;SRG I_Skin And Subcutaneous Tissue (Face And Neck),Scar (>3cm),Revision;ED;3730000;1310000
6186;SRG I_Skin And Subcutaneous Tissue,Burns,Escharotomy (Extensive);ED;1950000;690000
6187;SRG I_Skin And Subcutaneous Tissue,Burns,Escharotomy (Limited);ED;980000;350000
6188;SRG I_Skin And Subcutaneous Tissue,Deep (>3cm)/Extensive Contaminated Wound,Debridement;ED;4850000;1700000
6189;SRG I_Skin And Subcutaneous Tissue,Defect,Direct Flap (Cross Finger/Similar Flaps);ED;7910000;2770000
6190;SRG I_Skin And Subcutaneous Tissue,Defect,Single Stage Local Flap (Complicated/Large);ED;10160000;3560000
6191;SRG I_Skin And Subcutaneous Tissue,Hematoma/Carbuncle Cellulitis/Similar Lesion>3cm,Saucerisation/Incision with Drainage;ED;3240000;1140000
6192;SRG I_Skin And Subcutaneous Tissue,Sinus (Shallow<3cm),Excision with/without Biopsy;ED;1130000;400000
6193;SRG I_Skin And Subcutaneous Tissue,Tumor/Cyst/Ulcer/Scar,Excision Biopsy  (> 15mm diameter);ED;1950000;690000
6194;SRG I_Skin And Subcutaneous Tissue,Wound,Debridement (<3cm);ED;1090000;390000
6195;SRG I_Skin,Burns (2% To 5%),Excision;ED;3180000;1120000
6196;SRG I_Skin,Burns (More Than 10%),Dressing;ED;3740000;1310000
6197;SRG I_Skin,Keratoses/Warts/Tags/Similar Lesions,Excision (6 - 10 Lesions);ED;1950000;690000
6198;SRG I_Skin,Keratoses/Warts/Tags/Similar Lesions,Excision (More Than10 Lesions);ED;4050000;1420000
6199;SRG I_Skin,Keratoses/Warts/Tags/Similar Lesions,Excision (Not More Than 5 Lesions);ED;980000;350000
6200;SRG I_Skin,Plantar Wart,Excision Or Vaporisation By Laser;ED;980000;350000
6201;SRG I_Skull,Intracranial Hemorrhage,Osteoplastic Craniotomy/Extensive Craniectomy (Unilateral);ED;39980000;14000000
6202;SRG I_Soft Tissue (Lower Limb),Contracture,Major Release;ED;7650000;2680000
6203;SRG I_Soft Tissue (Lower Limb),Contracture,Minor Release;ED;4050000;1420000
6204;SRG I_Soft Tissue (Lower Limb),Small Tumors (Benign),Excision Biopsy Under General Anesthesia;ED;2480000;870000
6205;SRG I_Soft Tissue (Lower Limb),Tumors (Benign),Wide Excision Biopsy;ED;6110000;2140000
6206;SRG I_Soft Tissue (Upper Limb),Tumors (Benign),Major Excision Biopsy;ED;6110000;2140000
6207;SRG I_Soft Tissue (Upper Limb),Tumors (Malignant),Wide Excision Biopsy;ED;7800000;2730000
6208;SRG I_Soft Tissue,Tumor (Malignant),Wide Excision Biopsy <7cm Other Than Upper/Lower Limbs;ED;4850000;1700000
6209;SRG I_Spermatic Cord,Spermatocele/Epididymal Cyst,Excision;ED;4850000;1700000
6210;SRG I_Spine (exclude Cervical Spine),Various Lesions,Interbody Fusion (Single Segment) with Anterior/Posterior Instrumentation;ED;27000000;9450000
6211;SRG I_Spine,,Facet Joint Block (Injection Of Anaesthetic Or Therapeutic Substance) up to 3 Joints;ED;11590000;4060000
6212;SRG I_Spine,,Removal Of Spine Implants without Other Procedures (Anterior Approach);ED;13890000;4870000
6213;SRG I_Spine,,Vertebroplasty Or Kyphoplasty (Multiple Levels);ED;20030000;7010000
6214;SRG I_Spine,,Vertebroplasty Or Kyphoplasty (Single Level);ED;13350000;4680000
6215;SRG I_Spine,Fracture-Dislocation,Open Reduction And Stabilisation;ED;18540000;6490000
6216;SRG I_Spine,Infection,Posterior Drainage,Debridement And Removal Of Implants,without Fusion Or Other Procedures;ED;13890000;4870000
6217;SRG I_Spine,Percutaneous Disc Ablation,2 Or More Levels (Intradiscal Electrothermal Annuloplasty/IDET);ED;16310000;5710000
6218;SRG I_Spine,Percutaneous Disc Ablation,Single Level (Intradiscal Electrothermal Annuloplasty/IDET);ED;10880000;3810000
6219;SRG I_Spine,Syringomyelia,Laminectomy And Drainage;ED;18540000;6490000
6220;SRG I_Spleen,Trauma,Splenectomy;ED;10280000;3600000
6221;SRG I_Spleen,Various Non-Traumatic Lesions,Splenectomy (Open);ED;8400000;2940000
6222;SRG I_Tendon Sheath (Upper Limb),De Quervain's (Bilateral),Release;ED;9300000;3260000
6223;SRG I_Tendon Sheath (Upper Limb),De Quervain's (Unilateral),Release;ED;6980000;2450000
6224;SRG I_Tendon Sheath (Upper Limb),Ganglion/Villo-Nodular Synovitis,Excision;ED;4520000;1590000
6225;SRG I_Tendon Sheath And Subcutaneous Tissue,Ganglion/Large Bursa,Excision Biopsy (>3cm) ;ED;4050000;1420000
6226;SRG I_Tendon Sheath And Subcutaneous Tissue,Ganglion/Small Bursa,Excision Biopsy (<3cm) ;ED;3690000;1300000
6227;SRG I_Tendon-Achilles (Lower Limb),Disruption,Repair;ED;7500000;2630000
6228;SRG I_Testis,Inguinal,Hydrocele,High Ligation Surgery;ED;5330000;1870000
6229;SRG I_Testis,Undescended/Ectopic (Bilateral),Orchidopexy/Transplantation with Hernia Repair;ED;9370000;3280000
6230;SRG I_Testis,Undescended/Ectopic (Unilateral),Orchidopexy/Transplantation with Hernia Repair;ED;6690000;2350000
6231;SRG I_Testis,Variocoele,Spermatic Vein Embolisation;ED;5670000;1990000
6232;SRG I_Testis,Various Lesions,Exploration/Repair;ED;2680000;940000
6233;SRG I_Testis,Various Lesions,Orchidectomy (Simple - Laparoscopy);ED;10180000;3570000
6234;SRG I_Testis,Various Lesions,Orchidectomy (Simple);ED;7270000;2550000
6235;SRG I_Thorax,,Decortication (Laparoscopy);ED;16110000;5640000
6236;SRG I_Thorax,Effusion/Fluid/Abscess Collection,Imaging Guided Percutaneous Aspiration/Diagnostic Tap;ED;4300000;1510000
6237;SRG I_Thorax,Pleural Effusion,Aspiration;ED;1420000;500000
6238;SRG I_Thorax,Pleural Effusion,Biopsy;ED;1780000;630000
6239;SRG I_Thorax,Tumor (Mediastinal),Complex Resection;ED;16650000;5830000
6240;SRG I_Thorax,Tumor (Mediastinal),Resection;ED;13220000;4630000
6241;SRG I_Thorax,Various Lesions,Intercostal Drain (Insertion without Resection Of Rib);ED;5390000;1890000
6242;SRG I_Thorax,Various Lesions,Thoracotomy (Exploration) with/without Biopsy;ED;7640000;2680000
6243;SRG I_Thyroglossal Duct,Cyst Fistula,Excision;ED;4550000;1600000
6244;SRG I_Thyroid,Various Lesions,Hemithyroidectomy/Partial Thyroidectomy;ED;10190000;3570000
6245;SRG I_Thyroid,Various Lesions,Total/Subtotal Thyroidectomy;ED;10240000;3590000
6246;SRG I_Thyroid,Various Lesions,Total/Subtotal Thyroidectomy with Neck Dissection (Unilateral);ED;20370000;7130000
6247;SRG I_Tibia,Fracture,Open Reduction And Internal Fixation with Plates And Screws (Comminuted);ED;14140000;4950000
6248;SRG I_Tibia,Fracture,Open Reduction and Internal Fixation with Plates And Screws (Simple);ED;10880000;3810000
6249;SRG I_Tibia,Tibial Plateau,Tibia Plateau Unicondylar ORIF;ED;10880000;3810000
6250;SRG I_Tongue,Tumor,Glossectomy with Radical Neck Dissection;ED;10880000;3810000
6251;SRG I_Tongue,Tumor,Hemi-Glossectomy;ED;5330000;1870000
6252;SRG I_Tongue,Tumor,Total Glossectomy;ED;6000000;2100000
6253;SRG I_Tonsils,Abscess,Drainage;ED;980000;350000
6254;SRG I_Tonsils,Various Lesions,Removal;ED;4980000;1750000
6255;SRG I_Trachea,Tracheostomy,Revision And Reinsertion;ED;6500000;2280000
6256;SRG I_Trachea,Various Lesions,Trachea Reconstruction;ED;10100000;3540000
6257;SRG I_Trachea,Various Lesions,Tracheostomy;ED;4700000;1650000
6258;SRG I_Upper Limb,Fracture/Dislocation,Manipulation And Reduction;ED;3000000;1050000
6259;SRG I_Ureter,,Anastomosis End To End Ureter;ED;6120000;2150000
6260;SRG I_Ureter,,Cystoscopy And Insertion Of Double J Stent;ED;6120000;2150000
6261;SRG I_Ureter,,Extra Corporeal Shockwave Lithotripsy (ESWL) For Ureteric Stone;ED;7650000;2680000
6262;SRG I_Ureter,,Ureteroscopy;ED;4850000;1700000
6263;SRG I_Ureter,Calculus,Ureteroscopy And Lithotripsy with/without Ultrasound;ED;8800000;3080000
6264;SRG I_Ureter,Calculus,Ureteroscopy And Lithotripsy with/without Ultrasound (Laser);ED;12510000;4380000
6265;SRG I_Ureter,Various Lesions,Intestinal Conduit;ED;11870000;4160000
6266;SRG I_Ureter,Various Lesions,Reimplantation (Bilateral);ED;12510000;4380000
6267;SRG I_Ureter,Various Lesions,Reimplantation (Unilateral);ED;8800000;3080000
6268;SRG I_Ureter,Various Lesions,Reimplantation,Laparoscopy (Unilateral);ED;12510000;4380000
6269;SRG I_Ureter,Various Lesions,Ureterotomy/Insertion Of Double J Stent;ED;6480000;2270000
6270;SRG I_Urethra,,Ureteroscopy;ED;4050000;1420000
6271;SRG I_Urethra,Hypospadias,Meatoplasty;ED;2240000;790000
6272;SRG I_Urethra,Injury,Repair/Urethroplasty Of Anterior Urethra;ED;6480000;2270000
6273;SRG I_Urethra,Meatal Stenosis,Meatotomy;ED;2330000;820000
6274;SRG I_Urethra,Various Lesions,Sachse Internal Urethrotomy;ED;8800000;3080000
6275;SRG I_Urethra,Various Lesions,Staged Urethroplasty (Each Stage);ED;8800000;3080000
6276;SRG I_Uterus,,Sub-Total/Total Hysterectomy with/without Salpingo-Oophorectomy;ED;10130000;3550000
6277;SRG I_Uterus,Endometriosis,Hysterectomy with Salpingo-Oophorectomy;ED;10880000;3810000
6278;SRG I_Uterus,Endometriosis,Hysterectomy without Salpingo-Oophorectomy;ED;7650000;2680000
6279;SRG I_Uterus,Fibroids,Myomectomy (Complicated >5cm/Multiple >2/Challenging Location);ED;9600000;3360000
6280;SRG I_Uterus,Fibroids,Myomectomy (Simple <5cm - Laparoscopy);ED;11080000;3880000
6281;SRG I_Uterus,Fibroids,Myomectomy (Simple <5cm - Open);ED;7910000;2770000
6282;SRG I_Uterus,Malignant Condition,Radical Hysterectomy with/without Lymphadenectomy;ED;11920000;4180000
6283;SRG I_Uterus,Malignant Condition,Radical Hysterectomy with/without Lymphadenectomy (Laparoscopy);ED;16680000;5840000
6284;SRG I_Uterus,Malignant Condition,Total Hysterectomy with/without Salpingo-Oophorectomy with/without Lymph Node Dissection (Open);ED;10880000;3810000
6285;SRG I_Uterus,Pregnancy And Multiparity,Uncomplicated Caesarean Section And Tubal Ligation;ED;7150000;2510000
6286;SRG I_Uterus,Pregnancy,Caesarean Section with Hysterectomy;ED;12130000;4250000
6287;SRG I_Uterus,Pregnancy,Uncomplicated Caesarean Section;ED;5950000;2090000
6288;SRG I_Uterus,Various Lesions,Curettage with/without Dilatation;ED;1950000;690000
6289;SRG I_Uterus/Cervix,Hysteroscopy,Diagnostic with General Anesthesia;ED;2190000;770000
6290;SRG I_Vas Deferens,,Vasovasostomy;ED;8800000;3080000
6291;SRG I_Vas Deferens,Various Lesions,Varicocelectomy (Microsurgical);ED;8800000;3080000
6292;SRG I_Vas Deferens,Various Lesions,Vasectomy;ED;3620000;1270000
6293;SRG I_Vein,Arterio-Venous Fistula,Dissection And Ligation;ED;2130000;750000
6294;SRG I_Vein,Bleeding Varicosities/Vascular Malformation,Image Guided Sclerotherapy Injection;ED;6430000;2250000
6295;SRG I_Vein,Varicosity,High Ligation And Complete Stripping/Excision Of Long/Long And Short Saphenous Vein;ED;7990000;2800000
6296;SRG I_Vulva,Abscess,Incision;ED;1860000;660000
6297;SRG I_Vulva,Bartholin Cyst,Incision/Marsupialization with/without Use Of Laser;ED;1860000;660000
6298;SRG I_Vulva,Malignant Condition,Radical Vulvectomy With Groin Dissection And With Or Without Skin Flap Closure;ED;17060000;5980000
6299;SRG I_Wrist,Distal Or Radial Ulnar Joint (DRUJ) Instability,Complex Ligament Reconstruction;ED;13890000;4870000
6300;SRG I_Wrist,Distal Radius Fracture,Open Reduction And Internal Fixation (ORIF) with Ulnar Head/Styloid Fixation/Tfcc Repair;ED;10880000;3810000
6301;SRG II_Abdomen/Pelvis,Various Lesions,Insertion Of Peritoneal Dialysis Catheter;ED;2540000;890000
6302;SRG II_Abdomen/Pelvis,Various Lesions,Removal Of Peritoneal Dialysis Catheter;ED;2540000;890000
6303;SRG II_Abdominal Cavity,Adhesions,Lysis As Primary Procedure with/without Bowel Resection (Laparoscopy);ED;9950000;3480000
6304;SRG II_Abdominal Cavity,Adhesions,Lysis As Primary Procedure with/without Bowel Resection (Open);ED;7460000;2610000
6305;SRG II_Abdominal Cavity,Multiple Ruptures,Major Repair/Removal;ED;19470000;6810000
6306;SRG II_Abdominal Cavity,Various Lesions,Colostomy/Enterostomy/Gastrostomy (Laparoscopy);ED;13660000;4780000
6307;SRG II_Abdominal Cavity,Various Lesions,Colostomy/Enterostomy/Gastrostomy (Open);ED;9760000;3420000
6308;SRG II_Abdominal Cavity,Various Lesions,Exploratory Laparotomy;ED;7020000;2460000
6309;SRG II_Abdominal Wall,Epigastric/Umbilical Hernia,Repair (Open);ED;6290000;2200000
6310;SRG II_Abdominal Wall,Inguinal Hernia (Infants & Children),Herniotomy (Bilateral);ED;8810000;3080000
6311;SRG II_Abdominal Wall,Inguinal Hernia (Infants & Children),Herniotomy (Unilateral);ED;6290000;2200000
6312;SRG II_Abdominal Wall,Inguinal/Femoral Hernia,Bilateral Herniorrhaphy (Laparoscopy);ED;21100000;7380000
6313;SRG II_Abdominal Wall,Inguinal/Femoral Hernia,Bilateral Herniorrhaphy (Open);ED;15070000;5270000
6314;SRG II_Abdominal Wall,Inguinal/Femoral Hernia,Unilateral Herniorrhaphy (Laparoscopy);ED;15070000;5270000
6315;SRG II_Abdominal Wall,Inguinal/Femoral Hernia,Unilateral Herniorrhaphy (Open);ED;10760000;3770000
6316;SRG II_Abdominal Wall,Strangulated/Obstructed Hernia,Repair with Bowel Resection;ED;16280000;5700000
6317;SRG II_Abdominal Wall,Strangulated/Obstructed Hernia,Repair without Bowel Resection;ED;13160000;4610000
6318;SRG II_Abdominal Wall,Ventral/Incisional/Recurrent Hernia,Repair (Open);ED;14690000;5140000
6319;SRG II_Adenoids,Various Lesions,Removal;ED;5560000;1950000
6320;SRG II_Adrenals,Various Lesions,Biopsy/Excision (Laparoscopy);ED;16720000;5850000
6321;SRG II_Adrenals,Various Lesions,Biopsy/Excision (Open);ED;11930000;4180000
6322;SRG II_Ankle,,Therapeutic Arthroscopy;ED;14720000;5150000
6323;SRG II_Ankle,Ankle Fracture,Bimalleolar ORIF;ED;17550000;6140000
6324;SRG II_Ankle,Ankle Fracture,Unimalleolar ORIF;ED;11700000;4100000
6325;SRG II_Ankle,Dislocation,Open Reduction;ED;9030000;3160000
6326;SRG II_Ankle,Various Lesions,Repair Of Ligaments;ED;9070000;3170000
6327;SRG II_Anus,Fissure,Excision/Lateral Sphincterotomy;ED;4860000;1700000
6328;SRG II_Anus,Fistula-In-Ano (High),Complex And Recurrent Fistulectomy;ED;7200000;2520000
6329;SRG II_Anus,Fistula-In-Ano,Excision/ Fistulectomy;ED;4860000;1700000
6330;SRG II_Anus,Fistula-In-Ano,Insertion Of Seton;ED;7680000;2690000
6331;SRG II_Anus,Hemorrhoids,Hemorrhoidectomy with/without Sigmoidoscopy;ED;5360000;1880000
6332;SRG II_Anus,Hemorrhoids,Laser Haemorrhoidectomy;ED;10070000;3530000
6333;SRG II_Anus,Hemorrhoids,Removal Of External Anal Tags;ED;2420000;850000
6334;SRG II_Anus,Hemorrhoids,Stapled Haemorrhoidectomy;ED;7200000;2520000
6335;SRG II_Anus,Hemorrhoids,Transanal Haemorrhoidal Dearterialization (THD);ED;4680000;1640000
6336;SRG II_Anus,Perineal Abscess,Saucerisation/Drainage;ED;5260000;1840000
6337;SRG II_Anus,Stricture,Dilatation;ED;1270000;440000
6338;SRG II_Aorta,,Total Arch Replacement;ED;70300000;24600000
6339;SRG II_Aorta,Aneurysm,Juxtarenal Type;ED;18440000;6450000
6340;SRG II_Aorta,Ruptured Aortic Aneurysm (Thoracic Or Abdominal),Endo-Vascular Aortic Repair;ED;29250000;10240000
6341;SRG II_Aorta,Thoraco-Abdominal Aneurysm,Excision And Insertion Of Graft;ED;70300000;24600000
6342;SRG II_Aortic Dissection,,Endovascular Fenestration;ED;5420000;1900000
6343;SRG II_Aortic Dissection,,Endovascular Stent Graft Repair;ED;20820000;7290000
6344;SRG II_Appendix,Various Lesions/Abscess,Appendicectomy with/without Drainage (Laparoscopy);ED;11930000;4180000
6345;SRG II_Appendix,Various Lesions/Abscess,Appendicectomy with/without Drainage (Open);ED;9560000;3350000
6346;SRG II_Arteriovenous Fistula Graft,,Thrombectomy;ED;8070000;2830000
6347;SRG II_Arteriovenous Fistula,,Angiogram;ED;3900000;1370000
6348;SRG II_Arteriovenous Fistula,,Synthetic Graft;ED;17190000;6020000
6349;SRG II_Artery,Intracranial,Thrombosis,Percutaneous Catheter Directed Thrombolysis/Thrombectomy;ED;51980000;18190000
6350;SRG II_Artery,Various Lesions,Arterio-Venuous Fistula Creation;ED;10710000;3750000
6351;SRG II_Bladder,Calculus,Vesicolithotomy/Litholapaxy/Ultrasonic Lithotripsy;ED;11440000;4000000
6352;SRG II_Bladder,Cystoscopy with/without Biopsy;ED;3020000;1060000
6353;SRG II_Bladder,Cystoscopy,Removal Of Foreign Body/Ureteric Stent;ED;3530000;1240000
6354;SRG II_Bladder,Cystoscopy,with Endoscopic Resection/Incision Of Bladder Neck;ED;7260000;2540000
6355;SRG II_Bladder,Retention Of Urine,Suprapubic Cystostomy;ED;5720000;2000000
6356;SRG II_Bladder,Various Lesions,Total Radical Cystectomy,For Malignancy (Laparoscopy);ED;23320000;8160000
6357;SRG II_Bladder,Various Lesions,Total Radical Cystectomy,For Malignancy (Open);ED;16670000;5840000
6358;SRG II_Bladder,Vesico-Rectal Fistula,Correction;ED;9950000;3480000
6359;SRG II_Bladder,Vesico-Vaginal Fistula,Correction;ED;17220000;6030000
6360;SRG II_Bladder/Ureter,Cystoscopy,with Ureteric Catheterisation;ED;4300000;1500000
6361;SRG II_Bladder/Urethra,,Transurethral Resection Of Bladder Tumour (<3cm);ED;9690000;3390000
6362;SRG II_Bladder/Urethra,,Transurethral Resection Of Bladder Tumour (>3cm);ED;13900000;4870000
6363;SRG II_Bladder/Urethra,Cystoscopy,with Urethral Dilatation;ED;4300000;1500000
6364;SRG II_Blood Vessels,Subcutaneous Implanted Vascular Port,Insertion;ED;5340000;1870000
6365;SRG II_Blood Vessels,Subcutaneous Implanted Vascular Port,Removal;ED;2880000;1010000
6366;SRG II_Bone (Lower Limb),,Grade 1 And 2 Open Fractures/Open Dislocation Or Open Fracture-Dislocation Wound Debridement;ED;4880000;1710000
6367;SRG II_Bone (Lower Limb),Deformities,Corrective Surgery with Internal Fixation with/without Fluoroscopy;ED;16090000;5630000
6368;SRG II_Bone (Lower Limb),Deformities,Corrective Surgery with Osteotomy Alone;ED;14140000;4950000
6369;SRG II_Bone (Lower Limb),Fracture/Dislocation,Manipulation And Kirschner Wire Fixation;ED;9260000;3240000
6370;SRG II_Bone (Upper Limb),Grade 1 And 2 Open Fractures/Open Dislocation Or Open Fracture-Dislocation,Wound Debridement;ED;4880000;1710000
6371;SRG II_Bone And Joints (Lower Limb),,Removal Of Simple Implants (Rush Rods/Wires/K-Wires/Pins/Screws);ED;6240000;2180000
6372;SRG II_Bone And Joints (Lower Limb),Plates And Screws/Nails,Removal;ED;10860000;3800000
6373;SRG II_Bone And Joints (Upper Limb),,Removal Of Simple Implants (Rush Rods/Wires/K-Wires/Pins/Screws);ED;6240000;2180000
6374;SRG II_Bone And Joints (Upper Limb),Plates And Screws,Removal;ED;10860000;3800000
6375;SRG II_Brain,,Deep Brain Stimulation (Unilateral);ED;51980000;18190000
6376;SRG II_Brain,Aneurysm/Arterio-Venous Malformation,Clipping/Excision (Complex);ED;51980000;18190000
6377;SRG II_Brain,Hydrocephalus And Other Lesions,Ventriculoatrial/Ventriculoperitoneal Shunt;ED;51980000;18190000
6378;SRG II_Brain,Hydrocephalus,External Ventricular Drainage (Unilateral);ED;51980000;18190000
6379;SRG II_Brain,Intracerebral Tumor,Biopsy And/Or Decompression/Removal Via Craniotomy (Complex);ED;51980000;18190000
6380;SRG II_Brain,Intracerebral Tumor,Biopsy And/Or Decompression/Removal Via Craniotomy (Simple);ED;51980000;18190000
6381;SRG II_Brain,Intracranial Abscess,Craniectomy And Drainage;ED;51980000;18190000
6382;SRG II_Brain,Intracranial Extracerebral Tumor,Craniotomy/Hemispherectomy;ED;51980000;18190000
6383;SRG II_Breast (Nipple),Various Lesions,Graft And/Or Flap Reconstruction (Bilateral);ED;12740000;4460000
6384;SRG II_Breast (Nipple),Various Lesions,Graft And/Or Flap Reconstruction (Unilateral);ED;9130000;3190000
6385;SRG II_Breast,Gynecomastia,Reduction (Unilateral);ED;6030000;2110000
6386;SRG II_Breast,Lump (Single),Excision Biopsy;ED;4920000;1720000
6387;SRG II_Breast,Lumps (Multiple/Bilateral),Excision Biopsy;ED;7370000;2580000
6388;SRG II_Breast,Post Mastectomy,Reconstruction Using Free Flap (Unilateral);ED;46200000;16170000
6389;SRG II_Breast,Post Mastectomy,Reconstruction Using Pedicled Transverse Rectus Abdominis Musculocutaneous Flap (Bilateral);ED;32390000;11340000
6390;SRG II_Breast,Post Mastectomy,Reconstruction Using Pedicled Transverse Rectus Abdominis Musculocutaneous Flap (Unilateral);ED;27020000;9460000
6391;SRG II_Breast,Tumor (Malignant),Radical Mastectomy with/without Axiliary Clearance;ED;15710000;5500000
6392;SRG II_Breast,Tumor (Malignant),Simple Mastectomy;ED;9460000;3310000
6393;SRG II_Breast,Tumor (Malignant),Simple Mastectomy with Sentinel Node Biopsy/ Axiliary Node Sampling;ED;12680000;4440000
6394;SRG II_Breast,Tumor (Malignant),Wide Excision/ Lumpectomy/Segmental Mastectomy/ Partial Mastectomy;ED;15500000;5430000
6395;SRG II_Breast,Tumor (Malignant),Wide Excision/ Lumpectomy/Segmental Mastectomy/ Partial Mastectomy with Axiliary Clearance with/without Sentinel Node Biopsy;ED;15500000;5430000
6396;SRG II_Breast,Tumor (Malignant),Wide Excision/ Lumpectomy/Segmental Mastectomy/ Partial Mastectomy with Sentinel Node Biopsy/ Axiliary Node Sampling;ED;15500000;5430000
6397;SRG II_Breast,Various Lesions,Subcutaneous Mastectomy Bilateral excluding Gynaecomastia;ED;18060000;6320000
6398;SRG II_Breast,Various Lesions,Subcutaneous Mastectomy Unilateral excluding Gynaecomastia;ED;9030000;3160000
6399;SRG II_Breast,Various Lesions,Trucut Biopsy,Ultrasound Guided Or Stereotactic (Single);ED;1520000;530000
6400;SRG II_Breast,Various Lesions,Wire Localisation,Excision (Multiple);ED;7990000;2790000
6401;SRG II_Bronchus/Lung,,Bronchoscopy with/without Biopsy;ED;6350000;2220000
6402;SRG II_Carpus,Fracture/Dislocation,Open Reduction And Internal Fixation;ED;14140000;4950000
6403;SRG II_Cervical Spine,Various Lesions,Anterior Decompression And Fusion Or Disc Replacement (1 Segment);ED;24380000;8530000
6404;SRG II_Cervical Spine,Various Lesions,Anterior Decompression And Fusion Or Disc Replacement (2 Segments);ED;34130000;11940000
6405;SRG II_Cervical Spine,Various Lesions,Anterior Decompression And Fusion Or Disc Replacement (3 Or More Segments);ED;47780000;16720000
6406;SRG II_Cervical Spine,Various Lesions,Laminoplasty (without Instrumentation);ED;34130000;11940000
6407;SRG II_Cervix,Cancer,Radical Trachelectomy with/without Lymphadenectomy;ED;11930000;4180000
6408;SRG II_Cervix,Cervical Intraepithelial Neoplasia,Cone Biopsy with/without Laser;ED;5270000;1840000
6409;SRG II_Cervix,Polyp,Excision/Erosion (Complicated) Includes D&C with Biopsy;ED;5750000;2010000
6410;SRG II_Cervix,Polyp,Excision/Erosion (Simple) with Biopsy;ED;1630000;570000
6411;SRG II_Cervix,Transcervical Resection (TCR) Polyp (<2cm),Hysteroscopic;ED;4780000;1670000
6412;SRG II_Cervix,Transcervical Resection (TCR) Polyp (>2cm),Hysteroscopic;ED;6320000;2210000
6413;SRG II_Cervix,Transcervical Resection (TCR) Septum,Hysteroscopic;ED;6290000;2200000
6414;SRG II_Cervix,Various Lesions,Colposcopy Ablational/Excisional Treatment (Laser Vapourisation/Loop Electrosurgical Excision Procedure/Laser Excision Of Transformation Zone with Biopsy);ED;5270000;1840000
6415;SRG II_Clavicle,Clavicle Fracture,Delayed Union/Revision And ORIF with/without Bone Grafting;ED;14140000;4950000
6416;SRG II_Clavicle,Clavicle Fracture,Simple;ED;14140000;4950000
6417;SRG II_Colon,,Anterior Resection (Laparoscopy);ED;18140000;6350000
6418;SRG II_Colon,,Anterior Resection (Open);ED;16310000;5710000
6419;SRG II_Colon,Various Lesions,Colostomy;ED;11130000;3900000
6420;SRG II_Colon,Various Lesions,Right/Left Hemicolectomy (Laparoscopy);ED;17540000;6140000
6421;SRG II_Colon,Various Lesions,Right/Left Hemicolectomy (Open);ED;12530000;4390000
6422;SRG II_Conjunctiva,Pterygium,Excision (Bare Sclera);ED;5420000;1900000
6423;SRG II_Creation Of Ileal Neobladder;ED;16670000;5840000
6424;SRG II_Diaphragm,Tumor,Excision;ED;9950000;3480000
6425;SRG II_Diaphragm,Tumor,Excision with Wedge Resection Of Lung;ED;11420000;4000000
6426;SRG II_Digit(s),Nailbed Laceration,Nailbed Grafting;ED;7800000;2730000
6427;SRG II_Ear (Middle),,Cochlear Implant;ED;11930000;4180000
6428;SRG II_Ear (Middle),Abscess/Inflammation,Operation;ED;2310000;810000
6429;SRG II_Ear,Foreign Body,Complex Removal/Excision (Embedded/Large);ED;4080000;1430000
6430;SRG II_Ear,Laceration (Full Thickness),Repair (> 3cm);ED;6320000;2210000
6431;SRG II_Ear,Tympanic Membrane,Perforation,Cauterisation/Diathermy;ED;1520000;530000
6432;SRG II_Ear,Tympanic Membrane,Perforation,Round Window Repair;ED;12580000;4400000
6433;SRG II_Ear,Tympanic Membrane,Unilateral Myringotomy with Tube;ED;4880000;1710000
6434;SRG II_Ear,Tympanic Membrane,Unilateral Myringotomy without Tube;ED;3510000;1230000
6435;SRG II_Ear,Various Lesions,Myringoplasty (Simple);ED;5540000;1940000
6436;SRG II_Ear,Various Lesions,Ossicular Chain Reconstruction with/without Myringoplasty;ED;7970000;2790000
6437;SRG II_Elbow,,Therapeutic Arthroscopy;ED;14720000;5150000
6438;SRG II_Elbow,Coronoid Fracture,ORIF;ED;14140000;4950000
6439;SRG II_Elbow,Dislocation,Ligament Repair (Complex,with/without Implant);ED;12870000;4500000
6440;SRG II_Elbow,Dislocation,Ligament Repair (Single);ED;9070000;3170000
6441;SRG II_Elbow,Fracture/ Dislocation,Repair Of Ligaments/ ORIF;ED;14140000;4950000
6442;SRG II_Elbow,Fracture/Dislocation,Open Reduction And Internal Fixation (ORIF);ED;14140000;4950000
6443;SRG II_Elbow,Tennis Elbow,Release;ED;4390000;1540000
6444;SRG II_Eyelids,Simple Laceration,Repair;ED;2440000;850000
6445;SRG II_Eyelids,Various Lesions,Upper Blepharoplasty (Unilateral);ED;14700000;5150000
6446;SRG II_Fallopian Tube,,Removal Of Ectopic Gestation;ED;7720000;2700000
6447;SRG II_Fallopian Tube,,Sterilization (Laparoscopy);ED;6350000;2220000
6448;SRG II_Fallopian Tube,Completed Family,Division/Ligation;ED;4780000;1670000
6449;SRG II_Fallopian Tube/Uterus/Ovary,,Therapeutic Laparoscopy;ED;12480000;4370000
6450;SRG II_Femur,Fracture (Complex Intra-Articular),Open Reduction And Internal Fixation (ORIF) with Plate And Screws;ED;18380000;6430000
6451;SRG II_Femur,Fracture (Intercondylar),Open Reduction And Internal Fixation (ORIF);ED;16280000;5700000
6452;SRG II_Femur,Fracture (Single Condylar),Open Reduction And Internal Fixation (ORIF);ED;14140000;4950000
6453;SRG II_Femur,Fracture,Open Reduction And Internal Fixation (ORIF) with Plate And Screws;ED;14630000;5120000
6454;SRG II_Finger,Defect/Contracture (Multiple),Reconstruction;ED;12190000;4270000
6455;SRG II_Finger,Defect/Contracture (Single),Reconstruction;ED;8040000;2820000
6456;SRG II_Finger,Syndactyly (Multiple),Separation;ED;17550000;6140000
6457;SRG II_Finger,Syndactyly (Single),Correction;ED;9750000;3410000
6458;SRG II_Finger,Various Lesions,Amputation (Multiple);ED;6830000;2390000
6459;SRG II_Finger,Various Lesions,Amputation (Single);ED;4880000;1710000
6460;SRG II_Foot,,Achilles Tendon Reconstruction;ED;13850000;4850000
6461;SRG II_Foot,Congenital Talipes Equinovarus (CTEV),Bilateral Release;ED;16580000;5800000
6462;SRG II_Foot,Congenital Talipes Equinovarus (CTEV),Medial Release;ED;7970000;2790000
6463;SRG II_Foot,Crush Injuries (Complex),Wound Debridement;ED;6290000;2200000
6464;SRG II_Foot,Crush Injuries (Simple),Wound Debridement;ED;3900000;1370000
6465;SRG II_Foot,Fractures,Open Reduction And Internal Fixation (Complex/Multiple Including Talus And Calcaneum);ED;14630000;5120000
6466;SRG II_Foot,Hallux Valgus/Hammer Toe,Proximal Osteotomy with/without Soft Tissue Reconstruction;ED;14140000;4950000
6467;SRG II_Gallbladder,Various Lesions,Cholecystectomy (Laparoscopy);ED;16260000;5690000
6468;SRG II_Gallbladder,Various Lesions,Cholecystectomy (Open);ED;11700000;4100000
6469;SRG II_Gallbladder,Various Lesions,Cholecystectomy And Repair Of Cholecysto-Enteric/ Cholecysto-Choledochal Fistula (Laparoscopy);ED;21840000;7640000
6470;SRG II_Gallbladder,Various Lesions,Cholecystectomy And Repair Of Cholecysto-Enteric/ Cholecysto-Choledochal Fistula (Open);ED;15600000;5460000
6471;SRG II_Gallbladder,Various Lesions,Cholecystectomy/Choledochotomy/Common Bile Duct Exploration with Choledocho-Duodenostomy (Laparoscopy);ED;19790000;6930000
6472;SRG II_Gallbladder,Various Lesions,Cholecystectomy/Choledochotomy/Common Bile Duct Exploration with Choledocho-Duodenostomy (Open);ED;14140000;4950000
6473;SRG II_Genital Tract,Cancer,Staging Under General Anesthesia (Includes Cystoscopy/Dilatation & Curettage/Biopsy);ED;3040000;1060000
6474;SRG II_Genital,Fournier Gangrene,Debridement;ED;6920000;2420000
6475;SRG II_Hand,Closed Fracture,ORIF (Multiple) Non-Joint;ED;21210000;7420000
6476;SRG II_Hand,Closed Fracture,ORIF with K-Wire/Cerclage Wire Fixation;ED;9260000;3240000
6477;SRG II_Hand,Closed Fracture,ORIF/Plate And Screws (Single) Joint/Non-Joint;ED;14140000;4950000
6478;SRG II_Hand,Crush Injuries (Complex),Wound Debridement;ED;6920000;2420000
6479;SRG II_Hand,Crush Injuries (Simple),Wound Debridement;ED;3900000;1370000
6480;SRG II_Hand,Flexor Tendon,Trigger Finger (Multiple) Release;ED;8780000;3070000
6481;SRG II_Hand,Flexor Tendon,Trigger Finger (Single) Release;ED;4390000;1540000
6482;SRG II_Hand,Fractures/Dislocation,Open Reduction And Internal Fixation (Multiple);ED;21210000;7420000
6483;SRG II_Hand,Open Fracture,Debridement And ORIF (Single) Joint;ED;14140000;4950000
6484;SRG II_Hip,Various Lesions,Hemi-Arthroplasty;ED;17650000;6180000
6485;SRG II_Hip,Various Lesions,Primary Total Joint Replacement (Lap/MIS/Navigated);ED;24710000;8650000
6486;SRG II_Hip,Various Lesions,Primary Total Joint Replacement (Open);ED;23400000;8190000
6487;SRG II_Hip,Various Lesions,Primary Total Joint Replacement with Augmentation Requiring Extra Implants Or Bone Grafts (Open);ED;30420000;10650000
6488;SRG II_Hip,Various Lesions,Revision Hemi-Arthroplasty;ED;22940000;8030000
6489;SRG II_Hip,Various Lesions,Revision Total Joint Replacement (MIS/Laparoscopy);ED;42590000;14910000
6490;SRG II_Hip,Various Lesions,Revision Total Joint Replacement (Open);ED;30420000;10650000
6491;SRG II_Hip/Knee,Therapeutic Arthroscopy,with/without Synovectomy/Labral Repair/FAI Resection For Hip;ED;14720000;5150000
6492;SRG II_Humerus,Proximal Humerus Or Supracondylar Fracture,ORIF;ED;14140000;4950000
6493;SRG II_Joints (Finger),Various Lesions,Replacement Arthroplasty;ED;18060000;6320000
6494;SRG II_Joints (Lower Limb),Loose Bodies,Removal;ED;9170000;3210000
6495;SRG II_Joints (Upper Limb),Vascular Injury,Major Vascular Reconstruction/Anastomosis/Graft;ED;18060000;6320000
6496;SRG II_Joints,Arthroscopy,Diagnostic;ED;7750000;2710000
6497;SRG II_Kidney,,Renovascular Reconstruction;ED;16260000;5690000
6498;SRG II_Kidney,Blocked Nephrostomy Tube,Change;ED;2540000;890000
6499;SRG II_Kidney,Calculus,Extra Corporeal Shockwave Lithotripsy (ESWL);ED;9950000;3480000
6500;SRG II_Kidney,Calculus,Nephrolithotomy/Pyelolithotomy;ED;10900000;3820000
6501;SRG II_Kidney,Calculus,Percutaneous Nephrolithotomy Or Percutaneous Nephrostolithotomy (PCNL);ED;18440000;6450000
6502;SRG II_Kidney,Cyst,Imaging Guided Percutaneous Aspiration;ED;11440000;4000000
6503;SRG II_Kidney,Cyst,Sclerosing And Percutaneous Drainage;ED;9950000;3480000
6504;SRG II_Kidney,Cyst,Unroofing/Deroofing;ED;6920000;2420000
6505;SRG II_Kidney,Cyst,Unroofing/Deroofing (Laparoscopy);ED;9950000;3480000
6506;SRG II_Kidney,Pyonephrosis,Drainage (Open);ED;8650000;3030000
6507;SRG II_Kidney,Staghorn Calculus,Nephrolithotomy Or Percutaneous Nephrostolithotomy (PCNL);ED;17220000;6030000
6508;SRG II_Kidney,Staghorn Calculus,Percutaneous Nephrostolithotomy (PCNL) Laser;ED;23320000;8160000
6509;SRG II_Kidney,Various Lesion,Robotic Renal Biopsy;ED;11440000;4000000
6510;SRG II_Kidney,Various Lesions,Biopsy (Closed);ED;5270000;1840000
6511;SRG II_Kidney,Various Lesions,Partial Nephrectomy (Laparoscopy);ED;27580000;9650000
6512;SRG II_Kidney,Various Lesions,Radical Nephrectomy (Laparoscopy);ED;23320000;8160000
6513;SRG II_Kidney,Various Lesions,Simple Nephrectomy (Laparoscopy);ED;16260000;5690000
6514;SRG II_Kidney/Ureter,,Pyeloplasty (Unilateral - Open/Laparoscopy);ED;11440000;4000000
6515;SRG II_Kidney/Ureter,,Retrograde Intrarenal Surgery Or RIRS Using Flexible Ureteroscopy (Diagnostic);ED;7960000;2790000
6516;SRG II_Kidney/Ureter,,Retrograde Intrarenal Surgery Or RIRS Using Flexible Ureteroscopy (Therapeutic - e.g. Lithotripsy And/Or Basket Extraction Of Stones);ED;16260000;5690000
6517;SRG II_Knee Ligaments,Disruption,Reconstruction And Repair;ED;18530000;6480000
6518;SRG II_Knee,Arthroscopy,Knee Ligament Reconstruction (1 Or More);ED;15600000;5460000
6519;SRG II_Knee,Ligaments/Meniscus/Cartilage/Bone Combined,ACL Or PCL Reconstruction (MIS/Laparoscopy);ED;23400000;8190000
6520;SRG II_Knee,Ligaments/Meniscus/Cartilage/Bone Combined,Ligament Reconstruction with Meniscal Repair (Laparoscopy);ED;23400000;8190000
6521;SRG II_Knee,Meniscus/Cartilage,Meniscal Repair (Laparoscopy);ED;18280000;6400000
6522;SRG II_Knee,Various Lesions,Meniscectomy with/without Arthroscopy;ED;14720000;5150000
6523;SRG II_Knee,Various Lesions,Primary Total Joint Replacement (Unilateral - Open);ED;19500000;6830000
6524;SRG II_Knee,Various Lesions,Primary Total Joint Replacement (Unilateral) (Lap/MIS/Navigated);ED;27300000;9560000
6525;SRG II_Knee,Various Lesions,Primary Total Joint Replacement (Unilateral) with Augmentation Requiring Extra Implants Or Bone Grafts (Open);ED;25350000;8870000
6526;SRG II_Knee,Various Lesions,Revision Total Joint Replacement (MIS/Laparoscopy);ED;35490000;12420000
6527;SRG II_Knee,Various Lesions,Revision Total Joint Replacement (Open);ED;25350000;8870000
6528;SRG II_Laparotomy Debulking (Advanced Disease,Primary/Recurrent);ED;14140000;4950000
6529;SRG II_Laryngoscopy with Removal Of Tumour/Lesions,,Laryngoscopy with Removal Of Tumour/Lesions;ED;10920000;3820000
6530;SRG II_Larynx And Pharynx,Various Lesions,Laser Application;ED;8710000;3050000
6531;SRG II_Larynx,,Laryngectomy with Bilateral Neck Dissection;ED;17240000;6030000
6532;SRG II_Larynx,Various Lesions,Hemi/Partial Laryngectomy;ED;17240000;6030000
6533;SRG II_Larynx,Various Lesions,Hemi/Partial Laryngectomy with Radical Neck Dissection;ED;19500000;6830000
6534;SRG II_Lens,,Complicated Cataract Extraction with Intraocular Lens Implant (Capsular Tension Ring/Capsular Tension Segment);ED;7390000;2590000
6535;SRG II_Lens,Cataract,Extraction with Intra-Ocular Lens Implant (Unilateral);ED;8830000;3090000
6536;SRG II_Lens,Cataract,Extraction with Intra-Ocular Lens Implant And Trabeculectomy with/without Antimetabolites;ED;8830000;3090000
6537;SRG II_Liver,Abscess,Trans-Abdominal Drainage (Laparoscopy);ED;9690000;3390000
6538;SRG II_Liver,Abscess,Trans-Abdominal Drainage (Open);ED;6920000;2420000
6539;SRG II_Lower Limb,Ischemia,Fasciotomy;ED;9070000;3170000
6540;SRG II_Lung,Various Lesions,Pneumonectomy/Lobectomy/Segmental Resection;ED;20280000;7100000
6541;SRG II_Lung,Various Lesions,Repeat/Multiple/Complex Resections;ED;17190000;6020000
6542;SRG II_Lung,Various Lesions,Wedge Resection;ED;14590000;5110000
6543;SRG II_Lymph Node (Axillary),Various Lesions,Sentinel LN Biopsy Only;ED;6320000;2210000
6544;SRG II_Lymph Node (Cervical),,Radical with Flap Reconstruction;ED;24860000;8700000
6545;SRG II_Lymph Node (Cervical),Various Lesions,Biopsy;ED;3150000;1100000
6546;SRG II_Lymph Node (Cervical),Various Lesions,Neck Dissection (Bilateral 3 Or Less Levels);ED;12650000;4430000
6547;SRG II_Lymph Node (Cervical),Various Lesions,Neck Dissection (Unilateral 1-3 Levels);ED;9980000;3490000
6548;SRG II_Lymph Node (Cervical),Various Lesions,Radical Neck Dissection;ED;17550000;6140000
6549;SRG II_Lymph Node (Cervical),Various Lessions,Biopsy;ED;4910000;1720000
6550;SRG II_Lymph Node (Inguinal),Various Lesions,Limited Excision;ED;6320000;2210000
6551;SRG II_Lymph Node (Inguinal),Various Lesions,Radical Excision;ED;8310000;2910000
6552;SRG II_Lymph Node (Pelvic) Dissection,,Dissection (Open);ED;12120000;4240000
6553;SRG II_Lymph Node (Pelvic),,Dissection (Laparoscopy);ED;16970000;5940000
6554;SRG II_Lymph Node (Retropharyngeal),,Neck Dissection (Open/Transoral);ED;13510000;4730000
6555;SRG II_Lymph Node (Single),Various Lesions,Excision Biopsy (Laparoscopy);ED;6790000;2380000
6556;SRG II_Lymph Node (Single),Various Lesions,Excision Biopsy (Open);ED;4850000;1700000
6557;SRG II_Lymph Node,Various Lesions,Biopsy;ED;4710000;1650000
6558;SRG II_Maxilla,Alveolar Cleft (Unilateral Complete),Bone Graft And Closure Of Naso Buccal Fistula;ED;11700000;4100000
6559;SRG II_Maxilla,Fracture - Lefort II (Complex),Open Reduction And Fixation;ED;13650000;4780000
6560;SRG II_Maxilla,Various Lesions,Ostectomy/Osteotomy (>1 Segment);ED;13650000;4780000
6561;SRG II_Maxilla,Various Lesions,Resection/Hemimaxillectomy (Open Or Endoscopic Method);ED;11700000;4100000
6562;SRG II_Mouth,Cleft Lip,Unilateral Primary Repair;ED;6920000;2420000
6563;SRG II_Mouth,Tumor,Radical Excision Biopsy with Resection Of Mandible And Lymph Nodes And Reconstruction;ED;20280000;7100000
6564;SRG II_Mucous Membrane,Tumor/Cyst/Ulcer/Scar,Excision;ED;3020000;1060000
6565;SRG II_Nerve (Upper Limb),Carpal Tunnel Syndrome,Release with Endoneurolysis (Bilateral);ED;23960000;8380000
6566;SRG II_Nerve (Upper Limb),Carpal Tunnel Syndrome,Release with Endoneurolysis (Unilateral);ED;16370000;5730000
6567;SRG II_Nerve (Upper Limb),Entrapment Syndrome (Others),Decompression (Unilateral);ED;15060000;5270000
6568;SRG II_Nerve (Upper Limb),Guyon's Tunnel Syndrome,Release (Unilateral);ED;15060000;5270000
6569;SRG II_Nerve Root (Cervical),,Block (Injection Of Anaesthetic - Therapeutic Substance) (>1 level);ED;17330000;6060000
6570;SRG II_Nerve Root (Lumbar/Thoracic),,Block (Injection Of Anaesthetic - Therapeutic Substance) (1 level);ED;17330000;6060000
6571;SRG II_Nose,Hematoma/Abscess,Evacuation/Incision & Drainage;ED;3510000;1230000
6572;SRG II_Nose,Various Lesions (Turbinates),Turbinectomy/Turbinoplasty/Submucous Resection (with/without Endoscopes);ED;7840000;2740000
6573;SRG II_Nose,Various Lesions,Septoplasty/Submucous Resection;ED;9750000;3410000
6574;SRG II_Ovary,Malignant Tumor/Cyst,Total Hysterectomy Bilateral Salpingo-Oophorectomy with Omentectomy,Surgical Staging with/without Lymphadenectomy (Laparoscopy);ED;21160000;7410000
6575;SRG II_Ovary,Malignant Tumor/Cyst,Total Hysterectomy Bilateral Salpingo-Oophorectomy with Omentectomy,Surgical Staging with/without Lymphadenectomy (Open);ED;15110000;5290000
6576;SRG II_Ovary,Tumor/Cyst,Cystectomy (Complicated >5cm - Laparoscopy);ED;12690000;4440000
6577;SRG II_Ovary,Tumor/Cyst,Cystectomy (Complicated >5cm);ED;9070000;3170000
6578;SRG II_Ovary,Tumor/Cyst,Cystectomy (Simple <5cm - Laparoscopy);ED;11330000;3970000
6579;SRG II_Ovary,Tumor/Cyst,Cystectomy (Simple <5cm);ED;8090000;2830000
6580;SRG II_Ovary,Tumor/Cyst,Oophorectomy/Salpingo-Oophorectomy (Complicated);ED;10920000;3820000
6581;SRG II_Ovary,Tumor/Cyst,Oophorectomy/Salpingo-Oophorectomy (Simple);ED;8130000;2850000
6582;SRG II_Paravertebral Region,Block,Anaesthetic (>2 levels);ED;17330000;6060000
6583;SRG II_Parotid,,Total Parotidectomy with/without Preservation Of Facial Nerve;ED;18430000;6450000
6584;SRG II_Parotid,Tumor,Superficial Parotidectomy;ED;11930000;4180000
6585;SRG II_Pelvis,Fracture,Fixation Of Anterior And Posterior Ring;ED;20960000;7340000
6586;SRG II_Penis,,Dorsumcision;ED;4740000;1660000
6587;SRG II_Penis,,V. Spermatika Interna Ligation (Microsurgery);ED;9950000;3480000
6588;SRG II_Penis,Buried Penis,Buried Penis Surgery;ED;6920000;2420000
6589;SRG II_Penis,Congenital Organ Abnormality,Webbed Penis Excision;ED;6920000;2420000
6590;SRG II_Penis,Glanular Hypospadias,Meatoplasty And Circumcision;ED;4740000;1660000
6591;SRG II_Penis,Hypospadias,Correction Of Chordee;ED;8140000;2850000
6592;SRG II_Penis,Hypospadias,Urethral Reconstruction;ED;12970000;4540000
6593;SRG II_Penis,Hypospadias,Urethral Reconstruction & Correction Of Chordee;ED;16260000;5690000
6594;SRG II_Penis,Paraphimosis/Phimosis/Reduction Prepuce,Circumcision;ED;4740000;1660000
6595;SRG II_Penis,Penoscrotal Transposition,Reconstruction;ED;16260000;5690000
6596;SRG II_Penis,Priapism,Priapism Operation (Winter Procedure);ED;6920000;2420000
6597;SRG II_Penis,Trauma,Reconstruction (1st Stage);ED;13730000;4800000
6598;SRG II_Penis,Trauma,Reconstruction (2nd Stage);ED;13730000;4800000
6599;SRG II_Penis,Various Lesions,Insertion Of Penile Prosthesis;ED;16260000;5690000
6600;SRG II_Peripheral Nerve,Block,Anaesthetic (Up To 2 Nerves);ED;15060000;5270000
6601;SRG II_Prostate Gland,,Simple Prostatectomy (Laparoscopy);ED;15290000;5350000
6602;SRG II_Prostate Gland,,Simple Prostatectomy (Open);ED;10920000;3820000
6603;SRG II_Prostate Gland,Various Lesions,Biporal Transurethral Resection Of Prostate (Bipolar Turp);ED;14140000;4950000
6604;SRG II_Prostate Gland,Various Lesions,Open Prostatectomy And Sectio Alta;ED;6920000;2420000
6605;SRG II_Prostate Gland,Various Lesions,Radical Prostatectomy (Laparoscopy);ED;24690000;8640000
6606;SRG II_Prostate Gland,Various Lesions,Radical Prostatectomy (Open);ED;17640000;6170000
6607;SRG II_Prostate Gland,Various Lesions,Saturation Prostate Biopsy;ED;4700000;1640000
6608;SRG II_Prostate Gland,Various Lesions,Trans-Rectal Ultrasound (TRUS);ED;2540000;890000
6609;SRG II_Prostate Gland,Various Lesions,Trans-Rectal Ultrasound (TRUS) Guided Biopsy;ED;2540000;890000
6610;SRG II_Prostate Gland,Various Lesions,Transurethral Resection Of Prostate (TURP) >30gm;ED;12090000;4230000
6611;SRG II_Radius And Ulna,Fracture/Dislocation,Open Reduction And Internal Fixation with/without Bone Grafting;ED;14140000;4950000
6612;SRG II_Rectum,,Ultra-Low Anterior Resection (Total Mesorectal Excision) with/without PLND;ED;16310000;5710000
6613;SRG II_Scrotum,Hydrocele/Varicocele (Unilateral),Excision;ED;6300000;2200000
6614;SRG II_Scrotum,Varicocele,Varicocelectomy (Palomo);ED;5270000;1840000
6615;SRG II_Shoulder Fracture/Dislocation,,Open Reduction And Internal Fixation (3 Or More Part Fracture);ED;14140000;4950000
6616;SRG II_Shoulder,,Acromioclavicular Joint Stabilisation/Reconstruction;ED;14140000;4950000
6617;SRG II_Shoulder,,Therapeutic Arthroscopy;ED;19500000;6830000
6618;SRG II_Shoulder,Shoulder Soft Tissue Injury,Decompression Alone (Open/Laparoscopy);ED;18280000;6400000
6619;SRG II_Shoulder,Shoulder Soft Tissue Injury,Decompression with Cuff Repair (Open/Laparoscopy);ED;20480000;7170000
6620;SRG II_Shoulder,Shoulder Soft Tissue Injury,MIS Repair With Superior Labrum From Anterior To Posterior (Slap) Repair/Rotator Cuff Repair;ED;23400000;8190000
6621;SRG II_Shoulder,Shoulder Soft Tissue Injury,Open Bankart Repair With Superior Labrum From Anterior To Posterior (Slap) Repair/Rotator Cuff Repair;ED;18060000;6320000
6622;SRG II_Shoulder,Various Lesions,Hemiarthroplasty;ED;16260000;5690000
6623;SRG II_Sinuses,Nasal,Foreign Body/Other Lesions,Intranasal Operation/Removal Of Foreign Body;ED;5270000;1840000
6624;SRG II_Sinuses,Nasal,Infection,Functional Sinuscopic Drainage Of Ethmoidal/ Maxillary Sinuses;ED;10920000;3820000
6625;SRG II_Sinuses,Nasal,Infection,Functional Sinuscopic Ethmoidectomy (Bilateral);ED;13610000;4760000
6626;SRG II_Sinuses,Nasal,Infection,Functional Sinuscopic Ethmoidectomy (Unilateral);ED;9730000;3410000
6627;SRG II_Skin And Subcutaneous Tissue (Ear/Nose/Eyelid/Face),Complex Lacerations,Repair;ED;7070000;2470000
6628;SRG II_Skin And Subcutaneous Tissue (Face And Neck),Scar (>3cm),Revision;ED;4850000;1700000
6629;SRG II_Skin And Subcutaneous Tissue,Burns,Escharotomy (Extensive);ED;2540000;890000
6630;SRG II_Skin And Subcutaneous Tissue,Burns,Escharotomy (Limited);ED;1270000;440000
6631;SRG II_Skin And Subcutaneous Tissue,Deep (>3cm)/Extensive Contaminated Wound,Debridement;ED;6300000;2210000
6632;SRG II_Skin And Subcutaneous Tissue,Defect,Direct Flap (Cross Finger/Similar Flaps);ED;10290000;3600000
6633;SRG II_Skin And Subcutaneous Tissue,Defect,Single Stage Local Flap (Complicated/Large);ED;13210000;4620000
6634;SRG II_Skin And Subcutaneous Tissue,Hematoma/Carbuncle Cellulitis/Similar Lesion>3cm,Saucerisation/Incision with Drainage;ED;4210000;1470000
6635;SRG II_Skin And Subcutaneous Tissue,Sinus (Shallow<3cm),Excision with/without Biopsy;ED;1460000;510000
6636;SRG II_Skin And Subcutaneous Tissue,Tumor/Cyst/Ulcer/Scar,Excision Biopsy  (> 15mm diameter);ED;2540000;890000
6637;SRG II_Skin And Subcutaneous Tissue,Wound,Debridement (<3cm);ED;1410000;490000
6638;SRG II_Skin,Burns (2% To 5%),Excision;ED;4130000;1450000
6639;SRG II_Skin,Burns (More Than 10%),Dressing;ED;4860000;1700000
6640;SRG II_Skin,Keratoses/Warts/Tags/Similar Lesions,Excision (6 - 10 Lesions);ED;2540000;890000
6641;SRG II_Skin,Keratoses/Warts/Tags/Similar Lesions,Excision (More Than10 Lesions);ED;5270000;1840000
6642;SRG II_Skin,Keratoses/Warts/Tags/Similar Lesions,Excision (Not More Than 5 Lesions);ED;1270000;440000
6643;SRG II_Skin,Plantar Wart,Excision Or Vaporisation By Laser;ED;1270000;440000
6644;SRG II_Skull,Intracranial Hemorrhage,Osteoplastic Craniotomy/Extensive Craniectomy (Unilateral);ED;51980000;18190000
6645;SRG II_Soft Tissue (Lower Limb),Contracture,Major Release;ED;9950000;3480000
6646;SRG II_Soft Tissue (Lower Limb),Contracture,Minor Release;ED;5270000;1840000
6647;SRG II_Soft Tissue (Lower Limb),Small Tumors (Benign),Excision Biopsy Under General Anesthesia;ED;3230000;1130000
6648;SRG II_Soft Tissue (Lower Limb),Tumors (Benign),Wide Excision Biopsy;ED;7950000;2780000
6649;SRG II_Soft Tissue (Upper Limb),Tumors (Benign),Major Excision Biopsy;ED;7950000;2780000
6650;SRG II_Soft Tissue (Upper Limb),Tumors (Malignant),Wide Excision Biopsy;ED;10140000;3550000
6651;SRG II_Soft Tissue,Tumor (Malignant),Wide Excision Biopsy <7cm Other Than Upper/Lower Limbs;ED;6300000;2210000
6652;SRG II_Spermatic Cord,Spermatocele/Epididymal Cyst,Excision;ED;6300000;2200000
6653;SRG II_Spine (exclude Cervical Spine),Various Lesions,Interbody Fusion (Single Segment) with Anterior/Posterior Instrumentation;ED;35100000;12290000
6654;SRG II_Spine,,Facet Joint Block (Injection Of Anaesthetic Or Therapeutic Substance) up to 3 Joints;ED;15060000;5270000
6655;SRG II_Spine,,Removal Of Spine Implants without Other Procedures (Anterior Approach);ED;18060000;6320000
6656;SRG II_Spine,,Vertebroplasty Or Kyphoplasty (Multiple Levels);ED;26030000;9110000
6657;SRG II_Spine,,Vertebroplasty Or Kyphoplasty (Single Level);ED;17360000;6070000
6658;SRG II_Spine,Fracture-Dislocation,Open Reduction And Stabilisation;ED;24100000;8440000
6659;SRG II_Spine,Infection,Posterior Drainage,Debridement And Removal Of Implants,without Fusion Or Other Procedures;ED;18060000;6320000
6660;SRG II_Spine,Percutaneous Disc Ablation,2 Or More Levels (Intradiscal Electrothermal Annuloplasty/IDET);ED;21210000;7420000
6661;SRG II_Spine,Percutaneous Disc Ablation,Single Level (Intradiscal Electrothermal Annuloplasty/IDET);ED;14140000;4950000
6662;SRG II_Spine,Syringomyelia,Laminectomy And Drainage;ED;24100000;8440000
6663;SRG II_Spleen,Trauma,Splenectomy;ED;13360000;4680000
6664;SRG II_Spleen,Various Non-Traumatic Lesions,Splenectomy (Open);ED;10920000;3820000
6665;SRG II_Tendon Sheath (Upper Limb),De Quervain's (Bilateral),Release;ED;12090000;4230000
6666;SRG II_Tendon Sheath (Upper Limb),De Quervain's (Unilateral),Release;ED;9070000;3170000
6667;SRG II_Tendon Sheath (Upper Limb),Ganglion/Villo-Nodular Synovitis,Excision;ED;5870000;2050000
6668;SRG II_Tendon Sheath And Subcutaneous Tissue,Ganglion/Large Bursa,Excision Biopsy (>3cm) ;ED;5270000;1840000
6669;SRG II_Tendon Sheath And Subcutaneous Tissue,Ganglion/Small Bursa,Excision Biopsy (<3cm) ;ED;4800000;1680000
6670;SRG II_Tendon-Achilles (Lower Limb),Disruption,Repair;ED;9750000;3410000
6671;SRG II_Testis,Inguinal,Hydrocele,High Ligation Surgery;ED;6920000;2420000
6672;SRG II_Testis,Undescended/Ectopic (Bilateral),Orchidopexy/Transplantation with Hernia Repair;ED;12180000;4260000
6673;SRG II_Testis,Undescended/Ectopic (Unilateral),Orchidopexy/Transplantation with Hernia Repair;ED;8700000;3050000
6674;SRG II_Testis,Variocoele,Spermatic Vein Embolisation;ED;7370000;2580000
6675;SRG II_Testis,Various Lesions,Exploration/Repair;ED;3480000;1220000
6676;SRG II_Testis,Various Lesions,Orchidectomy (Simple - Laparoscopy);ED;13230000;4630000
6677;SRG II_Testis,Various Lesions,Orchidectomy (Simple);ED;9450000;3310000
6678;SRG II_Thorax,,Decortication (Laparoscopy);ED;20940000;7330000
6679;SRG II_Thorax,Effusion/Fluid/Abscess Collection,Imaging Guided Percutaneous Aspiration/Diagnostic Tap;ED;5590000;1960000
6680;SRG II_Thorax,Pleural Effusion,Aspiration;ED;1840000;640000
6681;SRG II_Thorax,Pleural Effusion,Biopsy;ED;2310000;810000
6682;SRG II_Thorax,Tumor (Mediastinal),Complex Resection;ED;21650000;7580000
6683;SRG II_Thorax,Tumor (Mediastinal),Resection;ED;17190000;6020000
6684;SRG II_Thorax,Various Lesions,Intercostal Drain (Insertion without Resection Of Rib);ED;7010000;2450000
6685;SRG II_Thorax,Various Lesions,Thoracotomy (Exploration) with/without Biopsy;ED;9930000;3470000
6686;SRG II_Thyroglossal Duct,Cyst Fistula,Excision;ED;5910000;2070000
6687;SRG II_Thyroid,Various Lesions,Hemithyroidectomy/Partial Thyroidectomy;ED;13240000;4630000
6688;SRG II_Thyroid,Various Lesions,Total/Subtotal Thyroidectomy;ED;13310000;4660000
6689;SRG II_Thyroid,Various Lesions,Total/Subtotal Thyroidectomy with Neck Dissection (Unilateral);ED;26480000;9270000
6690;SRG II_Tibia,Fracture,Open Reduction And Internal Fixation with Plates And Screws (Comminuted);ED;18380000;6430000
6691;SRG II_Tibia,Fracture,Open Reduction and Internal Fixation with Plates And Screws (Simple);ED;14140000;4950000
6692;SRG II_Tibia,Tibial Plateau,Tibia Plateau Unicondylar ORIF;ED;14140000;4950000
6693;SRG II_Tongue,Tumor,Glossectomy with Radical Neck Dissection;ED;14140000;4950000
6694;SRG II_Tongue,Tumor,Hemi-Glossectomy;ED;6920000;2420000
6695;SRG II_Tongue,Tumor,Total Glossectomy;ED;7800000;2730000
6696;SRG II_Tonsils,Abscess,Drainage;ED;1270000;440000
6697;SRG II_Tonsils,Various Lesions,Removal;ED;6480000;2270000
6698;SRG II_Trachea,Tracheostomy,Revision And Reinsertion;ED;8450000;2960000
6699;SRG II_Trachea,Various Lesions,Trachea Reconstruction;ED;13120000;4590000
6700;SRG II_Trachea,Various Lesions,Tracheostomy;ED;6110000;2140000
6701;SRG II_Upper Limb,Fracture/Dislocation,Manipulation And Reduction;ED;3900000;1370000
6702;SRG II_Ureter,,Anastomosis End To End Ureter;ED;7960000;2790000
6703;SRG II_Ureter,,Cystoscopy And Insertion Of Double J Stent;ED;7960000;2790000
6704;SRG II_Ureter,,Extra Corporeal Shockwave Lithotripsy (ESWL) For Ureteric Stone;ED;9950000;3480000
6705;SRG II_Ureter,,Ureteroscopy;ED;6310000;2210000
6706;SRG II_Ureter,Calculus,Ureteroscopy And Lithotripsy with/without Ultrasound;ED;11440000;4000000
6707;SRG II_Ureter,Calculus,Ureteroscopy And Lithotripsy with/without Ultrasound (Laser);ED;16260000;5690000
6708;SRG II_Ureter,Various Lesions,Intestinal Conduit;ED;15420000;5400000
6709;SRG II_Ureter,Various Lesions,Reimplantation (Bilateral);ED;16260000;5690000
6710;SRG II_Ureter,Various Lesions,Reimplantation (Unilateral);ED;11440000;4000000
6711;SRG II_Ureter,Various Lesions,Reimplantation,Laparoscopy (Unilateral);ED;16260000;5690000
6712;SRG II_Ureter,Various Lesions,Ureterotomy/Insertion Of Double J Stent;ED;8420000;2950000
6713;SRG II_Urethra,,Ureteroscopy;ED;5270000;1840000
6714;SRG II_Urethra,Hypospadias,Meatoplasty;ED;2920000;1020000
6715;SRG II_Urethra,Injury,Repair/Urethroplasty Of Anterior Urethra;ED;8420000;2950000
6716;SRG II_Urethra,Meatal Stenosis,Meatotomy;ED;3020000;1060000
6717;SRG II_Urethra,Various Lesions,Sachse Internal Urethrotomy;ED;11440000;4000000
6718;SRG II_Urethra,Various Lesions,Staged Urethroplasty (Each Stage);ED;11440000;4000000
6719;SRG II_Uterus,,Sub-Total/Total Hysterectomy with/without Salpingo-Oophorectomy;ED;13170000;4610000
6720;SRG II_Uterus,Endometriosis,Hysterectomy with Salpingo-Oophorectomy;ED;14140000;4950000
6721;SRG II_Uterus,Endometriosis,Hysterectomy without Salpingo-Oophorectomy;ED;9950000;3480000
6722;SRG II_Uterus,Fibroids,Myomectomy (Complicated >5cm/Multiple >2/Challenging Location);ED;12480000;4370000
6723;SRG II_Uterus,Fibroids,Myomectomy (Simple <5cm - Laparoscopy);ED;14400000;5040000
6724;SRG II_Uterus,Fibroids,Myomectomy (Simple <5cm - Open);ED;10290000;3600000
6725;SRG II_Uterus,Malignant Condition,Radical Hysterectomy with/without Lymphadenectomy;ED;15490000;5420000
6726;SRG II_Uterus,Malignant Condition,Radical Hysterectomy with/without Lymphadenectomy (Laparoscopy);ED;21690000;7590000
6727;SRG II_Uterus,Malignant Condition,Total Hysterectomy with/without Salpingo-Oophorectomy with/without Lymph Node Dissection (Open);ED;14140000;4950000
6728;SRG II_Uterus,Pregnancy And Multiparity,Uncomplicated Caesarean Section And Tubal Ligation;ED;9290000;3250000
6729;SRG II_Uterus,Pregnancy,Caesarean Section with Hysterectomy;ED;15770000;5520000
6730;SRG II_Uterus,Pregnancy,Uncomplicated Caesarean Section;ED;7740000;2710000
6731;SRG II_Uterus,Various Lesions,Curettage with/without Dilatation;ED;2540000;890000
6732;SRG II_Uterus/Cervix,Hysteroscopy,Diagnostic with General Anesthesia;ED;2850000;1000000
6733;SRG II_Vas Deferens,,Vasovasostomy;ED;11440000;4000000
6734;SRG II_Vas Deferens,Various Lesions,Varicocelectomy (Microsurgical);ED;11440000;4000000
6735;SRG II_Vas Deferens,Various Lesions,Vasectomy;ED;4710000;1650000
6736;SRG II_Vein,Arterio-Venous Fistula,Dissection And Ligation;ED;2770000;970000
6737;SRG II_Vein,Bleeding Varicosities/Vascular Malformation,Image Guided Sclerotherapy Injection;ED;8360000;2920000
6738;SRG II_Vein,Varicosity,High Ligation And Complete Stripping/Excision Of Long/Long And Short Saphenous Vein;ED;10380000;3630000
6739;SRG II_Vulva,Abscess,Incision;ED;2420000;850000
6740;SRG II_Vulva,Bartholin Cyst,Incision/Marsupialization with/without Use Of Laser;ED;2420000;850000
6741;SRG II_Vulva,Malignant Condition,Radical Vulvectomy With Groin Dissection And With Or Without Skin Flap Closure;ED;22180000;7760000
6742;SRG II_Wrist,Distal Or Radial Ulnar Joint (DRUJ) Instability,Complex Ligament Reconstruction;ED;18060000;6320000
6743;SRG II_Wrist,Distal Radius Fracture,Open Reduction And Internal Fixation (ORIF) with Ulnar Head/Styloid Fixation/Tfcc Repair;ED;14140000;4950000
6744;CABG;BASIC;60000000;0
6745;DOKTER OPERATOR ODONTECTOMY A;BASIC;4408000;1543000
6746;DOKTER OPERATOR ODONTECTOMY B;BASIC;4959000;1736000
6747;DOKTER OPERATOR ODONTECTOMY C;BASIC;5511000;1929000
6748;DOKTER OPERATOR _NEUROSURGERY;BASIC;27810000;9734000
6749;DOKTER OPERATOR _NEUROSURGERY_1;BASIC;15450000;5408000
6750;DOKTER OPERATOR _NEUROSURGERY_2;BASIC;7725000;2704000
6751;DOKTER OPERATOR _TABLE _TARIF I _ 1;BASIC;910000;318500
6752;DOKTER OPERATOR _TABLE _TARIF I _ 2;BASIC;1820000;637000
6753;DOKTER OPERATOR _TABLE _TARIF I _ 3;BASIC;3780000;1323000
6754;DOKTER OPERATOR _TABLE _TARIF I _ 4;BASIC;4970000;1739500
6755;DOKTER OPERATOR _TABLE _TARIF I _ 5;BASIC;7140000;2499000
6756;DOKTER OPERATOR _TABLE _TARIF I _ 6;BASIC;10150000;3552500
6757;DOKTER OPERATOR _TABLE _TARIF I _ 7;BASIC;14560000;5096000
6758;DOKTER OPERATOR _TABLE _TARIF  II _1  (SUB SPECIALIST / CONSULTANT / PROFESSOR);BASIC;1183000;414050
6759;DOKTER OPERATOR _TABLE _TARIF  II _2  (SUB SPECIALIST / CONSULTANT / PROFESSOR);BASIC;2366000;828100
6760;DOKTER OPERATOR _TABLE _TARIF  II _3  (SUB SPECIALIST / CONSULTANT / PROFESSOR);BASIC;4914000;1719900
6761;DOKTER OPERATOR _TABLE _TARIF  II _4  (SUB SPECIALIST / CONSULTANT / PROFESSOR);BASIC;6461000;2261350
6762;DOKTER OPERATOR _TABLE _TARIF  II _5  (SUB SPECIALIST / CONSULTANT / PROFESSOR);BASIC;9282000;3248700
6763;DOKTER OPERATOR _TABLE _TARIF  II _6  (SUB SPECIALIST / CONSULTANT / PROFESSOR);BASIC;13195000;4618250
6764;DOKTER OPERATOR _TABLE _TARIF  II _7  (SUB SPECIALIST / CONSULTANT / PROFESSOR);BASIC;18928000;6624800
6765;SRG I_Abdomen/Pelvis,Various Lesions,Insertion Of Peritoneal Dialysis Catheter;BASIC;1510000;530000
6766;SRG I_Abdomen/Pelvis,Various Lesions,Removal Of Peritoneal Dialysis Catheter;BASIC;1510000;530000
6767;SRG I_Abdominal Cavity,Adhesions,Lysis As Primary Procedure with/without Bowel Resection (Laparoscopy);BASIC;5920000;2080000
6768;SRG I_Abdominal Cavity,Adhesions,Lysis As Primary Procedure with/without Bowel Resection (Open);BASIC;4440000;1560000
6769;SRG I_Abdominal Cavity,Multiple Ruptures,Major Repair/Removal;BASIC;11580000;4060000
6770;SRG I_Abdominal Cavity,Various Lesions,Colostomy/Enterostomy/Gastrostomy (Laparoscopy);BASIC;8130000;2850000
6771;SRG I_Abdominal Cavity,Various Lesions,Colostomy/Enterostomy/Gastrostomy (Open);BASIC;5810000;2040000
6772;SRG I_Abdominal Cavity,Various Lesions,Exploratory Laparotomy;BASIC;4180000;1470000
6773;SRG I_Abdominal Wall,Epigastric/Umbilical Hernia,Repair (Open);BASIC;3740000;1310000
6774;SRG I_Abdominal Wall,Inguinal Hernia (Infants & Children),Herniotomy (Bilateral);BASIC;5240000;1840000
6775;SRG I_Abdominal Wall,Inguinal Hernia (Infants & Children),Herniotomy (Unilateral);BASIC;3740000;1310000
6776;SRG I_Abdominal Wall,Inguinal/Femoral Hernia,Bilateral Herniorrhaphy (Laparoscopy);BASIC;12550000;4400000
6777;SRG I_Abdominal Wall,Inguinal/Femoral Hernia,Bilateral Herniorrhaphy (Open);BASIC;8960000;3140000
6778;SRG I_Abdominal Wall,Inguinal/Femoral Hernia,Unilateral Herniorrhaphy (Laparoscopy);BASIC;8960000;3140000
6779;SRG I_Abdominal Wall,Inguinal/Femoral Hernia,Unilateral Herniorrhaphy (Open);BASIC;6400000;2250000
6780;SRG I_Abdominal Wall,Strangulated/Obstructed Hernia,Repair with Bowel Resection;BASIC;9690000;3400000
6781;SRG I_Abdominal Wall,Strangulated/Obstructed Hernia,Repair without Bowel Resection;BASIC;7830000;2750000
6782;SRG I_Abdominal Wall,Ventral/Incisional/Recurrent Hernia,Repair (Open);BASIC;8740000;3060000
6783;SRG I_Adenoids,Various Lesions,Removal;BASIC;3310000;1160000
6784;SRG I_Adrenals,Various Lesions,Biopsy/Excision (Laparoscopy);BASIC;9950000;3490000
6785;SRG I_Adrenals,Various Lesions,Biopsy/Excision (Open);BASIC;7100000;2490000
6786;SRG I_Ankle,,Therapeutic Arthroscopy;BASIC;8760000;3070000
6787;SRG I_Ankle,Ankle Fracture,Bimalleolar ORIF;BASIC;10440000;3660000
6788;SRG I_Ankle,Ankle Fracture,Unimalleolar ORIF;BASIC;6960000;2440000
6789;SRG I_Ankle,Dislocation,Open Reduction;BASIC;5370000;1880000
6790;SRG I_Ankle,Various Lesions,Repair Of Ligaments;BASIC;5390000;1890000
6791;SRG I_Anus,Fissure,Excision/Lateral Sphincterotomy;BASIC;2890000;1020000
6792;SRG I_Anus,Fistula-In-Ano (High),Complex And Recurrent Fistulectomy;BASIC;4280000;1500000
6793;SRG I_Anus,Fistula-In-Ano,Excision/ Fistulectomy;BASIC;2890000;1020000
6794;SRG I_Anus,Fistula-In-Ano,Insertion Of Seton;BASIC;4570000;1600000
6795;SRG I_Anus,Hemorrhoids,Hemorrhoidectomy with/without Sigmoidoscopy;BASIC;3190000;1120000
6796;SRG I_Anus,Hemorrhoids,Laser Haemorrhoidectomy;BASIC;5990000;2100000
6797;SRG I_Anus,Hemorrhoids,Removal Of External Anal Tags;BASIC;1440000;510000
6798;SRG I_Anus,Hemorrhoids,Stapled Haemorrhoidectomy;BASIC;4280000;1500000
6799;SRG I_Anus,Hemorrhoids,Transanal Haemorrhoidal Dearterialization (THD);BASIC;2780000;980000
6800;SRG I_Anus,Perineal Abscess,Saucerisation/Drainage;BASIC;3130000;1100000
6801;SRG I_Anus,Stricture,Dilatation;BASIC;750000;270000
6802;SRG I_Aorta,,Total Arch Replacement;BASIC;41820000;14640000
6803;SRG I_Aorta,Aneurysm,Juxtarenal Type;BASIC;10970000;3840000
6804;SRG I_Aorta,Ruptured Aortic Aneurysm (Thoracic Or Abdominal),Endo-Vascular Aortic Repair;BASIC;17400000;6090000
6805;SRG I_Aorta,Thoraco-Abdominal Aneurysm,Excision And Insertion Of Graft;BASIC;41820000;14640000
6806;SRG I_Aortic Dissection,,Endovascular Fenestration;BASIC;3220000;1130000
6807;SRG I_Aortic Dissection,,Endovascular Stent Graft Repair;BASIC;12380000;4340000
6808;SRG I_Appendix,Various Lesions/Abscess,Appendicectomy with/without Drainage (Laparoscopy);BASIC;7100000;2490000
6809;SRG I_Appendix,Various Lesions/Abscess,Appendicectomy with/without Drainage (Open);BASIC;5690000;2000000
6810;SRG I_Arteriovenous Fistula Graft,,Thrombectomy;BASIC;4800000;1690000
6811;SRG I_Arteriovenous Fistula,,Angiogram;BASIC;2320000;820000
6812;SRG I_Arteriovenous Fistula,,Synthetic Graft;BASIC;10230000;3580000
6813;SRG I_Artery,Intracranial,Thrombosis,Percutaneous Catheter Directed Thrombolysis/Thrombectomy;BASIC;30920000;10830000
6814;SRG I_Artery,Various Lesions,Arterio-Venuous Fistula Creation;BASIC;6370000;2230000
6815;SRG I_Bladder,Calculus,Vesicolithotomy/Litholapaxy/Ultrasonic Lithotripsy;BASIC;6800000;2390000
6816;SRG I_Bladder,Cystoscopy with/without Biopsy;BASIC;1800000;630000
6817;SRG I_Bladder,Cystoscopy,Removal Of Foreign Body/Ureteric Stent;BASIC;2100000;740000
6818;SRG I_Bladder,Cystoscopy,with Endoscopic Resection/Incision Of Bladder Neck;BASIC;4320000;1520000
6819;SRG I_Bladder,Retention Of Urine,Suprapubic Cystostomy;BASIC;3400000;1200000
6820;SRG I_Bladder,Various Lesions,Total Radical Cystectomy,For Malignancy (Laparoscopy);BASIC;13870000;4860000
6821;SRG I_Bladder,Various Lesions,Total Radical Cystectomy,For Malignancy (Open);BASIC;9920000;3480000
6822;SRG I_Bladder,Vesico-Rectal Fistula,Correction;BASIC;5920000;2080000
6823;SRG I_Bladder,Vesico-Vaginal Fistula,Correction;BASIC;10240000;3590000
6824;SRG I_Bladder/Ureter,Cystoscopy,with Ureteric Catheterisation;BASIC;2560000;900000
6825;SRG I_Bladder/Urethra,,Transurethral Resection Of Bladder Tumour (<3cm);BASIC;5770000;2020000
6826;SRG I_Bladder/Urethra,,Transurethral Resection Of Bladder Tumour (>3cm);BASIC;8270000;2900000
6827;SRG I_Bladder/Urethra,Cystoscopy,with Urethral Dilatation;BASIC;2560000;900000
6828;SRG I_Blood Vessels,Subcutaneous Implanted Vascular Port,Insertion;BASIC;3180000;1120000
6829;SRG I_Blood Vessels,Subcutaneous Implanted Vascular Port,Removal;BASIC;1710000;600000
6830;SRG I_Bone (Lower Limb),,Grade 1 And 2 Open Fractures/Open Dislocation Or Open Fracture-Dislocation Wound Debridement;BASIC;2900000;1020000
6831;SRG I_Bone (Lower Limb),Deformities,Corrective Surgery with Internal Fixation with/without Fluoroscopy;BASIC;9570000;3350000
6832;SRG I_Bone (Lower Limb),Deformities,Corrective Surgery with Osteotomy Alone;BASIC;8410000;2950000
6833;SRG I_Bone (Lower Limb),Fracture/Dislocation,Manipulation And Kirschner Wire Fixation;BASIC;5510000;1930000
6834;SRG I_Bone (Upper Limb),Grade 1 And 2 Open Fractures/Open Dislocation Or Open Fracture-Dislocation,Wound Debridement;BASIC;2900000;1020000
6835;SRG I_Bone And Joints (Lower Limb),,Removal Of Simple Implants (Rush Rods/Wires/K-Wires/Pins/Screws);BASIC;3710000;1300000
6836;SRG I_Bone And Joints (Lower Limb),Plates And Screws/Nails,Removal;BASIC;6460000;2270000
6837;SRG I_Bone And Joints (Upper Limb),,Removal Of Simple Implants (Rush Rods/Wires/K-Wires/Pins/Screws);BASIC;3710000;1300000
6838;SRG I_Bone And Joints (Upper Limb),Plates And Screws,Removal;BASIC;6460000;2270000
6839;SRG I_Brain,,Deep Brain Stimulation (Unilateral);BASIC;30920000;10830000
6840;SRG I_Brain,Aneurysm/Arterio-Venous Malformation,Clipping/Excision (Complex);BASIC;30920000;10830000
6841;SRG I_Brain,Hydrocephalus And Other Lesions,Ventriculoatrial/Ventriculoperitoneal Shunt;BASIC;30920000;10830000
6842;SRG I_Brain,Hydrocephalus,External Ventricular Drainage (Unilateral);BASIC;30920000;10830000
6843;SRG I_Brain,Intracerebral Tumor,Biopsy And/Or Decompression/Removal Via Craniotomy (Complex);BASIC;30920000;10830000
6844;SRG I_Brain,Intracerebral Tumor,Biopsy And/Or Decompression/Removal Via Craniotomy (Simple);BASIC;30920000;10830000
6845;SRG I_Brain,Intracranial Abscess,Craniectomy And Drainage;BASIC;30920000;10830000
6846;SRG I_Brain,Intracranial Extracerebral Tumor,Craniotomy/Hemispherectomy;BASIC;30920000;10830000
6847;SRG I_Breast (Nipple),Various Lesions,Graft And/Or Flap Reconstruction (Bilateral);BASIC;7580000;2660000
6848;SRG I_Breast (Nipple),Various Lesions,Graft And/Or Flap Reconstruction (Unilateral);BASIC;5430000;1910000
6849;SRG I_Breast,Gynecomastia,Reduction (Unilateral);BASIC;3580000;1260000
6850;SRG I_Breast,Lump (Single),Excision Biopsy;BASIC;2930000;1030000
6851;SRG I_Breast,Lumps (Multiple/Bilateral),Excision Biopsy;BASIC;4380000;1540000
6852;SRG I_Breast,Post Mastectomy,Reconstruction Using Free Flap (Unilateral);BASIC;27480000;9620000
6853;SRG I_Breast,Post Mastectomy,Reconstruction Using Pedicled Transverse Rectus Abdominis Musculocutaneous Flap (Bilateral);BASIC;19270000;6750000
6854;SRG I_Breast,Post Mastectomy,Reconstruction Using Pedicled Transverse Rectus Abdominis Musculocutaneous Flap (Unilateral);BASIC;16070000;5630000
6855;SRG I_Breast,Tumor (Malignant),Radical Mastectomy with/without Axiliary Clearance;BASIC;9340000;3280000
6856;SRG I_Breast,Tumor (Malignant),Simple Mastectomy;BASIC;5630000;1970000
6857;SRG I_Breast,Tumor (Malignant),Simple Mastectomy with Sentinel Node Biopsy/ Axiliary Node Sampling;BASIC;7540000;2640000
6858;SRG I_Breast,Tumor (Malignant),Wide Excision/ Lumpectomy/Segmental Mastectomy/ Partial Mastectomy;BASIC;9220000;3230000
6859;SRG I_Breast,Tumor (Malignant),Wide Excision/ Lumpectomy/Segmental Mastectomy/ Partial Mastectomy with Axiliary Clearance with/without Sentinel Node Biopsy;BASIC;9220000;3230000
6860;SRG I_Breast,Tumor (Malignant),Wide Excision/ Lumpectomy/Segmental Mastectomy/ Partial Mastectomy with Sentinel Node Biopsy/ Axiliary Node Sampling;BASIC;9220000;3230000
6861;SRG I_Breast,Various Lesions,Subcutaneous Mastectomy Bilateral excluding Gynaecomastia;BASIC;10740000;3760000
6862;SRG I_Breast,Various Lesions,Subcutaneous Mastectomy Unilateral excluding Gynaecomastia;BASIC;5370000;1880000
6863;SRG I_Breast,Various Lesions,Trucut Biopsy,Ultrasound Guided Or Stereotactic (Single);BASIC;900000;320000
6864;SRG I_Breast,Various Lesions,Wire Localisation,Excision (Multiple);BASIC;4750000;1670000
6865;SRG I_Bronchus/Lung,,Bronchoscopy with/without Biopsy;BASIC;3780000;1330000
6866;SRG I_Carpus,Fracture/Dislocation,Open Reduction And Internal Fixation;BASIC;8410000;2950000
6867;SRG I_Cervical Spine,Various Lesions,Anterior Decompression And Fusion Or Disc Replacement (1 Segment);BASIC;14500000;5080000
6868;SRG I_Cervical Spine,Various Lesions,Anterior Decompression And Fusion Or Disc Replacement (2 Segments);BASIC;20300000;7110000
6869;SRG I_Cervical Spine,Various Lesions,Anterior Decompression And Fusion Or Disc Replacement (3 Or More Segments);BASIC;28420000;9950000
6870;SRG I_Cervical Spine,Various Lesions,Laminoplasty (without Instrumentation);BASIC;20300000;7110000
6871;SRG I_Cervix,Cancer,Radical Trachelectomy with/without Lymphadenectomy;BASIC;7100000;2490000
6872;SRG I_Cervix,Cervical Intraepithelial Neoplasia,Cone Biopsy with/without Laser;BASIC;3130000;1100000
6873;SRG I_Cervix,Polyp,Excision/Erosion (Complicated) Includes D&C with Biopsy;BASIC;3420000;1200000
6874;SRG I_Cervix,Polyp,Excision/Erosion (Simple) with Biopsy;BASIC;970000;340000
6875;SRG I_Cervix,Transcervical Resection (TCR) Polyp (<2cm),Hysteroscopic;BASIC;2840000;1000000
6876;SRG I_Cervix,Transcervical Resection (TCR) Polyp (>2cm),Hysteroscopic;BASIC;3760000;1320000
6877;SRG I_Cervix,Transcervical Resection (TCR) Septum,Hysteroscopic;BASIC;3740000;1310000
6878;SRG I_Cervix,Various Lesions,Colposcopy Ablational/Excisional Treatment (Laser Vapourisation/Loop Electrosurgical Excision Procedure/Laser Excision Of Transformation Zone with Biopsy);BASIC;3130000;1100000
6879;SRG I_Clavicle,Clavicle Fracture,Delayed Union/Revision And ORIF with/without Bone Grafting;BASIC;8410000;2950000
6880;SRG I_Clavicle,Clavicle Fracture,Simple;BASIC;8410000;2950000
6881;SRG I_Colon,,Anterior Resection (Laparoscopy);BASIC;10790000;3780000
6882;SRG I_Colon,,Anterior Resection (Open);BASIC;9700000;3400000
6883;SRG I_Colon,Various Lesions,Colostomy;BASIC;6620000;2320000
6884;SRG I_Colon,Various Lesions,Right/Left Hemicolectomy (Laparoscopy);BASIC;10430000;3660000
6885;SRG I_Colon,Various Lesions,Right/Left Hemicolectomy (Open);BASIC;7450000;2610000
6886;SRG I_Conjunctiva,Pterygium,Excision (Bare Sclera);BASIC;3220000;1130000
6887;SRG I_Creation Of Ileal Neobladder;BASIC;9920000;3480000
6888;SRG I_Diaphragm,Tumor,Excision;BASIC;5920000;2080000
6889;SRG I_Diaphragm,Tumor,Excision with Wedge Resection Of Lung;BASIC;6790000;2380000
6890;SRG I_Digit(s),Nailbed Laceration,Nailbed Grafting;BASIC;4640000;1630000
6891;SRG I_Ear (Middle),,Cochlear Implant;BASIC;7100000;2490000
6892;SRG I_Ear (Middle),Abscess/Inflammation,Operation;BASIC;1370000;490000
6893;SRG I_Ear,Foreign Body,Complex Removal/Excision (Embedded/Large);BASIC;2420000;850000
6894;SRG I_Ear,Laceration (Full Thickness),Repair (> 3cm);BASIC;3760000;1320000
6895;SRG I_Ear,Tympanic Membrane,Perforation,Cauterisation/Diathermy;BASIC;900000;320000
6896;SRG I_Ear,Tympanic Membrane,Perforation,Round Window Repair;BASIC;7480000;2620000
6897;SRG I_Ear,Tympanic Membrane,Unilateral Myringotomy with Tube;BASIC;2900000;1020000
6898;SRG I_Ear,Tympanic Membrane,Unilateral Myringotomy without Tube;BASIC;2090000;740000
6899;SRG I_Ear,Various Lesions,Myringoplasty (Simple);BASIC;3290000;1160000
6900;SRG I_Ear,Various Lesions,Ossicular Chain Reconstruction with/without Myringoplasty;BASIC;4740000;1660000
6901;SRG I_Elbow,,Therapeutic Arthroscopy;BASIC;8760000;3070000
6902;SRG I_Elbow,Coronoid Fracture,ORIF;BASIC;8410000;2950000
6903;SRG I_Elbow,Dislocation,Ligament Repair (Complex,with/without Implant);BASIC;7660000;2680000
6904;SRG I_Elbow,Dislocation,Ligament Repair (Single);BASIC;5390000;1890000
6905;SRG I_Elbow,Fracture/ Dislocation,Repair Of Ligaments/ ORIF;BASIC;8410000;2950000
6906;SRG I_Elbow,Fracture/Dislocation,Open Reduction And Internal Fixation (ORIF);BASIC;8410000;2950000
6907;SRG I_Elbow,Tennis Elbow,Release;BASIC;2610000;920000
6908;SRG I_Eyelids,Simple Laceration,Repair;BASIC;1450000;510000
6909;SRG I_Eyelids,Various Lesions,Upper Blepharoplasty (Unilateral);BASIC;8750000;3070000
6910;SRG I_Fallopian Tube,,Removal Of Ectopic Gestation;BASIC;4590000;1610000
6911;SRG I_Fallopian Tube,,Sterilization (Laparoscopy);BASIC;3780000;1330000
6912;SRG I_Fallopian Tube,Completed Family,Division/Ligation;BASIC;2840000;1000000
6913;SRG I_Fallopian Tube/Uterus/Ovary,,Therapeutic Laparoscopy;BASIC;7420000;2600000
6914;SRG I_Femur,Fracture (Complex Intra-Articular),Open Reduction And Internal Fixation (ORIF) with Plate And Screws;BASIC;10930000;3830000
6915;SRG I_Femur,Fracture (Intercondylar),Open Reduction And Internal Fixation (ORIF);BASIC;9690000;3400000
6916;SRG I_Femur,Fracture (Single Condylar),Open Reduction And Internal Fixation (ORIF);BASIC;8410000;2950000
6917;SRG I_Femur,Fracture,Open Reduction And Internal Fixation (ORIF) with Plate And Screws;BASIC;8700000;3050000
6918;SRG I_Finger,Defect/Contracture (Multiple),Reconstruction;BASIC;7250000;2540000
6919;SRG I_Finger,Defect/Contracture (Single),Reconstruction;BASIC;4790000;1680000
6920;SRG I_Finger,Syndactyly (Multiple),Separation;BASIC;10440000;3660000
6921;SRG I_Finger,Syndactyly (Single),Correction;BASIC;5800000;2030000
6922;SRG I_Finger,Various Lesions,Amputation (Multiple);BASIC;4060000;1430000
6923;SRG I_Finger,Various Lesions,Amputation (Single);BASIC;2900000;1020000
6924;SRG I_Foot,,Achilles Tendon Reconstruction;BASIC;8240000;2890000
6925;SRG I_Foot,Congenital Talipes Equinovarus (CTEV),Bilateral Release;BASIC;9860000;3460000
6926;SRG I_Foot,Congenital Talipes Equinovarus (CTEV),Medial Release;BASIC;4740000;1660000
6927;SRG I_Foot,Crush Injuries (Complex),Wound Debridement;BASIC;3740000;1310000
6928;SRG I_Foot,Crush Injuries (Simple),Wound Debridement;BASIC;2320000;820000
6929;SRG I_Foot,Fractures,Open Reduction And Internal Fixation (Complex/Multiple Including Talus And Calcaneum);BASIC;8700000;3050000
6930;SRG I_Foot,Hallux Valgus/Hammer Toe,Proximal Osteotomy with/without Soft Tissue Reconstruction;BASIC;8410000;2950000
6931;SRG I_Gallbladder,Various Lesions,Cholecystectomy (Laparoscopy);BASIC;9670000;3390000
6932;SRG I_Gallbladder,Various Lesions,Cholecystectomy (Open);BASIC;6960000;2440000
6933;SRG I_Gallbladder,Various Lesions,Cholecystectomy And Repair Of Cholecysto-Enteric/ Cholecysto-Choledochal Fistula (Laparoscopy);BASIC;12990000;4550000
6934;SRG I_Gallbladder,Various Lesions,Cholecystectomy And Repair Of Cholecysto-Enteric/ Cholecysto-Choledochal Fistula (Open);BASIC;9280000;3250000
6935;SRG I_Gallbladder,Various Lesions,Cholecystectomy/Choledochotomy/Common Bile Duct Exploration with Choledocho-Duodenostomy (Laparoscopy);BASIC;11770000;4130000
6936;SRG I_Gallbladder,Various Lesions,Cholecystectomy/Choledochotomy/Common Bile Duct Exploration with Choledocho-Duodenostomy (Open);BASIC;8410000;2950000
6937;SRG I_Genital Tract,Cancer,Staging Under General Anesthesia (Includes Cystoscopy/Dilatation & Curettage/Biopsy);BASIC;1810000;640000
6938;SRG I_Genital,Fournier Gangrene,Debridement;BASIC;4120000;1450000
6939;SRG I_Hand,Closed Fracture,ORIF (Multiple) Non-Joint;BASIC;12620000;4420000
6940;SRG I_Hand,Closed Fracture,ORIF with K-Wire/Cerclage Wire Fixation;BASIC;5510000;1930000
6941;SRG I_Hand,Closed Fracture,ORIF/Plate And Screws (Single) Joint/Non-Joint;BASIC;8410000;2950000
6942;SRG I_Hand,Crush Injuries (Complex),Wound Debridement;BASIC;4120000;1450000
6943;SRG I_Hand,Crush Injuries (Simple),Wound Debridement;BASIC;2320000;820000
6944;SRG I_Hand,Flexor Tendon,Trigger Finger (Multiple) Release;BASIC;5220000;1830000
6945;SRG I_Hand,Flexor Tendon,Trigger Finger (Single) Release;BASIC;2610000;920000
6946;SRG I_Hand,Fractures/Dislocation,Open Reduction And Internal Fixation (Multiple);BASIC;12620000;4420000
6947;SRG I_Hand,Open Fracture,Debridement And ORIF (Single) Joint;BASIC;8410000;2950000
6948;SRG I_Hip,Various Lesions,Hemi-Arthroplasty;BASIC;10500000;3680000
6949;SRG I_Hip,Various Lesions,Primary Total Joint Replacement (Lap/MIS/Navigated);BASIC;14700000;5150000
6950;SRG I_Hip,Various Lesions,Primary Total Joint Replacement (Open);BASIC;13920000;4880000
6951;SRG I_Hip,Various Lesions,Primary Total Joint Replacement with Augmentation Requiring Extra Implants Or Bone Grafts (Open);BASIC;18100000;6340000
6952;SRG I_Hip,Various Lesions,Revision Hemi-Arthroplasty;BASIC;13650000;4780000
6953;SRG I_Hip,Various Lesions,Revision Total Joint Replacement (MIS/Laparoscopy);BASIC;25330000;8870000
6954;SRG I_Hip,Various Lesions,Revision Total Joint Replacement (Open);BASIC;18100000;6340000
6955;SRG I_Hip/Knee,Therapeutic Arthroscopy,with/without Synovectomy/Labral Repair/FAI Resection For Hip;BASIC;8760000;3070000
6956;SRG I_Humerus,Proximal Humerus Or Supracondylar Fracture,ORIF;BASIC;8410000;2950000
6957;SRG I_Joints (Finger),Various Lesions,Replacement Arthroplasty;BASIC;10740000;3760000
6958;SRG I_Joints (Lower Limb),Loose Bodies,Removal;BASIC;5460000;1920000
6959;SRG I_Joints (Upper Limb),Vascular Injury,Major Vascular Reconstruction/Anastomosis/Graft;BASIC;10740000;3760000
6960;SRG I_Joints,Arthroscopy,Diagnostic;BASIC;4610000;1620000
6961;SRG I_Kidney,,Renovascular Reconstruction;BASIC;9670000;3390000
6962;SRG I_Kidney,Blocked Nephrostomy Tube,Change;BASIC;1510000;530000
6963;SRG I_Kidney,Calculus,Extra Corporeal Shockwave Lithotripsy (ESWL);BASIC;5920000;2080000
6964;SRG I_Kidney,Calculus,Nephrolithotomy/Pyelolithotomy;BASIC;6480000;2270000
6965;SRG I_Kidney,Calculus,Percutaneous Nephrolithotomy Or Percutaneous Nephrostolithotomy (PCNL);BASIC;10970000;3840000
6966;SRG I_Kidney,Cyst,Imaging Guided Percutaneous Aspiration;BASIC;6800000;2390000
6967;SRG I_Kidney,Cyst,Sclerosing And Percutaneous Drainage;BASIC;5920000;2080000
6968;SRG I_Kidney,Cyst,Unroofing/Deroofing;BASIC;4120000;1450000
6969;SRG I_Kidney,Cyst,Unroofing/Deroofing (Laparoscopy);BASIC;5920000;2080000
6970;SRG I_Kidney,Pyonephrosis,Drainage (Open);BASIC;5140000;1810000
6971;SRG I_Kidney,Staghorn Calculus,Nephrolithotomy Or Percutaneous Nephrostolithotomy (PCNL);BASIC;10240000;3590000
6972;SRG I_Kidney,Staghorn Calculus,Percutaneous Nephrostolithotomy (PCNL) Laser;BASIC;13870000;4860000
6973;SRG I_Kidney,Various Lesion,Robotic Renal Biopsy;BASIC;6800000;2390000
6974;SRG I_Kidney,Various Lesions,Biopsy (Closed);BASIC;3130000;1100000
6975;SRG I_Kidney,Various Lesions,Partial Nephrectomy (Laparoscopy);BASIC;16410000;5750000
6976;SRG I_Kidney,Various Lesions,Radical Nephrectomy (Laparoscopy);BASIC;13870000;4860000
6977;SRG I_Kidney,Various Lesions,Simple Nephrectomy (Laparoscopy);BASIC;9670000;3390000
6978;SRG I_Kidney/Ureter,,Pyeloplasty (Unilateral - Open/Laparoscopy);BASIC;6800000;2390000
6979;SRG I_Kidney/Ureter,,Retrograde Intrarenal Surgery Or RIRS Using Flexible Ureteroscopy (Diagnostic);BASIC;4740000;1660000
6980;SRG I_Kidney/Ureter,,Retrograde Intrarenal Surgery Or RIRS Using Flexible Ureteroscopy (Therapeutic - e.g. Lithotripsy And/Or Basket Extraction Of Stones);BASIC;9670000;3390000
6981;SRG I_Knee Ligaments,Disruption,Reconstruction And Repair;BASIC;11020000;3860000
6982;SRG I_Knee,Arthroscopy,Knee Ligament Reconstruction (1 Or More);BASIC;9280000;3250000
6983;SRG I_Knee,Ligaments/Meniscus/Cartilage/Bone Combined,ACL Or PCL Reconstruction (MIS/Laparoscopy);BASIC;13920000;4880000
6984;SRG I_Knee,Ligaments/Meniscus/Cartilage/Bone Combined,Ligament Reconstruction with Meniscal Repair (Laparoscopy);BASIC;13920000;4880000
6985;SRG I_Knee,Meniscus/Cartilage,Meniscal Repair (Laparoscopy);BASIC;10880000;3810000
6986;SRG I_Knee,Various Lesions,Meniscectomy with/without Arthroscopy;BASIC;8760000;3070000
6987;SRG I_Knee,Various Lesions,Primary Total Joint Replacement (Unilateral - Open);BASIC;11600000;4060000
6988;SRG I_Knee,Various Lesions,Primary Total Joint Replacement (Unilateral) (Lap/MIS/Navigated);BASIC;16240000;5690000
6989;SRG I_Knee,Various Lesions,Primary Total Joint Replacement (Unilateral) with Augmentation Requiring Extra Implants Or Bone Grafts (Open);BASIC;15080000;5280000
6990;SRG I_Knee,Various Lesions,Revision Total Joint Replacement (MIS/Laparoscopy);BASIC;21110000;7390000
6991;SRG I_Knee,Various Lesions,Revision Total Joint Replacement (Open);BASIC;15080000;5280000
6992;SRG I_Laparotomy Debulking (Advanced Disease,Primary/Recurrent);BASIC;8410000;2950000
6993;SRG I_Laryngoscopy with Removal Of Tumour/Lesions,,Laryngoscopy with Removal Of Tumour/Lesions;BASIC;6500000;2280000
6994;SRG I_Larynx And Pharynx,Various Lesions,Laser Application;BASIC;5180000;1820000
6995;SRG I_Larynx,,Laryngectomy with Bilateral Neck Dissection;BASIC;10250000;3590000
6996;SRG I_Larynx,Various Lesions,Hemi/Partial Laryngectomy;BASIC;10250000;3590000
6997;SRG I_Larynx,Various Lesions,Hemi/Partial Laryngectomy with Radical Neck Dissection;BASIC;11600000;4060000
6998;SRG I_Lens,,Complicated Cataract Extraction with Intraocular Lens Implant (Capsular Tension Ring/Capsular Tension Segment);BASIC;4400000;1540000
6999;SRG I_Lens,Cataract,Extraction with Intra-Ocular Lens Implant (Unilateral);BASIC;5250000;1840000
7000;SRG I_Lens,Cataract,Extraction with Intra-Ocular Lens Implant And Trabeculectomy with/without Antimetabolites;BASIC;5250000;1840000
7001;SRG I_Liver,Abscess,Trans-Abdominal Drainage (Laparoscopy);BASIC;5770000;2020000
7002;SRG I_Liver,Abscess,Trans-Abdominal Drainage (Open);BASIC;4120000;1450000
7003;SRG I_Lower Limb,Ischemia,Fasciotomy;BASIC;5390000;1890000
7004;SRG I_Lung,Various Lesions,Pneumonectomy/Lobectomy/Segmental Resection;BASIC;12060000;4230000
7005;SRG I_Lung,Various Lesions,Repeat/Multiple/Complex Resections;BASIC;10230000;3580000
7006;SRG I_Lung,Various Lesions,Wedge Resection;BASIC;8680000;3040000
7007;SRG I_Lymph Node (Axillary),Various Lesions,Sentinel LN Biopsy Only;BASIC;3760000;1320000
7008;SRG I_Lymph Node (Cervical),,Radical with Flap Reconstruction;BASIC;14790000;5180000
7009;SRG I_Lymph Node (Cervical),Various Lesions,Biopsy;BASIC;1870000;660000
7010;SRG I_Lymph Node (Cervical),Various Lesions,Neck Dissection (Bilateral 3 Or Less Levels);BASIC;7520000;2640000
7011;SRG I_Lymph Node (Cervical),Various Lesions,Neck Dissection (Unilateral 1-3 Levels);BASIC;5940000;2080000
7012;SRG I_Lymph Node (Cervical),Various Lesions,Radical Neck Dissection;BASIC;10440000;3660000
7013;SRG I_Lymph Node (Cervical),Various Lessions,Biopsy;BASIC;2920000;1030000
7014;SRG I_Lymph Node (Inguinal),Various Lesions,Limited Excision;BASIC;3760000;1320000
7015;SRG I_Lymph Node (Inguinal),Various Lesions,Radical Excision;BASIC;4940000;1730000
7016;SRG I_Lymph Node (Pelvic) Dissection,,Dissection (Open);BASIC;7210000;2530000
7017;SRG I_Lymph Node (Pelvic),,Dissection (Laparoscopy);BASIC;10090000;3540000
7018;SRG I_Lymph Node (Retropharyngeal),,Neck Dissection (Open/Transoral);BASIC;8040000;2820000
7019;SRG I_Lymph Node (Single),Various Lesions,Excision Biopsy (Laparoscopy);BASIC;4040000;1420000
7020;SRG I_Lymph Node (Single),Various Lesions,Excision Biopsy (Open);BASIC;2880000;1010000
7021;SRG I_Lymph Node,Various Lesions,Biopsy;BASIC;2800000;980000
7022;SRG I_Maxilla,Alveolar Cleft (Unilateral Complete),Bone Graft And Closure Of Naso Buccal Fistula;BASIC;6960000;2440000
7023;SRG I_Maxilla,Fracture - Lefort II (Complex),Open Reduction And Fixation;BASIC;8120000;2850000
7024;SRG I_Maxilla,Various Lesions,Ostectomy/Osteotomy (>1 Segment);BASIC;8120000;2850000
7025;SRG I_Maxilla,Various Lesions,Resection/Hemimaxillectomy (Open Or Endoscopic Method);BASIC;6960000;2440000
7026;SRG I_Mouth,Cleft Lip,Unilateral Primary Repair;BASIC;4120000;1450000
7027;SRG I_Mouth,Tumor,Radical Excision Biopsy with Resection Of Mandible And Lymph Nodes And Reconstruction;BASIC;12060000;4230000
7028;SRG I_Mucous Membrane,Tumor/Cyst/Ulcer/Scar,Excision;BASIC;1800000;630000
7029;SRG I_Nerve (Upper Limb),Carpal Tunnel Syndrome,Release with Endoneurolysis (Bilateral);BASIC;14250000;4990000
7030;SRG I_Nerve (Upper Limb),Carpal Tunnel Syndrome,Release with Endoneurolysis (Unilateral);BASIC;9740000;3410000
7031;SRG I_Nerve (Upper Limb),Entrapment Syndrome (Others),Decompression (Unilateral);BASIC;8960000;3140000
7032;SRG I_Nerve (Upper Limb),Guyon's Tunnel Syndrome,Release (Unilateral);BASIC;8960000;3140000
7033;SRG I_Nerve Root (Cervical),,Block (Injection Of Anaesthetic - Therapeutic Substance) (>1 level);BASIC;10310000;3610000
7034;SRG I_Nerve Root (Lumbar/Thoracic),,Block (Injection Of Anaesthetic - Therapeutic Substance) (1 level);BASIC;10310000;3610000
7035;SRG I_Nose,Hematoma/Abscess,Evacuation/Incision & Drainage;BASIC;2090000;740000
7036;SRG I_Nose,Various Lesions (Turbinates),Turbinectomy/Turbinoplasty/Submucous Resection (with/without Endoscopes);BASIC;4660000;1640000
7037;SRG I_Nose,Various Lesions,Septoplasty/Submucous Resection;BASIC;5800000;2030000
7038;SRG I_Ovary,Malignant Tumor/Cyst,Total Hysterectomy Bilateral Salpingo-Oophorectomy with Omentectomy,Surgical Staging with/without Lymphadenectomy (Laparoscopy);BASIC;12590000;4410000
7039;SRG I_Ovary,Malignant Tumor/Cyst,Total Hysterectomy Bilateral Salpingo-Oophorectomy with Omentectomy,Surgical Staging with/without Lymphadenectomy (Open);BASIC;8990000;3150000
7040;SRG I_Ovary,Tumor/Cyst,Cystectomy (Complicated >5cm - Laparoscopy);BASIC;7550000;2650000
7041;SRG I_Ovary,Tumor/Cyst,Cystectomy (Complicated >5cm);BASIC;5390000;1890000
7042;SRG I_Ovary,Tumor/Cyst,Cystectomy (Simple <5cm - Laparoscopy);BASIC;6740000;2360000
7043;SRG I_Ovary,Tumor/Cyst,Cystectomy (Simple <5cm);BASIC;4810000;1690000
7044;SRG I_Ovary,Tumor/Cyst,Oophorectomy/Salpingo-Oophorectomy (Complicated);BASIC;6500000;2280000
7045;SRG I_Ovary,Tumor/Cyst,Oophorectomy/Salpingo-Oophorectomy (Simple);BASIC;4840000;1700000
7046;SRG I_Paravertebral Region,Block,Anaesthetic (>2 levels);BASIC;10310000;3610000
7047;SRG I_Parotid,,Total Parotidectomy with/without Preservation Of Facial Nerve;BASIC;10960000;3840000
7048;SRG I_Parotid,Tumor,Superficial Parotidectomy;BASIC;7100000;2490000
7049;SRG I_Pelvis,Fracture,Fixation Of Anterior And Posterior Ring;BASIC;12470000;4370000
7050;SRG I_Penis,,Dorsumcision;BASIC;2820000;990000
7051;SRG I_Penis,,V. Spermatika Interna Ligation (Microsurgery);BASIC;5920000;2080000
7052;SRG I_Penis,Buried Penis,Buried Penis Surgery;BASIC;4120000;1450000
7053;SRG I_Penis,Congenital Organ Abnormality,Webbed Penis Excision;BASIC;4120000;1450000
7054;SRG I_Penis,Glanular Hypospadias,Meatoplasty And Circumcision;BASIC;2820000;990000
7055;SRG I_Penis,Hypospadias,Correction Of Chordee;BASIC;4840000;1700000
7056;SRG I_Penis,Hypospadias,Urethral Reconstruction;BASIC;7710000;2700000
7057;SRG I_Penis,Hypospadias,Urethral Reconstruction & Correction Of Chordee;BASIC;9670000;3390000
7058;SRG I_Penis,Paraphimosis/Phimosis/Reduction Prepuce,Circumcision;BASIC;2820000;990000
7059;SRG I_Penis,Penoscrotal Transposition,Reconstruction;BASIC;9670000;3390000
7060;SRG I_Penis,Priapism,Priapism Operation (Winter Procedure);BASIC;4120000;1450000
7061;SRG I_Penis,Trauma,Reconstruction (1st Stage);BASIC;8170000;2860000
7062;SRG I_Penis,Trauma,Reconstruction (2nd Stage);BASIC;8170000;2860000
7063;SRG I_Penis,Various Lesions,Insertion Of Penile Prosthesis;BASIC;9670000;3390000
7064;SRG I_Peripheral Nerve,Block,Anaesthetic (Up To 2 Nerves);BASIC;8960000;3140000
7065;SRG I_Prostate Gland,,Simple Prostatectomy (Laparoscopy);BASIC;9090000;3190000
7066;SRG I_Prostate Gland,,Simple Prostatectomy (Open);BASIC;6500000;2280000
7067;SRG I_Prostate Gland,Various Lesions,Biporal Transurethral Resection Of Prostate (Bipolar Turp);BASIC;8410000;2950000
7068;SRG I_Prostate Gland,Various Lesions,Open Prostatectomy And Sectio Alta;BASIC;4120000;1450000
7069;SRG I_Prostate Gland,Various Lesions,Radical Prostatectomy (Laparoscopy);BASIC;14690000;5150000
7070;SRG I_Prostate Gland,Various Lesions,Radical Prostatectomy (Open);BASIC;10490000;3680000
7071;SRG I_Prostate Gland,Various Lesions,Saturation Prostate Biopsy;BASIC;2800000;980000
7072;SRG I_Prostate Gland,Various Lesions,Trans-Rectal Ultrasound (TRUS);BASIC;1510000;530000
7073;SRG I_Prostate Gland,Various Lesions,Trans-Rectal Ultrasound (TRUS) Guided Biopsy;BASIC;1510000;530000
7074;SRG I_Prostate Gland,Various Lesions,Transurethral Resection Of Prostate (TURP) >30gm;BASIC;7190000;2520000
7075;SRG I_Radius And Ulna,Fracture/Dislocation,Open Reduction And Internal Fixation with/without Bone Grafting;BASIC;8410000;2950000
7076;SRG I_Rectum,,Ultra-Low Anterior Resection (Total Mesorectal Excision) with/without PLND;BASIC;9700000;3400000
7077;SRG I_Scrotum,Hydrocele/Varicocele (Unilateral),Excision;BASIC;3750000;1320000
7078;SRG I_Scrotum,Varicocele,Varicocelectomy (Palomo);BASIC;3130000;1100000
7079;SRG I_Shoulder Fracture/Dislocation,,Open Reduction And Internal Fixation (3 Or More Part Fracture);BASIC;8410000;2950000
7080;SRG I_Shoulder,,Acromioclavicular Joint Stabilisation/Reconstruction;BASIC;8410000;2950000
7081;SRG I_Shoulder,,Therapeutic Arthroscopy;BASIC;11600000;4060000
7082;SRG I_Shoulder,Shoulder Soft Tissue Injury,Decompression Alone (Open/Laparoscopy);BASIC;10880000;3810000
7083;SRG I_Shoulder,Shoulder Soft Tissue Injury,Decompression with Cuff Repair (Open/Laparoscopy);BASIC;12180000;4270000
7084;SRG I_Shoulder,Shoulder Soft Tissue Injury,MIS Repair With Superior Labrum From Anterior To Posterior (Slap) Repair/Rotator Cuff Repair;BASIC;13920000;4880000
7085;SRG I_Shoulder,Shoulder Soft Tissue Injury,Open Bankart Repair With Superior Labrum From Anterior To Posterior (Slap) Repair/Rotator Cuff Repair;BASIC;10740000;3760000
7086;SRG I_Shoulder,Various Lesions,Hemiarthroplasty;BASIC;9670000;3390000
7087;SRG I_Sinuses,Nasal,Foreign Body/Other Lesions,Intranasal Operation/Removal Of Foreign Body;BASIC;3130000;1100000
7088;SRG I_Sinuses,Nasal,Infection,Functional Sinuscopic Drainage Of Ethmoidal/ Maxillary Sinuses;BASIC;6500000;2280000
7089;SRG I_Sinuses,Nasal,Infection,Functional Sinuscopic Ethmoidectomy (Bilateral);BASIC;8100000;2840000
7090;SRG I_Sinuses,Nasal,Infection,Functional Sinuscopic Ethmoidectomy (Unilateral);BASIC;5790000;2030000
7091;SRG I_Skin And Subcutaneous Tissue (Ear/Nose/Eyelid/Face),Complex Lacerations,Repair;BASIC;4210000;1480000
7092;SRG I_Skin And Subcutaneous Tissue (Face And Neck),Scar (>3cm),Revision;BASIC;2880000;1010000
7093;SRG I_Skin And Subcutaneous Tissue,Burns,Escharotomy (Extensive);BASIC;1510000;530000
7094;SRG I_Skin And Subcutaneous Tissue,Burns,Escharotomy (Limited);BASIC;750000;270000
7095;SRG I_Skin And Subcutaneous Tissue,Deep (>3cm)/Extensive Contaminated Wound,Debridement;BASIC;3750000;1320000
7096;SRG I_Skin And Subcutaneous Tissue,Defect,Direct Flap (Cross Finger/Similar Flaps);BASIC;6120000;2150000
7097;SRG I_Skin And Subcutaneous Tissue,Defect,Single Stage Local Flap (Complicated/Large);BASIC;7860000;2760000
7098;SRG I_Skin And Subcutaneous Tissue,Hematoma/Carbuncle Cellulitis/Similar Lesion>3cm,Saucerisation/Incision with Drainage;BASIC;2510000;880000
7099;SRG I_Skin And Subcutaneous Tissue,Sinus (Shallow<3cm),Excision with/without Biopsy;BASIC;870000;310000
7100;SRG I_Skin And Subcutaneous Tissue,Tumor/Cyst/Ulcer/Scar,Excision Biopsy  (> 15mm diameter);BASIC;1510000;530000
7101;SRG I_Skin And Subcutaneous Tissue,Wound,Debridement (<3cm);BASIC;840000;300000
7102;SRG I_Skin,Burns (2% To 5%),Excision;BASIC;2460000;870000
7103;SRG I_Skin,Burns (More Than 10%),Dressing;BASIC;2890000;1020000
7104;SRG I_Skin,Keratoses/Warts/Tags/Similar Lesions,Excision (6 - 10 Lesions);BASIC;1510000;530000
7105;SRG I_Skin,Keratoses/Warts/Tags/Similar Lesions,Excision (More Than10 Lesions);BASIC;3130000;1100000
7106;SRG I_Skin,Keratoses/Warts/Tags/Similar Lesions,Excision (Not More Than 5 Lesions);BASIC;750000;270000
7107;SRG I_Skin,Plantar Wart,Excision Or Vaporisation By Laser;BASIC;750000;270000
7108;SRG I_Skull,Intracranial Hemorrhage,Osteoplastic Craniotomy/Extensive Craniectomy (Unilateral);BASIC;30920000;10830000
7109;SRG I_Soft Tissue (Lower Limb),Contracture,Major Release;BASIC;5920000;2080000
7110;SRG I_Soft Tissue (Lower Limb),Contracture,Minor Release;BASIC;3130000;1100000
7111;SRG I_Soft Tissue (Lower Limb),Small Tumors (Benign),Excision Biopsy Under General Anesthesia;BASIC;1920000;680000
7112;SRG I_Soft Tissue (Lower Limb),Tumors (Benign),Wide Excision Biopsy;BASIC;4730000;1660000
7113;SRG I_Soft Tissue (Upper Limb),Tumors (Benign),Major Excision Biopsy;BASIC;4730000;1660000
7114;SRG I_Soft Tissue (Upper Limb),Tumors (Malignant),Wide Excision Biopsy;BASIC;6030000;2120000
7115;SRG I_Soft Tissue,Tumor (Malignant),Wide Excision Biopsy <7cm Other Than Upper/Lower Limbs;BASIC;3750000;1320000
7116;SRG I_Spermatic Cord,Spermatocele/Epididymal Cyst,Excision;BASIC;3750000;1320000
7117;SRG I_Spine (exclude Cervical Spine),Various Lesions,Interbody Fusion (Single Segment) with Anterior/Posterior Instrumentation;BASIC;20880000;7310000
7118;SRG I_Spine,,Facet Joint Block (Injection Of Anaesthetic Or Therapeutic Substance) up to 3 Joints;BASIC;8960000;3140000
7119;SRG I_Spine,,Removal Of Spine Implants without Other Procedures (Anterior Approach);BASIC;10740000;3760000
7120;SRG I_Spine,,Vertebroplasty Or Kyphoplasty (Multiple Levels);BASIC;15490000;5430000
7121;SRG I_Spine,,Vertebroplasty Or Kyphoplasty (Single Level);BASIC;10320000;3620000
7122;SRG I_Spine,Fracture-Dislocation,Open Reduction And Stabilisation;BASIC;14340000;5020000
7123;SRG I_Spine,Infection,Posterior Drainage,Debridement And Removal Of Implants,without Fusion Or Other Procedures;BASIC;10740000;3760000
7124;SRG I_Spine,Percutaneous Disc Ablation,2 Or More Levels (Intradiscal Electrothermal Annuloplasty/IDET);BASIC;12620000;4420000
7125;SRG I_Spine,Percutaneous Disc Ablation,Single Level (Intradiscal Electrothermal Annuloplasty/IDET);BASIC;8410000;2950000
7126;SRG I_Spine,Syringomyelia,Laminectomy And Drainage;BASIC;14340000;5020000
7127;SRG I_Spleen,Trauma,Splenectomy;BASIC;7950000;2790000
7128;SRG I_Spleen,Various Non-Traumatic Lesions,Splenectomy (Open);BASIC;6500000;2280000
7129;SRG I_Tendon Sheath (Upper Limb),De Quervain's (Bilateral),Release;BASIC;7190000;2520000
7130;SRG I_Tendon Sheath (Upper Limb),De Quervain's (Unilateral),Release;BASIC;5390000;1890000
7131;SRG I_Tendon Sheath (Upper Limb),Ganglion/Villo-Nodular Synovitis,Excision;BASIC;3490000;1230000
7132;SRG I_Tendon Sheath And Subcutaneous Tissue,Ganglion/Large Bursa,Excision Biopsy (>3cm) ;BASIC;3130000;1100000
7133;SRG I_Tendon Sheath And Subcutaneous Tissue,Ganglion/Small Bursa,Excision Biopsy (<3cm) ;BASIC;2850000;1000000
7134;SRG I_Tendon-Achilles (Lower Limb),Disruption,Repair;BASIC;5800000;2030000
7135;SRG I_Testis,Inguinal,Hydrocele,High Ligation Surgery;BASIC;4120000;1450000
7136;SRG I_Testis,Undescended/Ectopic (Bilateral),Orchidopexy/Transplantation with Hernia Repair;BASIC;7250000;2540000
7137;SRG I_Testis,Undescended/Ectopic (Unilateral),Orchidopexy/Transplantation with Hernia Repair;BASIC;5180000;1820000
7138;SRG I_Testis,Variocoele,Spermatic Vein Embolisation;BASIC;4380000;1540000
7139;SRG I_Testis,Various Lesions,Exploration/Repair;BASIC;2070000;730000
7140;SRG I_Testis,Various Lesions,Orchidectomy (Simple - Laparoscopy);BASIC;7870000;2760000
7141;SRG I_Testis,Various Lesions,Orchidectomy (Simple);BASIC;5620000;1970000
7142;SRG I_Thorax,,Decortication (Laparoscopy);BASIC;12460000;4370000
7143;SRG I_Thorax,Effusion/Fluid/Abscess Collection,Imaging Guided Percutaneous Aspiration/Diagnostic Tap;BASIC;3320000;1170000
7144;SRG I_Thorax,Pleural Effusion,Aspiration;BASIC;1100000;390000
7145;SRG I_Thorax,Pleural Effusion,Biopsy;BASIC;1370000;490000
7146;SRG I_Thorax,Tumor (Mediastinal),Complex Resection;BASIC;12880000;4510000
7147;SRG I_Thorax,Tumor (Mediastinal),Resection;BASIC;10230000;3580000
7148;SRG I_Thorax,Various Lesions,Intercostal Drain (Insertion without Resection Of Rib);BASIC;4170000;1460000
7149;SRG I_Thorax,Various Lesions,Thoracotomy (Exploration) with/without Biopsy;BASIC;5900000;2070000
7150;SRG I_Thyroglossal Duct,Cyst Fistula,Excision;BASIC;3510000;1240000
7151;SRG I_Thyroid,Various Lesions,Hemithyroidectomy/Partial Thyroidectomy;BASIC;7880000;2760000
7152;SRG I_Thyroid,Various Lesions,Total/Subtotal Thyroidectomy;BASIC;7920000;2780000
7153;SRG I_Thyroid,Various Lesions,Total/Subtotal Thyroidectomy with Neck Dissection (Unilateral);BASIC;15750000;5520000
7154;SRG I_Tibia,Fracture,Open Reduction And Internal Fixation with Plates And Screws (Comminuted);BASIC;10930000;3830000
7155;SRG I_Tibia,Fracture,Open Reduction and Internal Fixation with Plates And Screws (Simple);BASIC;8410000;2950000
7156;SRG I_Tibia,Tibial Plateau,Tibia Plateau Unicondylar ORIF;BASIC;8410000;2950000
7157;SRG I_Tongue,Tumor,Glossectomy with Radical Neck Dissection;BASIC;8410000;2950000
7158;SRG I_Tongue,Tumor,Hemi-Glossectomy;BASIC;4120000;1450000
7159;SRG I_Tongue,Tumor,Total Glossectomy;BASIC;4640000;1630000
7160;SRG I_Tonsils,Abscess,Drainage;BASIC;750000;270000
7161;SRG I_Tonsils,Various Lesions,Removal;BASIC;3850000;1350000
7162;SRG I_Trachea,Tracheostomy,Revision And Reinsertion;BASIC;5030000;1770000
7163;SRG I_Trachea,Various Lesions,Trachea Reconstruction;BASIC;7810000;2740000
7164;SRG I_Trachea,Various Lesions,Tracheostomy;BASIC;3640000;1280000
7165;SRG I_Upper Limb,Fracture/Dislocation,Manipulation And Reduction;BASIC;2320000;820000
7166;SRG I_Ureter,,Anastomosis End To End Ureter;BASIC;4740000;1660000
7167;SRG I_Ureter,,Cystoscopy And Insertion Of Double J Stent;BASIC;4740000;1660000
7168;SRG I_Ureter,,Extra Corporeal Shockwave Lithotripsy (ESWL) For Ureteric Stone;BASIC;5920000;2080000
7169;SRG I_Ureter,,Ureteroscopy;BASIC;3750000;1320000
7170;SRG I_Ureter,Calculus,Ureteroscopy And Lithotripsy with/without Ultrasound;BASIC;6800000;2390000
7171;SRG I_Ureter,Calculus,Ureteroscopy And Lithotripsy with/without Ultrasound (Laser);BASIC;9670000;3390000
7172;SRG I_Ureter,Various Lesions,Intestinal Conduit;BASIC;9180000;3220000
7173;SRG I_Ureter,Various Lesions,Reimplantation (Bilateral);BASIC;9670000;3390000
7174;SRG I_Ureter,Various Lesions,Reimplantation (Unilateral);BASIC;6800000;2390000
7175;SRG I_Ureter,Various Lesions,Reimplantation,Laparoscopy (Unilateral);BASIC;9670000;3390000
7176;SRG I_Ureter,Various Lesions,Ureterotomy/Insertion Of Double J Stent;BASIC;5010000;1760000
7177;SRG I_Urethra,,Ureteroscopy;BASIC;3130000;1100000
7178;SRG I_Urethra,Hypospadias,Meatoplasty;BASIC;1730000;610000
7179;SRG I_Urethra,Injury,Repair/Urethroplasty Of Anterior Urethra;BASIC;5010000;1760000
7180;SRG I_Urethra,Meatal Stenosis,Meatotomy;BASIC;1800000;630000
7181;SRG I_Urethra,Various Lesions,Sachse Internal Urethrotomy;BASIC;6800000;2390000
7182;SRG I_Urethra,Various Lesions,Staged Urethroplasty (Each Stage);BASIC;6800000;2390000
7183;SRG I_Uterus,,Sub-Total/Total Hysterectomy with/without Salpingo-Oophorectomy;BASIC;7840000;2750000
7184;SRG I_Uterus,Endometriosis,Hysterectomy with Salpingo-Oophorectomy;BASIC;8410000;2950000
7185;SRG I_Uterus,Endometriosis,Hysterectomy without Salpingo-Oophorectomy;BASIC;5920000;2080000
7186;SRG I_Uterus,Fibroids,Myomectomy (Complicated >5cm/Multiple >2/Challenging Location);BASIC;7420000;2600000
7187;SRG I_Uterus,Fibroids,Myomectomy (Simple <5cm - Laparoscopy);BASIC;8570000;3000000
7188;SRG I_Uterus,Fibroids,Myomectomy (Simple <5cm - Open);BASIC;6120000;2150000
7189;SRG I_Uterus,Malignant Condition,Radical Hysterectomy with/without Lymphadenectomy;BASIC;9220000;3230000
7190;SRG I_Uterus,Malignant Condition,Radical Hysterectomy with/without Lymphadenectomy (Laparoscopy);BASIC;12900000;4520000
7191;SRG I_Uterus,Malignant Condition,Total Hysterectomy with/without Salpingo-Oophorectomy with/without Lymph Node Dissection (Open);BASIC;8410000;2950000
7192;SRG I_Uterus,Pregnancy And Multiparity,Uncomplicated Caesarean Section And Tubal Ligation;BASIC;5530000;1940000
7193;SRG I_Uterus,Pregnancy,Caesarean Section with Hysterectomy;BASIC;9380000;3290000
7194;SRG I_Uterus,Pregnancy,Uncomplicated Caesarean Section;BASIC;4600000;1620000
7195;SRG I_Uterus,Various Lesions,Curettage with/without Dilatation;BASIC;1510000;530000
7196;SRG I_Uterus/Cervix,Hysteroscopy,Diagnostic with General Anesthesia;BASIC;1690000;600000
7197;SRG I_Vas Deferens,,Vasovasostomy;BASIC;6800000;2390000
7198;SRG I_Vas Deferens,Various Lesions,Varicocelectomy (Microsurgical);BASIC;6800000;2390000
7199;SRG I_Vas Deferens,Various Lesions,Vasectomy;BASIC;2800000;990000
7200;SRG I_Vein,Arterio-Venous Fistula,Dissection And Ligation;BASIC;1650000;580000
7201;SRG I_Vein,Bleeding Varicosities/Vascular Malformation,Image Guided Sclerotherapy Injection;BASIC;4970000;1740000
7202;SRG I_Vein,Varicosity,High Ligation And Complete Stripping/Excision Of Long/Long And Short Saphenous Vein;BASIC;6180000;2170000
7203;SRG I_Vulva,Abscess,Incision;BASIC;1440000;510000
7204;SRG I_Vulva,Bartholin Cyst,Incision/Marsupialization with/without Use Of Laser;BASIC;1440000;510000
7205;SRG I_Vulva,Malignant Condition,Radical Vulvectomy With Groin Dissection And With Or Without Skin Flap Closure;BASIC;13200000;4620000
7206;SRG I_Wrist,Distal Or Radial Ulnar Joint (DRUJ) Instability,Complex Ligament Reconstruction;BASIC;10740000;3760000
7207;SRG I_Wrist,Distal Radius Fracture,Open Reduction And Internal Fixation (ORIF) with Ulnar Head/Styloid Fixation/Tfcc Repair;BASIC;8410000;2950000
7208;SRG II_Abdomen/Pelvis,Various Lesions,Insertion Of Peritoneal Dialysis Catheter;BASIC;1960000;690000
7209;SRG II_Abdomen/Pelvis,Various Lesions,Removal Of Peritoneal Dialysis Catheter;BASIC;1960000;690000
7210;SRG II_Abdominal Cavity,Adhesions,Lysis As Primary Procedure with/without Bowel Resection (Laparoscopy);BASIC;7690000;2690000
7211;SRG II_Abdominal Cavity,Adhesions,Lysis As Primary Procedure with/without Bowel Resection (Open);BASIC;5770000;2020000
7212;SRG II_Abdominal Cavity,Multiple Ruptures,Major Repair/Removal;BASIC;15060000;5270000
7213;SRG II_Abdominal Cavity,Various Lesions,Colostomy/Enterostomy/Gastrostomy (Laparoscopy);BASIC;10570000;3700000
7214;SRG II_Abdominal Cavity,Various Lesions,Colostomy/Enterostomy/Gastrostomy (Open);BASIC;7550000;2640000
7215;SRG II_Abdominal Cavity,Various Lesions,Exploratory Laparotomy;BASIC;5430000;1900000
7216;SRG II_Abdominal Wall,Epigastric/Umbilical Hernia,Repair (Open);BASIC;4860000;1700000
7217;SRG II_Abdominal Wall,Inguinal Hernia (Infants & Children),Herniotomy (Bilateral);BASIC;6810000;2380000
7218;SRG II_Abdominal Wall,Inguinal Hernia (Infants & Children),Herniotomy (Unilateral);BASIC;4860000;1700000
7219;SRG II_Abdominal Wall,Inguinal/Femoral Hernia,Bilateral Herniorrhaphy (Laparoscopy);BASIC;16320000;5710000
7220;SRG II_Abdominal Wall,Inguinal/Femoral Hernia,Bilateral Herniorrhaphy (Open);BASIC;11650000;4080000
7221;SRG II_Abdominal Wall,Inguinal/Femoral Hernia,Unilateral Herniorrhaphy (Laparoscopy);BASIC;11650000;4080000
7222;SRG II_Abdominal Wall,Inguinal/Femoral Hernia,Unilateral Herniorrhaphy (Open);BASIC;8320000;2910000
7223;SRG II_Abdominal Wall,Strangulated/Obstructed Hernia,Repair with Bowel Resection;BASIC;12590000;4410000
7224;SRG II_Abdominal Wall,Strangulated/Obstructed Hernia,Repair without Bowel Resection;BASIC;10180000;3560000
7225;SRG II_Abdominal Wall,Ventral/Incisional/Recurrent Hernia,Repair (Open);BASIC;11360000;3980000
7226;SRG II_Adenoids,Various Lesions,Removal;BASIC;4300000;1500000
7227;SRG II_Adrenals,Various Lesions,Biopsy/Excision (Laparoscopy);BASIC;12930000;4530000
7228;SRG II_Adrenals,Various Lesions,Biopsy/Excision (Open);BASIC;9230000;3230000
7229;SRG II_Ankle,,Therapeutic Arthroscopy;BASIC;11390000;3980000
7230;SRG II_Ankle,Ankle Fracture,Bimalleolar ORIF;BASIC;13570000;4750000
7231;SRG II_Ankle,Ankle Fracture,Unimalleolar ORIF;BASIC;9050000;3170000
7232;SRG II_Ankle,Dislocation,Open Reduction;BASIC;6980000;2440000
7233;SRG II_Ankle,Various Lesions,Repair Of Ligaments;BASIC;7010000;2450000
7234;SRG II_Anus,Fissure,Excision/Lateral Sphincterotomy;BASIC;3750000;1310000
7235;SRG II_Anus,Fistula-In-Ano (High),Complex And Recurrent Fistulectomy;BASIC;5560000;1950000
7236;SRG II_Anus,Fistula-In-Ano,Excision/ Fistulectomy;BASIC;3750000;1310000
7237;SRG II_Anus,Fistula-In-Ano,Insertion Of Seton;BASIC;5940000;2080000
7238;SRG II_Anus,Hemorrhoids,Hemorrhoidectomy with/without Sigmoidoscopy;BASIC;4150000;1450000
7239;SRG II_Anus,Hemorrhoids,Laser Haemorrhoidectomy;BASIC;7790000;2730000
7240;SRG II_Anus,Hemorrhoids,Removal Of External Anal Tags;BASIC;1870000;650000
7241;SRG II_Anus,Hemorrhoids,Stapled Haemorrhoidectomy;BASIC;5560000;1950000
7242;SRG II_Anus,Hemorrhoids,Transanal Haemorrhoidal Dearterialization (THD);BASIC;3620000;1270000
7243;SRG II_Anus,Perineal Abscess,Saucerisation/Drainage;BASIC;4060000;1420000
7244;SRG II_Anus,Stricture,Dilatation;BASIC;980000;340000
7245;SRG II_Aorta,,Total Arch Replacement;BASIC;54360000;19030000
7246;SRG II_Aorta,Aneurysm,Juxtarenal Type;BASIC;14260000;4990000
7247;SRG II_Aorta,Ruptured Aortic Aneurysm (Thoracic Or Abdominal),Endo-Vascular Aortic Repair;BASIC;22620000;7920000
7248;SRG II_Aorta,Thoraco-Abdominal Aneurysm,Excision And Insertion Of Graft;BASIC;54360000;19030000
7249;SRG II_Aortic Dissection,,Endovascular Fenestration;BASIC;4190000;1470000
7250;SRG II_Aortic Dissection,,Endovascular Stent Graft Repair;BASIC;16100000;5630000
7251;SRG II_Appendix,Various Lesions/Abscess,Appendicectomy with/without Drainage (Laparoscopy);BASIC;9230000;3230000
7252;SRG II_Appendix,Various Lesions/Abscess,Appendicectomy with/without Drainage (Open);BASIC;7400000;2590000
7253;SRG II_Arteriovenous Fistula Graft,,Thrombectomy;BASIC;6240000;2190000
7254;SRG II_Arteriovenous Fistula,,Angiogram;BASIC;3020000;1060000
7255;SRG II_Arteriovenous Fistula,,Synthetic Graft;BASIC;13290000;4650000
7256;SRG II_Artery,Intracranial,Thrombosis,Percutaneous Catheter Directed Thrombolysis/Thrombectomy;BASIC;40200000;14070000
7257;SRG II_Artery,Various Lesions,Arterio-Venuous Fistula Creation;BASIC;8280000;2900000
7258;SRG II_Bladder,Calculus,Vesicolithotomy/Litholapaxy/Ultrasonic Lithotripsy;BASIC;8840000;3100000
7259;SRG II_Bladder,Cystoscopy with/without Biopsy;BASIC;2340000;820000
7260;SRG II_Bladder,Cystoscopy,Removal Of Foreign Body/Ureteric Stent;BASIC;2730000;960000
7261;SRG II_Bladder,Cystoscopy,with Endoscopic Resection/Incision Of Bladder Neck;BASIC;5620000;1970000
7262;SRG II_Bladder,Retention Of Urine,Suprapubic Cystostomy;BASIC;4430000;1550000
7263;SRG II_Bladder,Various Lesions,Total Radical Cystectomy,For Malignancy (Laparoscopy);BASIC;18040000;6310000
7264;SRG II_Bladder,Various Lesions,Total Radical Cystectomy,For Malignancy (Open);BASIC;12890000;4510000
7265;SRG II_Bladder,Vesico-Rectal Fistula,Correction;BASIC;7690000;2690000
7266;SRG II_Bladder,Vesico-Vaginal Fistula,Correction;BASIC;13320000;4660000
7267;SRG II_Bladder/Ureter,Cystoscopy,with Ureteric Catheterisation;BASIC;3330000;1160000
7268;SRG II_Bladder/Urethra,,Transurethral Resection Of Bladder Tumour (<3cm);BASIC;7490000;2620000
7269;SRG II_Bladder/Urethra,,Transurethral Resection Of Bladder Tumour (>3cm);BASIC;10750000;3760000
7270;SRG II_Bladder/Urethra,Cystoscopy,with Urethral Dilatation;BASIC;3330000;1160000
7271;SRG II_Blood Vessels,Subcutaneous Implanted Vascular Port,Insertion;BASIC;4130000;1440000
7272;SRG II_Blood Vessels,Subcutaneous Implanted Vascular Port,Removal;BASIC;2220000;780000
7273;SRG II_Bone (Lower Limb),,Grade 1 And 2 Open Fractures/Open Dislocation Or Open Fracture-Dislocation Wound Debridement;BASIC;3770000;1320000
7274;SRG II_Bone (Lower Limb),Deformities,Corrective Surgery with Internal Fixation with/without Fluoroscopy;BASIC;12440000;4350000
7275;SRG II_Bone (Lower Limb),Deformities,Corrective Surgery with Osteotomy Alone;BASIC;10930000;3830000
7276;SRG II_Bone (Lower Limb),Fracture/Dislocation,Manipulation And Kirschner Wire Fixation;BASIC;7160000;2510000
7277;SRG II_Bone (Upper Limb),Grade 1 And 2 Open Fractures/Open Dislocation Or Open Fracture-Dislocation,Wound Debridement;BASIC;3770000;1320000
7278;SRG II_Bone And Joints (Lower Limb),,Removal Of Simple Implants (Rush Rods/Wires/K-Wires/Pins/Screws);BASIC;4830000;1690000
7279;SRG II_Bone And Joints (Lower Limb),Plates And Screws/Nails,Removal;BASIC;8400000;2940000
7280;SRG II_Bone And Joints (Upper Limb),,Removal Of Simple Implants (Rush Rods/Wires/K-Wires/Pins/Screws);BASIC;4830000;1690000
7281;SRG II_Bone And Joints (Upper Limb),Plates And Screws,Removal;BASIC;8400000;2940000
7282;SRG II_Brain,,Deep Brain Stimulation (Unilateral);BASIC;40200000;14070000
7283;SRG II_Brain,Aneurysm/Arterio-Venous Malformation,Clipping/Excision (Complex);BASIC;40200000;14070000
7284;SRG II_Brain,Hydrocephalus And Other Lesions,Ventriculoatrial/Ventriculoperitoneal Shunt;BASIC;40200000;14070000
7285;SRG II_Brain,Hydrocephalus,External Ventricular Drainage (Unilateral);BASIC;40200000;14070000
7286;SRG II_Brain,Intracerebral Tumor,Biopsy And/Or Decompression/Removal Via Craniotomy (Complex);BASIC;40200000;14070000
7287;SRG II_Brain,Intracerebral Tumor,Biopsy And/Or Decompression/Removal Via Craniotomy (Simple);BASIC;40200000;14070000
7288;SRG II_Brain,Intracranial Abscess,Craniectomy And Drainage;BASIC;40200000;14070000
7289;SRG II_Brain,Intracranial Extracerebral Tumor,Craniotomy/Hemispherectomy;BASIC;40200000;14070000
7290;SRG II_Breast (Nipple),Various Lesions,Graft And/Or Flap Reconstruction (Bilateral);BASIC;9850000;3450000
7291;SRG II_Breast (Nipple),Various Lesions,Graft And/Or Flap Reconstruction (Unilateral);BASIC;7060000;2470000
7292;SRG II_Breast,Gynecomastia,Reduction (Unilateral);BASIC;4660000;1630000
7293;SRG II_Breast,Lump (Single),Excision Biopsy;BASIC;3810000;1330000
7294;SRG II_Breast,Lumps (Multiple/Bilateral),Excision Biopsy;BASIC;5700000;2000000
7295;SRG II_Breast,Post Mastectomy,Reconstruction Using Free Flap (Unilateral);BASIC;35720000;12500000
7296;SRG II_Breast,Post Mastectomy,Reconstruction Using Pedicled Transverse Rectus Abdominis Musculocutaneous Flap (Bilateral);BASIC;25050000;8770000
7297;SRG II_Breast,Post Mastectomy,Reconstruction Using Pedicled Transverse Rectus Abdominis Musculocutaneous Flap (Unilateral);BASIC;20890000;7310000
7298;SRG II_Breast,Tumor (Malignant),Radical Mastectomy with/without Axiliary Clearance;BASIC;12150000;4250000
7299;SRG II_Breast,Tumor (Malignant),Simple Mastectomy;BASIC;7310000;2560000
7300;SRG II_Breast,Tumor (Malignant),Simple Mastectomy with Sentinel Node Biopsy/ Axiliary Node Sampling;BASIC;9800000;3430000
7301;SRG II_Breast,Tumor (Malignant),Wide Excision/ Lumpectomy/Segmental Mastectomy/ Partial Mastectomy;BASIC;11990000;4200000
7302;SRG II_Breast,Tumor (Malignant),Wide Excision/ Lumpectomy/Segmental Mastectomy/ Partial Mastectomy with Axiliary Clearance with/without Sentinel Node Biopsy;BASIC;11990000;4200000
7303;SRG II_Breast,Tumor (Malignant),Wide Excision/ Lumpectomy/Segmental Mastectomy/ Partial Mastectomy with Sentinel Node Biopsy/ Axiliary Node Sampling;BASIC;11990000;4200000
7304;SRG II_Breast,Various Lesions,Subcutaneous Mastectomy Bilateral excluding Gynaecomastia;BASIC;13960000;4890000
7305;SRG II_Breast,Various Lesions,Subcutaneous Mastectomy Unilateral excluding Gynaecomastia;BASIC;6980000;2440000
7306;SRG II_Breast,Various Lesions,Trucut Biopsy,Ultrasound Guided Or Stereotactic (Single);BASIC;1180000;410000
7307;SRG II_Breast,Various Lesions,Wire Localisation,Excision (Multiple);BASIC;6180000;2160000
7308;SRG II_Bronchus/Lung,,Bronchoscopy with/without Biopsy;BASIC;4910000;1720000
7309;SRG II_Carpus,Fracture/Dislocation,Open Reduction And Internal Fixation;BASIC;10930000;3830000
7310;SRG II_Cervical Spine,Various Lesions,Anterior Decompression And Fusion Or Disc Replacement (1 Segment);BASIC;18850000;6600000
7311;SRG II_Cervical Spine,Various Lesions,Anterior Decompression And Fusion Or Disc Replacement (2 Segments);BASIC;26390000;9240000
7312;SRG II_Cervical Spine,Various Lesions,Anterior Decompression And Fusion Or Disc Replacement (3 Or More Segments);BASIC;36950000;12930000
7313;SRG II_Cervical Spine,Various Lesions,Laminoplasty (without Instrumentation);BASIC;26390000;9240000
7314;SRG II_Cervix,Cancer,Radical Trachelectomy with/without Lymphadenectomy;BASIC;9230000;3230000
7315;SRG II_Cervix,Cervical Intraepithelial Neoplasia,Cone Biopsy with/without Laser;BASIC;4070000;1430000
7316;SRG II_Cervix,Polyp,Excision/Erosion (Complicated) Includes D&C with Biopsy;BASIC;4450000;1560000
7317;SRG II_Cervix,Polyp,Excision/Erosion (Simple) with Biopsy;BASIC;1260000;440000
7318;SRG II_Cervix,Transcervical Resection (TCR) Polyp (<2cm),Hysteroscopic;BASIC;3690000;1290000
7319;SRG II_Cervix,Transcervical Resection (TCR) Polyp (>2cm),Hysteroscopic;BASIC;4890000;1710000
7320;SRG II_Cervix,Transcervical Resection (TCR) Septum,Hysteroscopic;BASIC;4860000;1700000
7321;SRG II_Cervix,Various Lesions,Colposcopy Ablational/Excisional Treatment (Laser Vapourisation/Loop Electrosurgical Excision Procedure/Laser Excision Of Transformation Zone with Biopsy);BASIC;4070000;1430000
7322;SRG II_Clavicle,Clavicle Fracture,Delayed Union/Revision And ORIF with/without Bone Grafting;BASIC;10930000;3830000
7323;SRG II_Clavicle,Clavicle Fracture,Simple;BASIC;10930000;3830000
7324;SRG II_Colon,,Anterior Resection (Laparoscopy);BASIC;14020000;4910000
7325;SRG II_Colon,,Anterior Resection (Open);BASIC;12610000;4420000
7326;SRG II_Colon,Various Lesions,Colostomy;BASIC;8610000;3010000
7327;SRG II_Colon,Various Lesions,Right/Left Hemicolectomy (Laparoscopy);BASIC;13560000;4750000
7328;SRG II_Colon,Various Lesions,Right/Left Hemicolectomy (Open);BASIC;9690000;3390000
7329;SRG II_Conjunctiva,Pterygium,Excision (Bare Sclera);BASIC;4190000;1470000
7330;SRG II_Creation Of Ileal Neobladder;BASIC;12890000;4510000
7331;SRG II_Diaphragm,Tumor,Excision;BASIC;7690000;2690000
7332;SRG II_Diaphragm,Tumor,Excision with Wedge Resection Of Lung;BASIC;8830000;3090000
7333;SRG II_Digit(s),Nailbed Laceration,Nailbed Grafting;BASIC;6030000;2110000
7334;SRG II_Ear (Middle),,Cochlear Implant;BASIC;9230000;3230000
7335;SRG II_Ear (Middle),Abscess/Inflammation,Operation;BASIC;1790000;630000
7336;SRG II_Ear,Foreign Body,Complex Removal/Excision (Embedded/Large);BASIC;3150000;1100000
7337;SRG II_Ear,Laceration (Full Thickness),Repair (> 3cm);BASIC;4890000;1710000
7338;SRG II_Ear,Tympanic Membrane,Perforation,Cauterisation/Diathermy;BASIC;1180000;410000
7339;SRG II_Ear,Tympanic Membrane,Perforation,Round Window Repair;BASIC;9730000;3400000
7340;SRG II_Ear,Tympanic Membrane,Unilateral Myringotomy with Tube;BASIC;3770000;1320000
7341;SRG II_Ear,Tympanic Membrane,Unilateral Myringotomy without Tube;BASIC;2710000;950000
7342;SRG II_Ear,Various Lesions,Myringoplasty (Simple);BASIC;4280000;1500000
7343;SRG II_Ear,Various Lesions,Ossicular Chain Reconstruction with/without Myringoplasty;BASIC;6160000;2160000
7344;SRG II_Elbow,,Therapeutic Arthroscopy;BASIC;11390000;3980000
7345;SRG II_Elbow,Coronoid Fracture,ORIF;BASIC;10930000;3830000
7346;SRG II_Elbow,Dislocation,Ligament Repair (Complex,with/without Implant);BASIC;9950000;3480000
7347;SRG II_Elbow,Dislocation,Ligament Repair (Single);BASIC;7010000;2450000
7348;SRG II_Elbow,Fracture/ Dislocation,Repair Of Ligaments/ ORIF;BASIC;10930000;3830000
7349;SRG II_Elbow,Fracture/Dislocation,Open Reduction And Internal Fixation (ORIF);BASIC;10930000;3830000
7350;SRG II_Elbow,Tennis Elbow,Release;BASIC;3390000;1190000
7351;SRG II_Eyelids,Simple Laceration,Repair;BASIC;1890000;660000
7352;SRG II_Eyelids,Various Lesions,Upper Blepharoplasty (Unilateral);BASIC;11370000;3980000
7353;SRG II_Fallopian Tube,,Removal Of Ectopic Gestation;BASIC;5970000;2090000
7354;SRG II_Fallopian Tube,,Sterilization (Laparoscopy);BASIC;4910000;1720000
7355;SRG II_Fallopian Tube,Completed Family,Division/Ligation;BASIC;3690000;1290000
7356;SRG II_Fallopian Tube/Uterus/Ovary,,Therapeutic Laparoscopy;BASIC;9650000;3380000
7357;SRG II_Femur,Fracture (Complex Intra-Articular),Open Reduction And Internal Fixation (ORIF) with Plate And Screws;BASIC;14210000;4970000
7358;SRG II_Femur,Fracture (Intercondylar),Open Reduction And Internal Fixation (ORIF);BASIC;12590000;4410000
7359;SRG II_Femur,Fracture (Single Condylar),Open Reduction And Internal Fixation (ORIF);BASIC;10930000;3830000
7360;SRG II_Femur,Fracture,Open Reduction And Internal Fixation (ORIF) with Plate And Screws;BASIC;11310000;3960000
7361;SRG II_Finger,Defect/Contracture (Multiple),Reconstruction;BASIC;9430000;3300000
7362;SRG II_Finger,Defect/Contracture (Single),Reconstruction;BASIC;6220000;2180000
7363;SRG II_Finger,Syndactyly (Multiple),Separation;BASIC;13570000;4750000
7364;SRG II_Finger,Syndactyly (Single),Correction;BASIC;7540000;2640000
7365;SRG II_Finger,Various Lesions,Amputation (Multiple);BASIC;5280000;1850000
7366;SRG II_Finger,Various Lesions,Amputation (Single);BASIC;3770000;1320000
7367;SRG II_Foot,,Achilles Tendon Reconstruction;BASIC;10710000;3750000
7368;SRG II_Foot,Congenital Talipes Equinovarus (CTEV),Bilateral Release;BASIC;12820000;4490000
7369;SRG II_Foot,Congenital Talipes Equinovarus (CTEV),Medial Release;BASIC;6160000;2160000
7370;SRG II_Foot,Crush Injuries (Complex),Wound Debridement;BASIC;4860000;1700000
7371;SRG II_Foot,Crush Injuries (Simple),Wound Debridement;BASIC;3020000;1060000
7372;SRG II_Foot,Fractures,Open Reduction And Internal Fixation (Complex/Multiple Including Talus And Calcaneum);BASIC;11310000;3960000
7373;SRG II_Foot,Hallux Valgus/Hammer Toe,Proximal Osteotomy with/without Soft Tissue Reconstruction;BASIC;10930000;3830000
7374;SRG II_Gallbladder,Various Lesions,Cholecystectomy (Laparoscopy);BASIC;12580000;4400000
7375;SRG II_Gallbladder,Various Lesions,Cholecystectomy (Open);BASIC;9050000;3170000
7376;SRG II_Gallbladder,Various Lesions,Cholecystectomy And Repair Of Cholecysto-Enteric/ Cholecysto-Choledochal Fistula (Laparoscopy);BASIC;16890000;5910000
7377;SRG II_Gallbladder,Various Lesions,Cholecystectomy And Repair Of Cholecysto-Enteric/ Cholecysto-Choledochal Fistula (Open);BASIC;12060000;4220000
7378;SRG II_Gallbladder,Various Lesions,Cholecystectomy/Choledochotomy/Common Bile Duct Exploration with Choledocho-Duodenostomy (Laparoscopy);BASIC;15310000;5360000
7379;SRG II_Gallbladder,Various Lesions,Cholecystectomy/Choledochotomy/Common Bile Duct Exploration with Choledocho-Duodenostomy (Open);BASIC;10930000;3830000
7380;SRG II_Genital Tract,Cancer,Staging Under General Anesthesia (Includes Cystoscopy/Dilatation & Curettage/Biopsy);BASIC;2350000;820000
7381;SRG II_Genital,Fournier Gangrene,Debridement;BASIC;5350000;1870000
7382;SRG II_Hand,Closed Fracture,ORIF (Multiple) Non-Joint;BASIC;16400000;5740000
7383;SRG II_Hand,Closed Fracture,ORIF with K-Wire/Cerclage Wire Fixation;BASIC;7160000;2510000
7384;SRG II_Hand,Closed Fracture,ORIF/Plate And Screws (Single) Joint/Non-Joint;BASIC;10930000;3830000
7385;SRG II_Hand,Crush Injuries (Complex),Wound Debridement;BASIC;5350000;1870000
7386;SRG II_Hand,Crush Injuries (Simple),Wound Debridement;BASIC;3020000;1060000
7387;SRG II_Hand,Flexor Tendon,Trigger Finger (Multiple) Release;BASIC;6790000;2380000
7388;SRG II_Hand,Flexor Tendon,Trigger Finger (Single) Release;BASIC;3390000;1190000
7389;SRG II_Hand,Fractures/Dislocation,Open Reduction And Internal Fixation (Multiple);BASIC;16400000;5740000
7390;SRG II_Hand,Open Fracture,Debridement And ORIF (Single) Joint;BASIC;10930000;3830000
7391;SRG II_Hip,Various Lesions,Hemi-Arthroplasty;BASIC;13650000;4780000
7392;SRG II_Hip,Various Lesions,Primary Total Joint Replacement (Lap/MIS/Navigated);BASIC;19110000;6690000
7393;SRG II_Hip,Various Lesions,Primary Total Joint Replacement (Open);BASIC;18100000;6330000
7394;SRG II_Hip,Various Lesions,Primary Total Joint Replacement with Augmentation Requiring Extra Implants Or Bone Grafts (Open);BASIC;23520000;8230000
7395;SRG II_Hip,Various Lesions,Revision Hemi-Arthroplasty;BASIC;17740000;6210000
7396;SRG II_Hip,Various Lesions,Revision Total Joint Replacement (MIS/Laparoscopy);BASIC;32930000;11530000
7397;SRG II_Hip,Various Lesions,Revision Total Joint Replacement (Open);BASIC;23520000;8230000
7398;SRG II_Hip/Knee,Therapeutic Arthroscopy,with/without Synovectomy/Labral Repair/FAI Resection For Hip;BASIC;11390000;3980000
7399;SRG II_Humerus,Proximal Humerus Or Supracondylar Fracture,ORIF;BASIC;10930000;3830000
7400;SRG II_Joints (Finger),Various Lesions,Replacement Arthroplasty;BASIC;13960000;4890000
7401;SRG II_Joints (Lower Limb),Loose Bodies,Removal;BASIC;7100000;2480000
7402;SRG II_Joints (Upper Limb),Vascular Injury,Major Vascular Reconstruction/Anastomosis/Graft;BASIC;13960000;4890000
7403;SRG II_Joints,Arthroscopy,Diagnostic;BASIC;5990000;2100000
7404;SRG II_Kidney,,Renovascular Reconstruction;BASIC;12570000;4400000
7405;SRG II_Kidney,Blocked Nephrostomy Tube,Change;BASIC;1960000;690000
7406;SRG II_Kidney,Calculus,Extra Corporeal Shockwave Lithotripsy (ESWL);BASIC;7690000;2690000
7407;SRG II_Kidney,Calculus,Nephrolithotomy/Pyelolithotomy;BASIC;8430000;2950000
7408;SRG II_Kidney,Calculus,Percutaneous Nephrolithotomy Or Percutaneous Nephrostolithotomy (PCNL);BASIC;14260000;4990000
7409;SRG II_Kidney,Cyst,Imaging Guided Percutaneous Aspiration;BASIC;8840000;3100000
7410;SRG II_Kidney,Cyst,Sclerosing And Percutaneous Drainage;BASIC;7690000;2690000
7411;SRG II_Kidney,Cyst,Unroofing/Deroofing;BASIC;5350000;1870000
7412;SRG II_Kidney,Cyst,Unroofing/Deroofing (Laparoscopy);BASIC;7690000;2690000
7413;SRG II_Kidney,Pyonephrosis,Drainage (Open);BASIC;6690000;2340000
7414;SRG II_Kidney,Staghorn Calculus,Nephrolithotomy Or Percutaneous Nephrostolithotomy (PCNL);BASIC;13320000;4660000
7415;SRG II_Kidney,Staghorn Calculus,Percutaneous Nephrostolithotomy (PCNL) Laser;BASIC;18040000;6310000
7416;SRG II_Kidney,Various Lesion,Robotic Renal Biopsy;BASIC;8840000;3100000
7417;SRG II_Kidney,Various Lesions,Biopsy (Closed);BASIC;4070000;1430000
7418;SRG II_Kidney,Various Lesions,Partial Nephrectomy (Laparoscopy);BASIC;21330000;7470000
7419;SRG II_Kidney,Various Lesions,Radical Nephrectomy (Laparoscopy);BASIC;18040000;6310000
7420;SRG II_Kidney,Various Lesions,Simple Nephrectomy (Laparoscopy);BASIC;12570000;4400000
7421;SRG II_Kidney/Ureter,,Pyeloplasty (Unilateral - Open/Laparoscopy);BASIC;8840000;3100000
7422;SRG II_Kidney/Ureter,,Retrograde Intrarenal Surgery Or RIRS Using Flexible Ureteroscopy (Diagnostic);BASIC;6160000;2150000
7423;SRG II_Kidney/Ureter,,Retrograde Intrarenal Surgery Or RIRS Using Flexible Ureteroscopy (Therapeutic - e.g. Lithotripsy And/Or Basket Extraction Of Stones);BASIC;12570000;4400000
7424;SRG II_Knee Ligaments,Disruption,Reconstruction And Repair;BASIC;14330000;5010000
7425;SRG II_Knee,Arthroscopy,Knee Ligament Reconstruction (1 Or More);BASIC;12060000;4220000
7426;SRG II_Knee,Ligaments/Meniscus/Cartilage/Bone Combined,ACL Or PCL Reconstruction (MIS/Laparoscopy);BASIC;18100000;6330000
7427;SRG II_Knee,Ligaments/Meniscus/Cartilage/Bone Combined,Ligament Reconstruction with Meniscal Repair (Laparoscopy);BASIC;18100000;6330000
7428;SRG II_Knee,Meniscus/Cartilage,Meniscal Repair (Laparoscopy);BASIC;14140000;4950000
7429;SRG II_Knee,Various Lesions,Meniscectomy with/without Arthroscopy;BASIC;11390000;3980000
7430;SRG II_Knee,Various Lesions,Primary Total Joint Replacement (Unilateral - Open);BASIC;15080000;5280000
7431;SRG II_Knee,Various Lesions,Primary Total Joint Replacement (Unilateral) (Lap/MIS/Navigated);BASIC;21110000;7390000
7432;SRG II_Knee,Various Lesions,Primary Total Joint Replacement (Unilateral) with Augmentation Requiring Extra Implants Or Bone Grafts (Open);BASIC;19600000;6860000
7433;SRG II_Knee,Various Lesions,Revision Total Joint Replacement (MIS/Laparoscopy);BASIC;27450000;9610000
7434;SRG II_Knee,Various Lesions,Revision Total Joint Replacement (Open);BASIC;19600000;6860000
7435;SRG II_Laparotomy Debulking (Advanced Disease,Primary/Recurrent);BASIC;10930000;3830000
7436;SRG II_Laryngoscopy with Removal Of Tumour/Lesions,,Laryngoscopy with Removal Of Tumour/Lesions;BASIC;8440000;2960000
7437;SRG II_Larynx And Pharynx,Various Lesions,Laser Application;BASIC;6730000;2360000
7438;SRG II_Larynx,,Laryngectomy with Bilateral Neck Dissection;BASIC;13330000;4670000
7439;SRG II_Larynx,Various Lesions,Hemi/Partial Laryngectomy;BASIC;13330000;4670000
7440;SRG II_Larynx,Various Lesions,Hemi/Partial Laryngectomy with Radical Neck Dissection;BASIC;15080000;5280000
7441;SRG II_Lens,,Complicated Cataract Extraction with Intraocular Lens Implant (Capsular Tension Ring/Capsular Tension Segment);BASIC;5720000;2000000
7442;SRG II_Lens,Cataract,Extraction with Intra-Ocular Lens Implant (Unilateral);BASIC;6830000;2390000
7443;SRG II_Lens,Cataract,Extraction with Intra-Ocular Lens Implant And Trabeculectomy with/without Antimetabolites;BASIC;6830000;2390000
7444;SRG II_Liver,Abscess,Trans-Abdominal Drainage (Laparoscopy);BASIC;7490000;2620000
7445;SRG II_Liver,Abscess,Trans-Abdominal Drainage (Open);BASIC;5350000;1870000
7446;SRG II_Lower Limb,Ischemia,Fasciotomy;BASIC;7010000;2450000
7447;SRG II_Lung,Various Lesions,Pneumonectomy/Lobectomy/Segmental Resection;BASIC;15680000;5490000
7448;SRG II_Lung,Various Lesions,Repeat/Multiple/Complex Resections;BASIC;13290000;4650000
7449;SRG II_Lung,Various Lesions,Wedge Resection;BASIC;11280000;3950000
7450;SRG II_Lymph Node (Axillary),Various Lesions,Sentinel LN Biopsy Only;BASIC;4890000;1710000
7451;SRG II_Lymph Node (Cervical),,Radical with Flap Reconstruction;BASIC;19230000;6730000
7452;SRG II_Lymph Node (Cervical),Various Lesions,Biopsy;BASIC;2440000;850000
7453;SRG II_Lymph Node (Cervical),Various Lesions,Neck Dissection (Bilateral 3 Or Less Levels);BASIC;9780000;3420000
7454;SRG II_Lymph Node (Cervical),Various Lesions,Neck Dissection (Unilateral 1-3 Levels);BASIC;7720000;2700000
7455;SRG II_Lymph Node (Cervical),Various Lesions,Radical Neck Dissection;BASIC;13570000;4750000
7456;SRG II_Lymph Node (Cervical),Various Lessions,Biopsy;BASIC;3800000;1330000
7457;SRG II_Lymph Node (Inguinal),Various Lesions,Limited Excision;BASIC;4890000;1710000
7458;SRG II_Lymph Node (Inguinal),Various Lesions,Radical Excision;BASIC;6420000;2250000
7459;SRG II_Lymph Node (Pelvic) Dissection,,Dissection (Open);BASIC;9370000;3280000
7460;SRG II_Lymph Node (Pelvic),,Dissection (Laparoscopy);BASIC;13120000;4590000
7461;SRG II_Lymph Node (Retropharyngeal),,Neck Dissection (Open/Transoral);BASIC;10450000;3660000
7462;SRG II_Lymph Node (Single),Various Lesions,Excision Biopsy (Laparoscopy);BASIC;5250000;1840000
7463;SRG II_Lymph Node (Single),Various Lesions,Excision Biopsy (Open);BASIC;3750000;1310000
7464;SRG II_Lymph Node,Various Lesions,Biopsy;BASIC;3640000;1270000
7465;SRG II_Maxilla,Alveolar Cleft (Unilateral Complete),Bone Graft And Closure Of Naso Buccal Fistula;BASIC;9050000;3170000
7466;SRG II_Maxilla,Fracture - Lefort II (Complex),Open Reduction And Fixation;BASIC;10560000;3690000
7467;SRG II_Maxilla,Various Lesions,Ostectomy/Osteotomy (>1 Segment);BASIC;10560000;3690000
7468;SRG II_Maxilla,Various Lesions,Resection/Hemimaxillectomy (Open Or Endoscopic Method);BASIC;9050000;3170000
7469;SRG II_Mouth,Cleft Lip,Unilateral Primary Repair;BASIC;5350000;1870000
7470;SRG II_Mouth,Tumor,Radical Excision Biopsy with Resection Of Mandible And Lymph Nodes And Reconstruction;BASIC;15680000;5490000
7471;SRG II_Mucous Membrane,Tumor/Cyst/Ulcer/Scar,Excision;BASIC;2340000;820000
7472;SRG II_Nerve (Upper Limb),Carpal Tunnel Syndrome,Release with Endoneurolysis (Bilateral);BASIC;18530000;6480000
7473;SRG II_Nerve (Upper Limb),Carpal Tunnel Syndrome,Release with Endoneurolysis (Unilateral);BASIC;12660000;4430000
7474;SRG II_Nerve (Upper Limb),Entrapment Syndrome (Others),Decompression (Unilateral);BASIC;11650000;4080000
7475;SRG II_Nerve (Upper Limb),Guyon's Tunnel Syndrome,Release (Unilateral);BASIC;11650000;4080000
7476;SRG II_Nerve Root (Cervical),,Block (Injection Of Anaesthetic - Therapeutic Substance) (>1 level);BASIC;13400000;4690000
7477;SRG II_Nerve Root (Lumbar/Thoracic),,Block (Injection Of Anaesthetic - Therapeutic Substance) (1 level);BASIC;13400000;4690000
7478;SRG II_Nose,Hematoma/Abscess,Evacuation/Incision & Drainage;BASIC;2710000;950000
7479;SRG II_Nose,Various Lesions (Turbinates),Turbinectomy/Turbinoplasty/Submucous Resection (with/without Endoscopes);BASIC;6060000;2120000
7480;SRG II_Nose,Various Lesions,Septoplasty/Submucous Resection;BASIC;7540000;2640000
7481;SRG II_Ovary,Malignant Tumor/Cyst,Total Hysterectomy Bilateral Salpingo-Oophorectomy with Omentectomy,Surgical Staging with/without Lymphadenectomy (Laparoscopy);BASIC;16360000;5730000
7482;SRG II_Ovary,Malignant Tumor/Cyst,Total Hysterectomy Bilateral Salpingo-Oophorectomy with Omentectomy,Surgical Staging with/without Lymphadenectomy (Open);BASIC;11690000;4090000
7483;SRG II_Ovary,Tumor/Cyst,Cystectomy (Complicated >5cm - Laparoscopy);BASIC;9820000;3440000
7484;SRG II_Ovary,Tumor/Cyst,Cystectomy (Complicated >5cm);BASIC;7010000;2450000
7485;SRG II_Ovary,Tumor/Cyst,Cystectomy (Simple <5cm - Laparoscopy);BASIC;8760000;3070000
7486;SRG II_Ovary,Tumor/Cyst,Cystectomy (Simple <5cm);BASIC;6260000;2190000
7487;SRG II_Ovary,Tumor/Cyst,Oophorectomy/Salpingo-Oophorectomy (Complicated);BASIC;8440000;2960000
7488;SRG II_Ovary,Tumor/Cyst,Oophorectomy/Salpingo-Oophorectomy (Simple);BASIC;6290000;2200000
7489;SRG II_Paravertebral Region,Block,Anaesthetic (>2 levels);BASIC;13400000;4690000
7490;SRG II_Parotid,,Total Parotidectomy with/without Preservation Of Facial Nerve;BASIC;14250000;4990000
7491;SRG II_Parotid,Tumor,Superficial Parotidectomy;BASIC;9230000;3230000
7492;SRG II_Pelvis,Fracture,Fixation Of Anterior And Posterior Ring;BASIC;16210000;5670000
7493;SRG II_Penis,,Dorsumcision;BASIC;3660000;1280000
7494;SRG II_Penis,,V. Spermatika Interna Ligation (Microsurgery);BASIC;7690000;2690000
7495;SRG II_Penis,Buried Penis,Buried Penis Surgery;BASIC;5350000;1870000
7496;SRG II_Penis,Congenital Organ Abnormality,Webbed Penis Excision;BASIC;5350000;1870000
7497;SRG II_Penis,Glanular Hypospadias,Meatoplasty And Circumcision;BASIC;3660000;1280000
7498;SRG II_Penis,Hypospadias,Correction Of Chordee;BASIC;6300000;2200000
7499;SRG II_Penis,Hypospadias,Urethral Reconstruction;BASIC;10030000;3510000
7500;SRG II_Penis,Hypospadias,Urethral Reconstruction & Correction Of Chordee;BASIC;12570000;4400000
7501;SRG II_Penis,Paraphimosis/Phimosis/Reduction Prepuce,Circumcision;BASIC;3660000;1280000
7502;SRG II_Penis,Penoscrotal Transposition,Reconstruction;BASIC;12570000;4400000
7503;SRG II_Penis,Priapism,Priapism Operation (Winter Procedure);BASIC;5350000;1870000
7504;SRG II_Penis,Trauma,Reconstruction (1st Stage);BASIC;10620000;3720000
7505;SRG II_Penis,Trauma,Reconstruction (2nd Stage);BASIC;10620000;3720000
7506;SRG II_Penis,Various Lesions,Insertion Of Penile Prosthesis;BASIC;12580000;4400000
7507;SRG II_Peripheral Nerve,Block,Anaesthetic (Up To 2 Nerves);BASIC;11650000;4080000
7508;SRG II_Prostate Gland,,Simple Prostatectomy (Laparoscopy);BASIC;11820000;4140000
7509;SRG II_Prostate Gland,,Simple Prostatectomy (Open);BASIC;8440000;2960000
7510;SRG II_Prostate Gland,Various Lesions,Biporal Transurethral Resection Of Prostate (Bipolar Turp);BASIC;10930000;3830000
7511;SRG II_Prostate Gland,Various Lesions,Open Prostatectomy And Sectio Alta;BASIC;5350000;1870000
7512;SRG II_Prostate Gland,Various Lesions,Radical Prostatectomy (Laparoscopy);BASIC;19100000;6680000
7513;SRG II_Prostate Gland,Various Lesions,Radical Prostatectomy (Open);BASIC;13640000;4770000
7514;SRG II_Prostate Gland,Various Lesions,Saturation Prostate Biopsy;BASIC;3630000;1270000
7515;SRG II_Prostate Gland,Various Lesions,Trans-Rectal Ultrasound (TRUS);BASIC;1960000;690000
7516;SRG II_Prostate Gland,Various Lesions,Trans-Rectal Ultrasound (TRUS) Guided Biopsy;BASIC;1960000;690000
7517;SRG II_Prostate Gland,Various Lesions,Transurethral Resection Of Prostate (TURP) >30gm;BASIC;9350000;3270000
7518;SRG II_Radius And Ulna,Fracture/Dislocation,Open Reduction And Internal Fixation with/without Bone Grafting;BASIC;10930000;3830000
7519;SRG II_Rectum,,Ultra-Low Anterior Resection (Total Mesorectal Excision) with/without PLND;BASIC;12610000;4420000
7520;SRG II_Scrotum,Hydrocele/Varicocele (Unilateral),Excision;BASIC;4870000;1700000
7521;SRG II_Scrotum,Varicocele,Varicocelectomy (Palomo);BASIC;4070000;1430000
7522;SRG II_Shoulder Fracture/Dislocation,,Open Reduction And Internal Fixation (3 Or More Part Fracture);BASIC;10930000;3830000
7523;SRG II_Shoulder,,Acromioclavicular Joint Stabilisation/Reconstruction;BASIC;10930000;3830000
7524;SRG II_Shoulder,,Therapeutic Arthroscopy;BASIC;15080000;5280000
7525;SRG II_Shoulder,Shoulder Soft Tissue Injury,Decompression Alone (Open/Laparoscopy);BASIC;14140000;4950000
7526;SRG II_Shoulder,Shoulder Soft Tissue Injury,Decompression with Cuff Repair (Open/Laparoscopy);BASIC;15830000;5540000
7527;SRG II_Shoulder,Shoulder Soft Tissue Injury,MIS Repair With Superior Labrum From Anterior To Posterior (Slap) Repair/Rotator Cuff Repair;BASIC;18100000;6330000
7528;SRG II_Shoulder,Shoulder Soft Tissue Injury,Open Bankart Repair With Superior Labrum From Anterior To Posterior (Slap) Repair/Rotator Cuff Repair;BASIC;13960000;4890000
7529;SRG II_Shoulder,Various Lesions,Hemiarthroplasty;BASIC;12580000;4400000
7530;SRG II_Sinuses,Nasal,Foreign Body/Other Lesions,Intranasal Operation/Removal Of Foreign Body;BASIC;4070000;1430000
7531;SRG II_Sinuses,Nasal,Infection,Functional Sinuscopic Drainage Of Ethmoidal/ Maxillary Sinuses;BASIC;8440000;2960000
7532;SRG II_Sinuses,Nasal,Infection,Functional Sinuscopic Ethmoidectomy (Bilateral);BASIC;10530000;3680000
7533;SRG II_Sinuses,Nasal,Infection,Functional Sinuscopic Ethmoidectomy (Unilateral);BASIC;7520000;2630000
7534;SRG II_Skin And Subcutaneous Tissue (Ear/Nose/Eyelid/Face),Complex Lacerations,Repair;BASIC;5470000;1910000
7535;SRG II_Skin And Subcutaneous Tissue (Face And Neck),Scar (>3cm),Revision;BASIC;3750000;1310000
7536;SRG II_Skin And Subcutaneous Tissue,Burns,Escharotomy (Extensive);BASIC;1960000;690000
7537;SRG II_Skin And Subcutaneous Tissue,Burns,Escharotomy (Limited);BASIC;980000;340000
7538;SRG II_Skin And Subcutaneous Tissue,Deep (>3cm)/Extensive Contaminated Wound,Debridement;BASIC;4870000;1710000
7539;SRG II_Skin And Subcutaneous Tissue,Defect,Direct Flap (Cross Finger/Similar Flaps);BASIC;7950000;2780000
7540;SRG II_Skin And Subcutaneous Tissue,Defect,Single Stage Local Flap (Complicated/Large);BASIC;10220000;3580000
7541;SRG II_Skin And Subcutaneous Tissue,Hematoma/Carbuncle Cellulitis/Similar Lesion>3cm,Saucerisation/Incision with Drainage;BASIC;3260000;1140000
7542;SRG II_Skin And Subcutaneous Tissue,Sinus (Shallow<3cm),Excision with/without Biopsy;BASIC;1130000;400000
7543;SRG II_Skin And Subcutaneous Tissue,Tumor/Cyst/Ulcer/Scar,Excision Biopsy  (> 15mm diameter);BASIC;1960000;690000
7544;SRG II_Skin And Subcutaneous Tissue,Wound,Debridement (<3cm);BASIC;1090000;380000
7545;SRG II_Skin,Burns (2% To 5%),Excision;BASIC;3200000;1120000
7546;SRG II_Skin,Burns (More Than 10%),Dressing;BASIC;3750000;1310000
7547;SRG II_Skin,Keratoses/Warts/Tags/Similar Lesions,Excision (6 - 10 Lesions);BASIC;1960000;690000
7548;SRG II_Skin,Keratoses/Warts/Tags/Similar Lesions,Excision (More Than10 Lesions);BASIC;4070000;1430000
7549;SRG II_Skin,Keratoses/Warts/Tags/Similar Lesions,Excision (Not More Than 5 Lesions);BASIC;980000;340000
7550;SRG II_Skin,Plantar Wart,Excision Or Vaporisation By Laser;BASIC;980000;340000
7551;SRG II_Skull,Intracranial Hemorrhage,Osteoplastic Craniotomy/Extensive Craniectomy (Unilateral);BASIC;40200000;14070000
7552;SRG II_Soft Tissue (Lower Limb),Contracture,Major Release;BASIC;7690000;2690000
7553;SRG II_Soft Tissue (Lower Limb),Contracture,Minor Release;BASIC;4070000;1430000
7554;SRG II_Soft Tissue (Lower Limb),Small Tumors (Benign),Excision Biopsy Under General Anesthesia;BASIC;2500000;870000
7555;SRG II_Soft Tissue (Lower Limb),Tumors (Benign),Wide Excision Biopsy;BASIC;6150000;2150000
7556;SRG II_Soft Tissue (Upper Limb),Tumors (Benign),Major Excision Biopsy;BASIC;6150000;2150000
7557;SRG II_Soft Tissue (Upper Limb),Tumors (Malignant),Wide Excision Biopsy;BASIC;7840000;2740000
7558;SRG II_Soft Tissue,Tumor (Malignant),Wide Excision Biopsy <7cm Other Than Upper/Lower Limbs;BASIC;4870000;1710000
7559;SRG II_Spermatic Cord,Spermatocele/Epididymal Cyst,Excision;BASIC;4870000;1700000
7560;SRG II_Spine (exclude Cervical Spine),Various Lesions,Interbody Fusion (Single Segment) with Anterior/Posterior Instrumentation;BASIC;27140000;9500000
7561;SRG II_Spine,,Facet Joint Block (Injection Of Anaesthetic Or Therapeutic Substance) up to 3 Joints;BASIC;11650000;4080000
7562;SRG II_Spine,,Removal Of Spine Implants without Other Procedures (Anterior Approach);BASIC;13960000;4890000
7563;SRG II_Spine,,Vertebroplasty Or Kyphoplasty (Multiple Levels);BASIC;20130000;7050000
7564;SRG II_Spine,,Vertebroplasty Or Kyphoplasty (Single Level);BASIC;13420000;4700000
7565;SRG II_Spine,Fracture-Dislocation,Open Reduction And Stabilisation;BASIC;18640000;6520000
7566;SRG II_Spine,Infection,Posterior Drainage,Debridement And Removal Of Implants,without Fusion Or Other Procedures;BASIC;13960000;4890000
7567;SRG II_Spine,Percutaneous Disc Ablation,2 Or More Levels (Intradiscal Electrothermal Annuloplasty/IDET);BASIC;16400000;5740000
7568;SRG II_Spine,Percutaneous Disc Ablation,Single Level (Intradiscal Electrothermal Annuloplasty/IDET);BASIC;10930000;3830000
7569;SRG II_Spine,Syringomyelia,Laminectomy And Drainage;BASIC;18640000;6520000
7570;SRG II_Spleen,Trauma,Splenectomy;BASIC;10330000;3620000
7571;SRG II_Spleen,Various Non-Traumatic Lesions,Splenectomy (Open);BASIC;8440000;2960000
7572;SRG II_Tendon Sheath (Upper Limb),De Quervain's (Bilateral),Release;BASIC;9350000;3270000
7573;SRG II_Tendon Sheath (Upper Limb),De Quervain's (Unilateral),Release;BASIC;7010000;2450000
7574;SRG II_Tendon Sheath (Upper Limb),Ganglion/Villo-Nodular Synovitis,Excision;BASIC;4540000;1590000
7575;SRG II_Tendon Sheath And Subcutaneous Tissue,Ganglion/Large Bursa,Excision Biopsy (>3cm) ;BASIC;4070000;1430000
7576;SRG II_Tendon Sheath And Subcutaneous Tissue,Ganglion/Small Bursa,Excision Biopsy (<3cm) ;BASIC;3710000;1300000
7577;SRG II_Tendon-Achilles (Lower Limb),Disruption,Repair;BASIC;7540000;2640000
7578;SRG II_Testis,Inguinal,Hydrocele,High Ligation Surgery;BASIC;5350000;1870000
7579;SRG II_Testis,Undescended/Ectopic (Bilateral),Orchidopexy/Transplantation with Hernia Repair;BASIC;9420000;3300000
7580;SRG II_Testis,Undescended/Ectopic (Unilateral),Orchidopexy/Transplantation with Hernia Repair;BASIC;6730000;2360000
7581;SRG II_Testis,Variocoele,Spermatic Vein Embolisation;BASIC;5700000;2000000
7582;SRG II_Testis,Various Lesions,Exploration/Repair;BASIC;2690000;940000
7583;SRG II_Testis,Various Lesions,Orchidectomy (Simple - Laparoscopy);BASIC;10230000;3580000
7584;SRG II_Testis,Various Lesions,Orchidectomy (Simple);BASIC;7310000;2560000
7585;SRG II_Thorax,,Decortication (Laparoscopy);BASIC;16200000;5670000
7586;SRG II_Thorax,Effusion/Fluid/Abscess Collection,Imaging Guided Percutaneous Aspiration/Diagnostic Tap;BASIC;4320000;1510000
7587;SRG II_Thorax,Pleural Effusion,Aspiration;BASIC;1430000;500000
7588;SRG II_Thorax,Pleural Effusion,Biopsy;BASIC;1790000;630000
7589;SRG II_Thorax,Tumor (Mediastinal),Complex Resection;BASIC;16740000;5860000
7590;SRG II_Thorax,Tumor (Mediastinal),Resection;BASIC;13290000;4650000
7591;SRG II_Thorax,Various Lesions,Intercostal Drain (Insertion without Resection Of Rib);BASIC;5420000;1900000
7592;SRG II_Thorax,Various Lesions,Thoracotomy (Exploration) with/without Biopsy;BASIC;7680000;2690000
7593;SRG II_Thyroglossal Duct,Cyst Fistula,Excision;BASIC;4570000;1600000
7594;SRG II_Thyroid,Various Lesions,Hemithyroidectomy/Partial Thyroidectomy;BASIC;10240000;3580000
7595;SRG II_Thyroid,Various Lesions,Total/Subtotal Thyroidectomy;BASIC;10290000;3600000
7596;SRG II_Thyroid,Various Lesions,Total/Subtotal Thyroidectomy with Neck Dissection (Unilateral);BASIC;20480000;7170000
7597;SRG II_Tibia,Fracture,Open Reduction And Internal Fixation with Plates And Screws (Comminuted);BASIC;14210000;4970000
7598;SRG II_Tibia,Fracture,Open Reduction and Internal Fixation with Plates And Screws (Simple);BASIC;10930000;3830000
7599;SRG II_Tibia,Tibial Plateau,Tibia Plateau Unicondylar ORIF;BASIC;10930000;3830000
7600;SRG II_Tongue,Tumor,Glossectomy with Radical Neck Dissection;BASIC;10930000;3830000
7601;SRG II_Tongue,Tumor,Hemi-Glossectomy;BASIC;5350000;1870000
7602;SRG II_Tongue,Tumor,Total Glossectomy;BASIC;6030000;2110000
7603;SRG II_Tonsils,Abscess,Drainage;BASIC;980000;340000
7604;SRG II_Tonsils,Various Lesions,Removal;BASIC;5010000;1750000
7605;SRG II_Trachea,Tracheostomy,Revision And Reinsertion;BASIC;6540000;2290000
7606;SRG II_Trachea,Various Lesions,Trachea Reconstruction;BASIC;10150000;3550000
7607;SRG II_Trachea,Various Lesions,Tracheostomy;BASIC;4730000;1650000
7608;SRG II_Upper Limb,Fracture/Dislocation,Manipulation And Reduction;BASIC;3020000;1060000
7609;SRG II_Ureter,,Anastomosis End To End Ureter;BASIC;6160000;2150000
7610;SRG II_Ureter,,Cystoscopy And Insertion Of Double J Stent;BASIC;6160000;2150000
7611;SRG II_Ureter,,Extra Corporeal Shockwave Lithotripsy (ESWL) For Ureteric Stone;BASIC;7690000;2690000
7612;SRG II_Ureter,,Ureteroscopy;BASIC;4880000;1710000
7613;SRG II_Ureter,Calculus,Ureteroscopy And Lithotripsy with/without Ultrasound;BASIC;8840000;3100000
7614;SRG II_Ureter,Calculus,Ureteroscopy And Lithotripsy with/without Ultrasound (Laser);BASIC;12570000;4400000
7615;SRG II_Ureter,Various Lesions,Intestinal Conduit;BASIC;11930000;4170000
7616;SRG II_Ureter,Various Lesions,Reimplantation (Bilateral);BASIC;12570000;4400000
7617;SRG II_Ureter,Various Lesions,Reimplantation (Unilateral);BASIC;8840000;3100000
7618;SRG II_Ureter,Various Lesions,Reimplantation,Laparoscopy (Unilateral);BASIC;12570000;4400000
7619;SRG II_Ureter,Various Lesions,Ureterotomy/Insertion Of Double J Stent;BASIC;6510000;2280000
7620;SRG II_Urethra,,Ureteroscopy;BASIC;4070000;1430000
7621;SRG II_Urethra,Hypospadias,Meatoplasty;BASIC;2250000;790000
7622;SRG II_Urethra,Injury,Repair/Urethroplasty Of Anterior Urethra;BASIC;6510000;2280000
7623;SRG II_Urethra,Meatal Stenosis,Meatotomy;BASIC;2340000;820000
7624;SRG II_Urethra,Various Lesions,Sachse Internal Urethrotomy;BASIC;8840000;3100000
7625;SRG II_Urethra,Various Lesions,Staged Urethroplasty (Each Stage);BASIC;8840000;3100000
7626;SRG II_Uterus,,Sub-Total/Total Hysterectomy with/without Salpingo-Oophorectomy;BASIC;10190000;3570000
7627;SRG II_Uterus,Endometriosis,Hysterectomy with Salpingo-Oophorectomy;BASIC;10930000;3830000
7628;SRG II_Uterus,Endometriosis,Hysterectomy without Salpingo-Oophorectomy;BASIC;7690000;2690000
7629;SRG II_Uterus,Fibroids,Myomectomy (Complicated >5cm/Multiple >2/Challenging Location);BASIC;9650000;3380000
7630;SRG II_Uterus,Fibroids,Myomectomy (Simple <5cm - Laparoscopy);BASIC;11140000;3900000
7631;SRG II_Uterus,Fibroids,Myomectomy (Simple <5cm - Open);BASIC;7950000;2780000
7632;SRG II_Uterus,Malignant Condition,Radical Hysterectomy with/without Lymphadenectomy;BASIC;11980000;4190000
7633;SRG II_Uterus,Malignant Condition,Radical Hysterectomy with/without Lymphadenectomy (Laparoscopy);BASIC;16770000;5870000
7634;SRG II_Uterus,Malignant Condition,Total Hysterectomy with/without Salpingo-Oophorectomy with/without Lymph Node Dissection (Open);BASIC;10930000;3830000
7635;SRG II_Uterus,Pregnancy And Multiparity,Uncomplicated Caesarean Section And Tubal Ligation;BASIC;7190000;2520000
7636;SRG II_Uterus,Pregnancy,Caesarean Section with Hysterectomy;BASIC;12190000;4270000
7637;SRG II_Uterus,Pregnancy,Uncomplicated Caesarean Section;BASIC;5980000;2090000
7638;SRG II_Uterus,Various Lesions,Curettage with/without Dilatation;BASIC;1960000;690000
7639;SRG II_Uterus/Cervix,Hysteroscopy,Diagnostic with General Anesthesia;BASIC;2200000;770000
7640;SRG II_Vas Deferens,,Vasovasostomy;BASIC;8840000;3100000
7641;SRG II_Vas Deferens,Various Lesions,Varicocelectomy (Microsurgical);BASIC;8840000;3100000
7642;SRG II_Vas Deferens,Various Lesions,Vasectomy;BASIC;3640000;1270000
7643;SRG II_Vein,Arterio-Venous Fistula,Dissection And Ligation;BASIC;2140000;750000
7644;SRG II_Vein,Bleeding Varicosities/Vascular Malformation,Image Guided Sclerotherapy Injection;BASIC;6460000;2260000
7645;SRG II_Vein,Varicosity,High Ligation And Complete Stripping/Excision Of Long/Long And Short Saphenous Vein;BASIC;8030000;2810000
7646;SRG II_Vulva,Abscess,Incision;BASIC;1870000;650000
7647;SRG II_Vulva,Bartholin Cyst,Incision/Marsupialization with/without Use Of Laser;BASIC;1870000;650000
7648;SRG II_Vulva,Malignant Condition,Radical Vulvectomy With Groin Dissection And With Or Without Skin Flap Closure;BASIC;17150000;6000000
7649;SRG II_Wrist,Distal Or Radial Ulnar Joint (DRUJ) Instability,Complex Ligament Reconstruction;BASIC;13960000;4890000
7650;SRG II_Wrist,Distal Radius Fracture,Open Reduction And Internal Fixation (ORIF) with Ulnar Head/Styloid Fixation/Tfcc Repair;BASIC;10930000;3830000
7651;CABG;STANDARD;60000000;0
7652;DOKTER OPERATOR ODONTECTOMY A;STANDARD;4408000;1543000
7653;DOKTER OPERATOR ODONTECTOMY B;STANDARD;4959000;1736000
7654;DOKTER OPERATOR ODONTECTOMY C;STANDARD;5511000;1929000
7655;DOKTER OPERATOR _NEUROSURGERY;STANDARD;34763000;16223000
7656;DOKTER OPERATOR _NEUROSURGERY_1;STANDARD;15450000;5408000
7657;DOKTER OPERATOR _NEUROSURGERY_2;STANDARD;7725000;2704000
7658;DOKTER OPERATOR _TABLE _TARIF I _ 1;STANDARD;1040000;364000
7659;DOKTER OPERATOR _TABLE _TARIF I _ 2;STANDARD;2080000;728000
7660;DOKTER OPERATOR _TABLE _TARIF I _ 3;STANDARD;4320000;1512000
7661;DOKTER OPERATOR _TABLE _TARIF I _ 4;STANDARD;5680000;1988000
7662;DOKTER OPERATOR _TABLE _TARIF I _ 5;STANDARD;8160000;2856000
7663;DOKTER OPERATOR _TABLE _TARIF I _ 6;STANDARD;11600000;4060000
7664;DOKTER OPERATOR _TABLE _TARIF I _ 7;STANDARD;16640000;5824000
7665;DOKTER OPERATOR _TABLE _TARIF  II _1  (SUB SPECIALIST / CONSULTANT / PROFESSOR);STANDARD;1352000;473200
7666;DOKTER OPERATOR _TABLE _TARIF  II _2  (SUB SPECIALIST / CONSULTANT / PROFESSOR);STANDARD;2704000;946400
7667;DOKTER OPERATOR _TABLE _TARIF  II _3  (SUB SPECIALIST / CONSULTANT / PROFESSOR);STANDARD;5616000;1965600
7668;DOKTER OPERATOR _TABLE _TARIF  II _4  (SUB SPECIALIST / CONSULTANT / PROFESSOR);STANDARD;7384000;2584400
7669;DOKTER OPERATOR _TABLE _TARIF  II _5  (SUB SPECIALIST / CONSULTANT / PROFESSOR);STANDARD;10608000;3712800
7670;DOKTER OPERATOR _TABLE _TARIF  II _6  (SUB SPECIALIST / CONSULTANT / PROFESSOR);STANDARD;15080000;5278000
7671;DOKTER OPERATOR _TABLE _TARIF  II _7  (SUB SPECIALIST / CONSULTANT / PROFESSOR);STANDARD;21632000;7571200
7672;SRG I_Abdomen/Pelvis,Various Lesions,Insertion Of Peritoneal Dialysis Catheter;STANDARD;1950000;690000
7673;SRG I_Abdomen/Pelvis,Various Lesions,Removal Of Peritoneal Dialysis Catheter;STANDARD;1950000;690000
7674;SRG I_Abdominal Cavity,Adhesions,Lysis As Primary Procedure with/without Bowel Resection (Laparoscopy);STANDARD;7650000;2680000
7675;SRG I_Abdominal Cavity,Adhesions,Lysis As Primary Procedure with/without Bowel Resection (Open);STANDARD;5740000;2010000
7676;SRG I_Abdominal Cavity,Multiple Ruptures,Major Repair/Removal;STANDARD;14980000;5250000
7677;SRG I_Abdominal Cavity,Various Lesions,Colostomy/Enterostomy/Gastrostomy (Laparoscopy);STANDARD;10510000;3680000
7678;SRG I_Abdominal Cavity,Various Lesions,Colostomy/Enterostomy/Gastrostomy (Open);STANDARD;7510000;2630000
7679;SRG I_Abdominal Cavity,Various Lesions,Exploratory Laparotomy;STANDARD;5400000;1890000
7680;SRG I_Abdominal Wall,Epigastric/Umbilical Hernia,Repair (Open);STANDARD;4840000;1700000
7681;SRG I_Abdominal Wall,Inguinal Hernia (Infants & Children),Herniotomy (Bilateral);STANDARD;6770000;2380000
7682;SRG I_Abdominal Wall,Inguinal Hernia (Infants & Children),Herniotomy (Unilateral);STANDARD;4840000;1700000
7683;SRG I_Abdominal Wall,Inguinal/Femoral Hernia,Bilateral Herniorrhaphy (Laparoscopy);STANDARD;16230000;5690000
7684;SRG I_Abdominal Wall,Inguinal/Femoral Hernia,Bilateral Herniorrhaphy (Open);STANDARD;11590000;4060000
7685;SRG I_Abdominal Wall,Inguinal/Femoral Hernia,Unilateral Herniorrhaphy (Laparoscopy);STANDARD;11590000;4060000
7686;SRG I_Abdominal Wall,Inguinal/Femoral Hernia,Unilateral Herniorrhaphy (Open);STANDARD;8280000;2900000
7687;SRG I_Abdominal Wall,Strangulated/Obstructed Hernia,Repair with Bowel Resection;STANDARD;12530000;4390000
7688;SRG I_Abdominal Wall,Strangulated/Obstructed Hernia,Repair without Bowel Resection;STANDARD;10130000;3550000
7689;SRG I_Abdominal Wall,Ventral/Incisional/Recurrent Hernia,Repair (Open);STANDARD;11300000;3960000
7690;SRG I_Adenoids,Various Lesions,Removal;STANDARD;4280000;1500000
7691;SRG I_Adrenals,Various Lesions,Biopsy/Excision (Laparoscopy);STANDARD;12860000;4510000
7692;SRG I_Adrenals,Various Lesions,Biopsy/Excision (Open);STANDARD;9180000;3220000
7693;SRG I_Ankle,,Therapeutic Arthroscopy;STANDARD;11330000;3970000
7694;SRG I_Ankle,Ankle Fracture,Bimalleolar ORIF;STANDARD;13500000;4730000
7695;SRG I_Ankle,Ankle Fracture,Unimalleolar ORIF;STANDARD;9000000;3150000
7696;SRG I_Ankle,Dislocation,Open Reduction;STANDARD;6950000;2440000
7697;SRG I_Ankle,Various Lesions,Repair Of Ligaments;STANDARD;6980000;2450000
7698;SRG I_Anus,Fissure,Excision/Lateral Sphincterotomy;STANDARD;3740000;1310000
7699;SRG I_Anus,Fistula-In-Ano (High),Complex And Recurrent Fistulectomy;STANDARD;5540000;1940000
7700;SRG I_Anus,Fistula-In-Ano,Excision/ Fistulectomy;STANDARD;3740000;1310000
7701;SRG I_Anus,Fistula-In-Ano,Insertion Of Seton;STANDARD;5910000;2070000
7702;SRG I_Anus,Hemorrhoids,Hemorrhoidectomy with/without Sigmoidoscopy;STANDARD;4130000;1450000
7703;SRG I_Anus,Hemorrhoids,Laser Haemorrhoidectomy;STANDARD;7750000;2720000
7704;SRG I_Anus,Hemorrhoids,Removal Of External Anal Tags;STANDARD;1860000;660000
7705;SRG I_Anus,Hemorrhoids,Stapled Haemorrhoidectomy;STANDARD;5540000;1940000
7706;SRG I_Anus,Hemorrhoids,Transanal Haemorrhoidal Dearterialization (THD);STANDARD;3600000;1260000
7707;SRG I_Anus,Perineal Abscess,Saucerisation/Drainage;STANDARD;4040000;1420000
7708;SRG I_Anus,Stricture,Dilatation;STANDARD;980000;350000
7709;SRG I_Aorta,,Total Arch Replacement;STANDARD;54080000;18930000
7710;SRG I_Aorta,Aneurysm,Juxtarenal Type;STANDARD;14180000;4970000
7711;SRG I_Aorta,Ruptured Aortic Aneurysm (Thoracic Or Abdominal),Endo-Vascular Aortic Repair;STANDARD;22500000;7880000
7712;SRG I_Aorta,Thoraco-Abdominal Aneurysm,Excision And Insertion Of Graft;STANDARD;54080000;18930000
7713;SRG I_Aortic Dissection,,Endovascular Fenestration;STANDARD;4170000;1460000
7714;SRG I_Aortic Dissection,,Endovascular Stent Graft Repair;STANDARD;16010000;5610000
7715;SRG I_Appendix,Various Lesions/Abscess,Appendicectomy with/without Drainage (Laparoscopy);STANDARD;9180000;3220000
7716;SRG I_Appendix,Various Lesions/Abscess,Appendicectomy with/without Drainage (Open);STANDARD;7360000;2580000
7717;SRG I_Arteriovenous Fistula Graft,,Thrombectomy;STANDARD;6210000;2180000
7718;SRG I_Arteriovenous Fistula,,Angiogram;STANDARD;3000000;1050000
7719;SRG I_Arteriovenous Fistula,,Synthetic Graft;STANDARD;13220000;4630000
7720;SRG I_Artery,Intracranial,Thrombosis,Percutaneous Catheter Directed Thrombolysis/Thrombectomy;STANDARD;39980000;14000000
7721;SRG I_Artery,Various Lesions,Arterio-Venuous Fistula Creation;STANDARD;8240000;2890000
7722;SRG I_Bladder,Calculus,Vesicolithotomy/Litholapaxy/Ultrasonic Lithotripsy;STANDARD;8800000;3080000
7723;SRG I_Bladder,Cystoscopy with/without Biopsy;STANDARD;2330000;820000
7724;SRG I_Bladder,Cystoscopy,Removal Of Foreign Body/Ureteric Stent;STANDARD;2720000;960000
7725;SRG I_Bladder,Cystoscopy,with Endoscopic Resection/Incision Of Bladder Neck;STANDARD;5590000;1960000
7726;SRG I_Bladder,Retention Of Urine,Suprapubic Cystostomy;STANDARD;4400000;1550000
7727;SRG I_Bladder,Various Lesions,Total Radical Cystectomy,For Malignancy (Laparoscopy);STANDARD;17940000;6280000
7728;SRG I_Bladder,Various Lesions,Total Radical Cystectomy,For Malignancy (Open);STANDARD;12830000;4490000
7729;SRG I_Bladder,Vesico-Rectal Fistula,Correction;STANDARD;7650000;2680000
7730;SRG I_Bladder,Vesico-Vaginal Fistula,Correction;STANDARD;13250000;4640000
7731;SRG I_Bladder/Ureter,Cystoscopy,with Ureteric Catheterisation;STANDARD;3310000;1160000
7732;SRG I_Bladder/Urethra,,Transurethral Resection Of Bladder Tumour (<3cm);STANDARD;7460000;2610000
7733;SRG I_Bladder/Urethra,,Transurethral Resection Of Bladder Tumour (>3cm);STANDARD;10700000;3750000
7734;SRG I_Bladder/Urethra,Cystoscopy,with Urethral Dilatation;STANDARD;3310000;1160000
7735;SRG I_Blood Vessels,Subcutaneous Implanted Vascular Port,Insertion;STANDARD;4110000;1440000
7736;SRG I_Blood Vessels,Subcutaneous Implanted Vascular Port,Removal;STANDARD;2210000;780000
7737;SRG I_Bone (Lower Limb),,Grade 1 And 2 Open Fractures/Open Dislocation Or Open Fracture-Dislocation Wound Debridement;STANDARD;3750000;1320000
7738;SRG I_Bone (Lower Limb),Deformities,Corrective Surgery with Internal Fixation with/without Fluoroscopy;STANDARD;12380000;4340000
7739;SRG I_Bone (Lower Limb),Deformities,Corrective Surgery with Osteotomy Alone;STANDARD;10880000;3810000
7740;SRG I_Bone (Lower Limb),Fracture/Dislocation,Manipulation And Kirschner Wire Fixation;STANDARD;7130000;2500000
7741;SRG I_Bone (Upper Limb),Grade 1 And 2 Open Fractures/Open Dislocation Or Open Fracture-Dislocation,Wound Debridement;STANDARD;3750000;1320000
7742;SRG I_Bone And Joints (Lower Limb),,Removal Of Simple Implants (Rush Rods/Wires/K-Wires/Pins/Screws);STANDARD;4800000;1680000
7743;SRG I_Bone And Joints (Lower Limb),Plates And Screws/Nails,Removal;STANDARD;8360000;2930000
7744;SRG I_Bone And Joints (Upper Limb),,Removal Of Simple Implants (Rush Rods/Wires/K-Wires/Pins/Screws);STANDARD;4800000;1680000
7745;SRG I_Bone And Joints (Upper Limb),Plates And Screws,Removal;STANDARD;8360000;2930000
7746;SRG I_Brain,,Deep Brain Stimulation (Unilateral);STANDARD;39980000;14000000
7747;SRG I_Brain,Aneurysm/Arterio-Venous Malformation,Clipping/Excision (Complex);STANDARD;39980000;14000000
7748;SRG I_Brain,Hydrocephalus And Other Lesions,Ventriculoatrial/Ventriculoperitoneal Shunt;STANDARD;39980000;14000000
7749;SRG I_Brain,Hydrocephalus,External Ventricular Drainage (Unilateral);STANDARD;39980000;14000000
7750;SRG I_Brain,Intracerebral Tumor,Biopsy And/Or Decompression/Removal Via Craniotomy (Complex);STANDARD;39980000;14000000
7751;SRG I_Brain,Intracerebral Tumor,Biopsy And/Or Decompression/Removal Via Craniotomy (Simple);STANDARD;39980000;14000000
7752;SRG I_Brain,Intracranial Abscess,Craniectomy And Drainage;STANDARD;39980000;14000000
7753;SRG I_Brain,Intracranial Extracerebral Tumor,Craniotomy/Hemispherectomy;STANDARD;39980000;14000000
7754;SRG I_Breast (Nipple),Various Lesions,Graft And/Or Flap Reconstruction (Bilateral);STANDARD;9800000;3440000
7755;SRG I_Breast (Nipple),Various Lesions,Graft And/Or Flap Reconstruction (Unilateral);STANDARD;7020000;2460000
7756;SRG I_Breast,Gynecomastia,Reduction (Unilateral);STANDARD;4640000;1630000
7757;SRG I_Breast,Lump (Single),Excision Biopsy;STANDARD;3790000;1330000
7758;SRG I_Breast,Lumps (Multiple/Bilateral),Excision Biopsy;STANDARD;5670000;1990000
7759;SRG I_Breast,Post Mastectomy,Reconstruction Using Free Flap (Unilateral);STANDARD;35540000;12440000
7760;SRG I_Breast,Post Mastectomy,Reconstruction Using Pedicled Transverse Rectus Abdominis Musculocutaneous Flap (Bilateral);STANDARD;24920000;8730000
7761;SRG I_Breast,Post Mastectomy,Reconstruction Using Pedicled Transverse Rectus Abdominis Musculocutaneous Flap (Unilateral);STANDARD;20780000;7280000
7762;SRG I_Breast,Tumor (Malignant),Radical Mastectomy with/without Axiliary Clearance;STANDARD;12080000;4230000
7763;SRG I_Breast,Tumor (Malignant),Simple Mastectomy;STANDARD;7280000;2550000
7764;SRG I_Breast,Tumor (Malignant),Simple Mastectomy with Sentinel Node Biopsy/ Axiliary Node Sampling;STANDARD;9750000;3420000
7765;SRG I_Breast,Tumor (Malignant),Wide Excision/ Lumpectomy/Segmental Mastectomy/ Partial Mastectomy;STANDARD;11930000;4180000
7766;SRG I_Breast,Tumor (Malignant),Wide Excision/ Lumpectomy/Segmental Mastectomy/ Partial Mastectomy with Axiliary Clearance with/without Sentinel Node Biopsy;STANDARD;11930000;4180000
7767;SRG I_Breast,Tumor (Malignant),Wide Excision/ Lumpectomy/Segmental Mastectomy/ Partial Mastectomy with Sentinel Node Biopsy/ Axiliary Node Sampling;STANDARD;11930000;4180000
7768;SRG I_Breast,Various Lesions,Subcutaneous Mastectomy Bilateral excluding Gynaecomastia;STANDARD;13890000;4870000
7769;SRG I_Breast,Various Lesions,Subcutaneous Mastectomy Unilateral excluding Gynaecomastia;STANDARD;6950000;2440000
7770;SRG I_Breast,Various Lesions,Trucut Biopsy,Ultrasound Guided Or Stereotactic (Single);STANDARD;1170000;410000
7771;SRG I_Breast,Various Lesions,Wire Localisation,Excision (Multiple);STANDARD;6140000;2150000
7772;SRG I_Bronchus/Lung,,Bronchoscopy with/without Biopsy;STANDARD;4880000;1710000
7773;SRG I_Carpus,Fracture/Dislocation,Open Reduction And Internal Fixation;STANDARD;10880000;3810000
7774;SRG I_Cervical Spine,Various Lesions,Anterior Decompression And Fusion Or Disc Replacement (1 Segment);STANDARD;18750000;6570000
7775;SRG I_Cervical Spine,Various Lesions,Anterior Decompression And Fusion Or Disc Replacement (2 Segments);STANDARD;26250000;9190000
7776;SRG I_Cervical Spine,Various Lesions,Anterior Decompression And Fusion Or Disc Replacement (3 Or More Segments);STANDARD;36750000;12870000
7777;SRG I_Cervical Spine,Various Lesions,Laminoplasty (without Instrumentation);STANDARD;26250000;9190000
7778;SRG I_Cervix,Cancer,Radical Trachelectomy with/without Lymphadenectomy;STANDARD;9180000;3220000
7779;SRG I_Cervix,Cervical Intraepithelial Neoplasia,Cone Biopsy with/without Laser;STANDARD;4050000;1420000
7780;SRG I_Cervix,Polyp,Excision/Erosion (Complicated) Includes D&C with Biopsy;STANDARD;4430000;1550000
7781;SRG I_Cervix,Polyp,Excision/Erosion (Simple) with Biopsy;STANDARD;1250000;440000
7782;SRG I_Cervix,Transcervical Resection (TCR) Polyp (<2cm),Hysteroscopic;STANDARD;3680000;1290000
7783;SRG I_Cervix,Transcervical Resection (TCR) Polyp (>2cm),Hysteroscopic;STANDARD;4860000;1710000
7784;SRG I_Cervix,Transcervical Resection (TCR) Septum,Hysteroscopic;STANDARD;4840000;1700000
7785;SRG I_Cervix,Various Lesions,Colposcopy Ablational/Excisional Treatment (Laser Vapourisation/Loop Electrosurgical Excision Procedure/Laser Excision Of Transformation Zone with Biopsy);STANDARD;4050000;1420000
7786;SRG I_Clavicle,Clavicle Fracture,Delayed Union/Revision And ORIF with/without Bone Grafting;STANDARD;10880000;3810000
7787;SRG I_Clavicle,Clavicle Fracture,Simple;STANDARD;10880000;3810000
7788;SRG I_Colon,,Anterior Resection (Laparoscopy);STANDARD;13950000;4890000
7789;SRG I_Colon,,Anterior Resection (Open);STANDARD;12550000;4400000
7790;SRG I_Colon,Various Lesions,Colostomy;STANDARD;8570000;3000000
7791;SRG I_Colon,Various Lesions,Right/Left Hemicolectomy (Laparoscopy);STANDARD;13490000;4730000
7792;SRG I_Colon,Various Lesions,Right/Left Hemicolectomy (Open);STANDARD;9640000;3380000
7793;SRG I_Conjunctiva,Pterygium,Excision (Bare Sclera);STANDARD;4170000;1460000
7794;SRG I_Creation Of Ileal Neobladder;STANDARD;12830000;4490000
7795;SRG I_Diaphragm,Tumor,Excision;STANDARD;7650000;2680000
7796;SRG I_Diaphragm,Tumor,Excision with Wedge Resection Of Lung;STANDARD;8780000;3080000
7797;SRG I_Digit(s),Nailbed Laceration,Nailbed Grafting;STANDARD;6000000;2100000
7798;SRG I_Ear (Middle),,Cochlear Implant;STANDARD;9180000;3220000
7799;SRG I_Ear (Middle),Abscess/Inflammation,Operation;STANDARD;1780000;630000
7800;SRG I_Ear,Foreign Body,Complex Removal/Excision (Embedded/Large);STANDARD;3140000;1100000
7801;SRG I_Ear,Laceration (Full Thickness),Repair (> 3cm);STANDARD;4860000;1710000
7802;SRG I_Ear,Tympanic Membrane,Perforation,Cauterisation/Diathermy;STANDARD;1170000;410000
7803;SRG I_Ear,Tympanic Membrane,Perforation,Round Window Repair;STANDARD;9680000;3390000
7804;SRG I_Ear,Tympanic Membrane,Unilateral Myringotomy with Tube;STANDARD;3750000;1320000
7805;SRG I_Ear,Tympanic Membrane,Unilateral Myringotomy without Tube;STANDARD;2700000;950000
7806;SRG I_Ear,Various Lesions,Myringoplasty (Simple);STANDARD;4260000;1500000
7807;SRG I_Ear,Various Lesions,Ossicular Chain Reconstruction with/without Myringoplasty;STANDARD;6130000;2150000
7808;SRG I_Elbow,,Therapeutic Arthroscopy;STANDARD;11330000;3970000
7809;SRG I_Elbow,Coronoid Fracture,ORIF;STANDARD;10880000;3810000
7810;SRG I_Elbow,Dislocation,Ligament Repair (Complex,with/without Implant);STANDARD;9900000;3470000
7811;SRG I_Elbow,Dislocation,Ligament Repair (Single);STANDARD;6980000;2450000
7812;SRG I_Elbow,Fracture/ Dislocation,Repair Of Ligaments/ ORIF;STANDARD;10880000;3810000
7813;SRG I_Elbow,Fracture/Dislocation,Open Reduction And Internal Fixation (ORIF);STANDARD;10880000;3810000
7814;SRG I_Elbow,Tennis Elbow,Release;STANDARD;3380000;1190000
7815;SRG I_Eyelids,Simple Laceration,Repair;STANDARD;1880000;660000
7816;SRG I_Eyelids,Various Lesions,Upper Blepharoplasty (Unilateral);STANDARD;11310000;3960000
7817;SRG I_Fallopian Tube,,Removal Of Ectopic Gestation;STANDARD;5940000;2080000
7818;SRG I_Fallopian Tube,,Sterilization (Laparoscopy);STANDARD;4880000;1710000
7819;SRG I_Fallopian Tube,Completed Family,Division/Ligation;STANDARD;3680000;1290000
7820;SRG I_Fallopian Tube/Uterus/Ovary,,Therapeutic Laparoscopy;STANDARD;9600000;3360000
7821;SRG I_Femur,Fracture (Complex Intra-Articular),Open Reduction And Internal Fixation (ORIF) with Plate And Screws;STANDARD;14140000;4950000
7822;SRG I_Femur,Fracture (Intercondylar),Open Reduction And Internal Fixation (ORIF);STANDARD;12530000;4390000
7823;SRG I_Femur,Fracture (Single Condylar),Open Reduction And Internal Fixation (ORIF);STANDARD;10880000;3810000
7824;SRG I_Femur,Fracture,Open Reduction And Internal Fixation (ORIF) with Plate And Screws;STANDARD;11250000;3940000
7825;SRG I_Finger,Defect/Contracture (Multiple),Reconstruction;STANDARD;9380000;3290000
7826;SRG I_Finger,Defect/Contracture (Single),Reconstruction;STANDARD;6190000;2170000
7827;SRG I_Finger,Syndactyly (Multiple),Separation;STANDARD;13500000;4730000
7828;SRG I_Finger,Syndactyly (Single),Correction;STANDARD;7500000;2630000
7829;SRG I_Finger,Various Lesions,Amputation (Multiple);STANDARD;5250000;1840000
7830;SRG I_Finger,Various Lesions,Amputation (Single);STANDARD;3750000;1320000
7831;SRG I_Foot,,Achilles Tendon Reconstruction;STANDARD;10650000;3730000
7832;SRG I_Foot,Congenital Talipes Equinovarus (CTEV),Bilateral Release;STANDARD;12750000;4470000
7833;SRG I_Foot,Congenital Talipes Equinovarus (CTEV),Medial Release;STANDARD;6130000;2150000
7834;SRG I_Foot,Crush Injuries (Complex),Wound Debridement;STANDARD;4840000;1700000
7835;SRG I_Foot,Crush Injuries (Simple),Wound Debridement;STANDARD;3000000;1050000
7836;SRG I_Foot,Fractures,Open Reduction And Internal Fixation (Complex/Multiple Including Talus And Calcaneum);STANDARD;11250000;3940000
7837;SRG I_Foot,Hallux Valgus/Hammer Toe,Proximal Osteotomy with/without Soft Tissue Reconstruction;STANDARD;10880000;3810000
7838;SRG I_Gallbladder,Various Lesions,Cholecystectomy (Laparoscopy);STANDARD;12510000;4380000
7839;SRG I_Gallbladder,Various Lesions,Cholecystectomy (Open);STANDARD;9000000;3150000
7840;SRG I_Gallbladder,Various Lesions,Cholecystectomy And Repair Of Cholecysto-Enteric/ Cholecysto-Choledochal Fistula (Laparoscopy);STANDARD;16800000;5880000
7841;SRG I_Gallbladder,Various Lesions,Cholecystectomy And Repair Of Cholecysto-Enteric/ Cholecysto-Choledochal Fistula (Open);STANDARD;12000000;4200000
7842;SRG I_Gallbladder,Various Lesions,Cholecystectomy/Choledochotomy/Common Bile Duct Exploration with Choledocho-Duodenostomy (Laparoscopy);STANDARD;15230000;5330000
7843;SRG I_Gallbladder,Various Lesions,Cholecystectomy/Choledochotomy/Common Bile Duct Exploration with Choledocho-Duodenostomy (Open);STANDARD;10880000;3810000
7844;SRG I_Genital Tract,Cancer,Staging Under General Anesthesia (Includes Cystoscopy/Dilatation & Curettage/Biopsy);STANDARD;2340000;820000
7845;SRG I_Genital,Fournier Gangrene,Debridement;STANDARD;5330000;1870000
7846;SRG I_Hand,Closed Fracture,ORIF (Multiple) Non-Joint;STANDARD;16310000;5710000
7847;SRG I_Hand,Closed Fracture,ORIF with K-Wire/Cerclage Wire Fixation;STANDARD;7130000;2500000
7848;SRG I_Hand,Closed Fracture,ORIF/Plate And Screws (Single) Joint/Non-Joint;STANDARD;10880000;3810000
7849;SRG I_Hand,Crush Injuries (Complex),Wound Debridement;STANDARD;5330000;1870000
7850;SRG I_Hand,Crush Injuries (Simple),Wound Debridement;STANDARD;3000000;1050000
7851;SRG I_Hand,Flexor Tendon,Trigger Finger (Multiple) Release;STANDARD;6750000;2370000
7852;SRG I_Hand,Flexor Tendon,Trigger Finger (Single) Release;STANDARD;3380000;1190000
7853;SRG I_Hand,Fractures/Dislocation,Open Reduction And Internal Fixation (Multiple);STANDARD;16310000;5710000
7854;SRG I_Hand,Open Fracture,Debridement And ORIF (Single) Joint;STANDARD;10880000;3810000
7855;SRG I_Hip,Various Lesions,Hemi-Arthroplasty;STANDARD;13580000;4760000
7856;SRG I_Hip,Various Lesions,Primary Total Joint Replacement (Lap/MIS/Navigated);STANDARD;19010000;6660000
7857;SRG I_Hip,Various Lesions,Primary Total Joint Replacement (Open);STANDARD;18000000;6300000
7858;SRG I_Hip,Various Lesions,Primary Total Joint Replacement with Augmentation Requiring Extra Implants Or Bone Grafts (Open);STANDARD;23400000;8190000
7859;SRG I_Hip,Various Lesions,Revision Hemi-Arthroplasty;STANDARD;17650000;6180000
7860;SRG I_Hip,Various Lesions,Revision Total Joint Replacement (MIS/Laparoscopy);STANDARD;32760000;11470000
7861;SRG I_Hip,Various Lesions,Revision Total Joint Replacement (Open);STANDARD;23400000;8190000
7862;SRG I_Hip/Knee,Therapeutic Arthroscopy,with/without Synovectomy/Labral Repair/FAI Resection For Hip;STANDARD;11330000;3970000
7863;SRG I_Humerus,Proximal Humerus Or Supracondylar Fracture,ORIF;STANDARD;10880000;3810000
7864;SRG I_Joints (Finger),Various Lesions,Replacement Arthroplasty;STANDARD;13890000;4870000
7865;SRG I_Joints (Lower Limb),Loose Bodies,Removal;STANDARD;7060000;2480000
7866;SRG I_Joints (Upper Limb),Vascular Injury,Major Vascular Reconstruction/Anastomosis/Graft;STANDARD;13890000;4870000
7867;SRG I_Joints,Arthroscopy,Diagnostic;STANDARD;5960000;2090000
7868;SRG I_Kidney,,Renovascular Reconstruction;STANDARD;12510000;4380000
7869;SRG I_Kidney,Blocked Nephrostomy Tube,Change;STANDARD;1950000;690000
7870;SRG I_Kidney,Calculus,Extra Corporeal Shockwave Lithotripsy (ESWL);STANDARD;7650000;2680000
7871;SRG I_Kidney,Calculus,Nephrolithotomy/Pyelolithotomy;STANDARD;8390000;2940000
7872;SRG I_Kidney,Calculus,Percutaneous Nephrolithotomy Or Percutaneous Nephrostolithotomy (PCNL);STANDARD;14180000;4970000
7873;SRG I_Kidney,Cyst,Imaging Guided Percutaneous Aspiration;STANDARD;8800000;3080000
7874;SRG I_Kidney,Cyst,Sclerosing And Percutaneous Drainage;STANDARD;7650000;2680000
7875;SRG I_Kidney,Cyst,Unroofing/Deroofing;STANDARD;5330000;1870000
7876;SRG I_Kidney,Cyst,Unroofing/Deroofing (Laparoscopy);STANDARD;7650000;2680000
7877;SRG I_Kidney,Pyonephrosis,Drainage (Open);STANDARD;6650000;2330000
7878;SRG I_Kidney,Staghorn Calculus,Nephrolithotomy Or Percutaneous Nephrostolithotomy (PCNL);STANDARD;13250000;4640000
7879;SRG I_Kidney,Staghorn Calculus,Percutaneous Nephrostolithotomy (PCNL) Laser;STANDARD;17940000;6280000
7880;SRG I_Kidney,Various Lesion,Robotic Renal Biopsy;STANDARD;8800000;3080000
7881;SRG I_Kidney,Various Lesions,Biopsy (Closed);STANDARD;4050000;1420000
7882;SRG I_Kidney,Various Lesions,Partial Nephrectomy (Laparoscopy);STANDARD;21220000;7430000
7883;SRG I_Kidney,Various Lesions,Radical Nephrectomy (Laparoscopy);STANDARD;17940000;6280000
7884;SRG I_Kidney,Various Lesions,Simple Nephrectomy (Laparoscopy);STANDARD;12510000;4380000
7885;SRG I_Kidney/Ureter,,Pyeloplasty (Unilateral - Open/Laparoscopy);STANDARD;8800000;3080000
7886;SRG I_Kidney/Ureter,,Retrograde Intrarenal Surgery Or RIRS Using Flexible Ureteroscopy (Diagnostic);STANDARD;6120000;2150000
7887;SRG I_Kidney/Ureter,,Retrograde Intrarenal Surgery Or RIRS Using Flexible Ureteroscopy (Therapeutic - e.g. Lithotripsy And/Or Basket Extraction Of Stones);STANDARD;12510000;4380000
7888;SRG I_Knee Ligaments,Disruption,Reconstruction And Repair;STANDARD;14250000;4990000
7889;SRG I_Knee,Arthroscopy,Knee Ligament Reconstruction (1 Or More);STANDARD;12000000;4200000
7890;SRG I_Knee,Ligaments/Meniscus/Cartilage/Bone Combined,ACL Or PCL Reconstruction (MIS/Laparoscopy);STANDARD;18000000;6300000
7891;SRG I_Knee,Ligaments/Meniscus/Cartilage/Bone Combined,Ligament Reconstruction with Meniscal Repair (Laparoscopy);STANDARD;18000000;6300000
7892;SRG I_Knee,Meniscus/Cartilage,Meniscal Repair (Laparoscopy);STANDARD;14060000;4930000
7893;SRG I_Knee,Various Lesions,Meniscectomy with/without Arthroscopy;STANDARD;11330000;3970000
7894;SRG I_Knee,Various Lesions,Primary Total Joint Replacement (Unilateral - Open);STANDARD;15000000;5250000
7895;SRG I_Knee,Various Lesions,Primary Total Joint Replacement (Unilateral) (Lap/MIS/Navigated);STANDARD;21000000;7350000
7896;SRG I_Knee,Various Lesions,Primary Total Joint Replacement (Unilateral) with Augmentation Requiring Extra Implants Or Bone Grafts (Open);STANDARD;19500000;6830000
7897;SRG I_Knee,Various Lesions,Revision Total Joint Replacement (MIS/Laparoscopy);STANDARD;27300000;9560000
7898;SRG I_Knee,Various Lesions,Revision Total Joint Replacement (Open);STANDARD;19500000;6830000
7899;SRG I_Laparotomy Debulking (Advanced Disease,Primary/Recurrent);STANDARD;10880000;3810000
7900;SRG I_Laryngoscopy with Removal Of Tumour/Lesions,,Laryngoscopy with Removal Of Tumour/Lesions;STANDARD;8400000;2940000
7901;SRG I_Larynx And Pharynx,Various Lesions,Laser Application;STANDARD;6700000;2350000
7902;SRG I_Larynx,,Laryngectomy with Bilateral Neck Dissection;STANDARD;13260000;4650000
7903;SRG I_Larynx,Various Lesions,Hemi/Partial Laryngectomy;STANDARD;13260000;4650000
7904;SRG I_Larynx,Various Lesions,Hemi/Partial Laryngectomy with Radical Neck Dissection;STANDARD;15000000;5250000
7905;SRG I_Lens,,Complicated Cataract Extraction with Intraocular Lens Implant (Capsular Tension Ring/Capsular Tension Segment);STANDARD;5690000;1990000
7906;SRG I_Lens,Cataract,Extraction with Intra-Ocular Lens Implant (Unilateral);STANDARD;6800000;2380000
7907;SRG I_Lens,Cataract,Extraction with Intra-Ocular Lens Implant And Trabeculectomy with/without Antimetabolites;STANDARD;6800000;2380000
7908;SRG I_Liver,Abscess,Trans-Abdominal Drainage (Laparoscopy);STANDARD;7460000;2610000
7909;SRG I_Liver,Abscess,Trans-Abdominal Drainage (Open);STANDARD;5330000;1870000
7910;SRG I_Lower Limb,Ischemia,Fasciotomy;STANDARD;6980000;2450000
7911;SRG I_Lung,Various Lesions,Pneumonectomy/Lobectomy/Segmental Resection;STANDARD;15600000;5460000
7912;SRG I_Lung,Various Lesions,Repeat/Multiple/Complex Resections;STANDARD;13220000;4630000
7913;SRG I_Lung,Various Lesions,Wedge Resection;STANDARD;11220000;3930000
7914;SRG I_Lymph Node (Axillary),Various Lesions,Sentinel LN Biopsy Only;STANDARD;4860000;1710000
7915;SRG I_Lymph Node (Cervical),,Radical with Flap Reconstruction;STANDARD;19130000;6700000
7916;SRG I_Lymph Node (Cervical),Various Lesions,Biopsy;STANDARD;2420000;850000
7917;SRG I_Lymph Node (Cervical),Various Lesions,Neck Dissection (Bilateral 3 Or Less Levels);STANDARD;9730000;3410000
7918;SRG I_Lymph Node (Cervical),Various Lesions,Neck Dissection (Unilateral 1-3 Levels);STANDARD;7680000;2690000
7919;SRG I_Lymph Node (Cervical),Various Lesions,Radical Neck Dissection;STANDARD;13500000;4730000
7920;SRG I_Lymph Node (Cervical),Various Lessions,Biopsy;STANDARD;3780000;1330000
7921;SRG I_Lymph Node (Inguinal),Various Lesions,Limited Excision;STANDARD;4860000;1710000
7922;SRG I_Lymph Node (Inguinal),Various Lesions,Radical Excision;STANDARD;6390000;2240000
7923;SRG I_Lymph Node (Pelvic) Dissection,,Dissection (Open);STANDARD;9320000;3270000
7924;SRG I_Lymph Node (Pelvic),,Dissection (Laparoscopy);STANDARD;13050000;4570000
7925;SRG I_Lymph Node (Retropharyngeal),,Neck Dissection (Open/Transoral);STANDARD;10400000;3640000
7926;SRG I_Lymph Node (Single),Various Lesions,Excision Biopsy (Laparoscopy);STANDARD;5220000;1830000
7927;SRG I_Lymph Node (Single),Various Lesions,Excision Biopsy (Open);STANDARD;3730000;1310000
7928;SRG I_Lymph Node,Various Lesions,Biopsy;STANDARD;3620000;1270000
7929;SRG I_Maxilla,Alveolar Cleft (Unilateral Complete),Bone Graft And Closure Of Naso Buccal Fistula;STANDARD;9000000;3150000
7930;SRG I_Maxilla,Fracture - Lefort II (Complex),Open Reduction And Fixation;STANDARD;10500000;3680000
7931;SRG I_Maxilla,Various Lesions,Ostectomy/Osteotomy (>1 Segment);STANDARD;10500000;3680000
7932;SRG I_Maxilla,Various Lesions,Resection/Hemimaxillectomy (Open Or Endoscopic Method);STANDARD;9000000;3150000
7933;SRG I_Mouth,Cleft Lip,Unilateral Primary Repair;STANDARD;5330000;1870000
7934;SRG I_Mouth,Tumor,Radical Excision Biopsy with Resection Of Mandible And Lymph Nodes And Reconstruction;STANDARD;15600000;5460000
7935;SRG I_Mucous Membrane,Tumor/Cyst/Ulcer/Scar,Excision;STANDARD;2330000;820000
7936;SRG I_Nerve (Upper Limb),Carpal Tunnel Syndrome,Release with Endoneurolysis (Bilateral);STANDARD;18430000;6450000
7937;SRG I_Nerve (Upper Limb),Carpal Tunnel Syndrome,Release with Endoneurolysis (Unilateral);STANDARD;12590000;4410000
7938;SRG I_Nerve (Upper Limb),Entrapment Syndrome (Others),Decompression (Unilateral);STANDARD;11590000;4060000
7939;SRG I_Nerve (Upper Limb),Guyon's Tunnel Syndrome,Release (Unilateral);STANDARD;11590000;4060000
7940;SRG I_Nerve Root (Cervical),,Block (Injection Of Anaesthetic - Therapeutic Substance) (>1 level);STANDARD;13330000;4670000
7941;SRG I_Nerve Root (Lumbar/Thoracic),,Block (Injection Of Anaesthetic - Therapeutic Substance) (1 level);STANDARD;13330000;4670000
7942;SRG I_Nose,Hematoma/Abscess,Evacuation/Incision & Drainage;STANDARD;2700000;950000
7943;SRG I_Nose,Various Lesions (Turbinates),Turbinectomy/Turbinoplasty/Submucous Resection (with/without Endoscopes);STANDARD;6030000;2120000
7944;SRG I_Nose,Various Lesions,Septoplasty/Submucous Resection;STANDARD;7500000;2630000
7945;SRG I_Ovary,Malignant Tumor/Cyst,Total Hysterectomy Bilateral Salpingo-Oophorectomy with Omentectomy,Surgical Staging with/without Lymphadenectomy (Laparoscopy);STANDARD;16280000;5700000
7946;SRG I_Ovary,Malignant Tumor/Cyst,Total Hysterectomy Bilateral Salpingo-Oophorectomy with Omentectomy,Surgical Staging with/without Lymphadenectomy (Open);STANDARD;11630000;4070000
7947;SRG I_Ovary,Tumor/Cyst,Cystectomy (Complicated >5cm - Laparoscopy);STANDARD;9770000;3420000
7948;SRG I_Ovary,Tumor/Cyst,Cystectomy (Complicated >5cm);STANDARD;6980000;2450000
7949;SRG I_Ovary,Tumor/Cyst,Cystectomy (Simple <5cm - Laparoscopy);STANDARD;8720000;3060000
7950;SRG I_Ovary,Tumor/Cyst,Cystectomy (Simple <5cm);STANDARD;6230000;2180000
7951;SRG I_Ovary,Tumor/Cyst,Oophorectomy/Salpingo-Oophorectomy (Complicated);STANDARD;8400000;2940000
7952;SRG I_Ovary,Tumor/Cyst,Oophorectomy/Salpingo-Oophorectomy (Simple);STANDARD;6260000;2190000
7953;SRG I_Paravertebral Region,Block,Anaesthetic (>2 levels);STANDARD;13330000;4670000
7954;SRG I_Parotid,,Total Parotidectomy with/without Preservation Of Facial Nerve;STANDARD;14180000;4970000
7955;SRG I_Parotid,Tumor,Superficial Parotidectomy;STANDARD;9180000;3220000
7956;SRG I_Pelvis,Fracture,Fixation Of Anterior And Posterior Ring;STANDARD;16130000;5650000
7957;SRG I_Penis,,Dorsumcision;STANDARD;3650000;1280000
7958;SRG I_Penis,,V. Spermatika Interna Ligation (Microsurgery);STANDARD;7650000;2680000
7959;SRG I_Penis,Buried Penis,Buried Penis Surgery;STANDARD;5330000;1870000
7960;SRG I_Penis,Congenital Organ Abnormality,Webbed Penis Excision;STANDARD;5330000;1870000
7961;SRG I_Penis,Glanular Hypospadias,Meatoplasty And Circumcision;STANDARD;3650000;1280000
7962;SRG I_Penis,Hypospadias,Correction Of Chordee;STANDARD;6260000;2200000
7963;SRG I_Penis,Hypospadias,Urethral Reconstruction;STANDARD;9980000;3500000
7964;SRG I_Penis,Hypospadias,Urethral Reconstruction & Correction Of Chordee;STANDARD;12510000;4380000
7965;SRG I_Penis,Paraphimosis/Phimosis/Reduction Prepuce,Circumcision;STANDARD;3650000;1280000
7966;SRG I_Penis,Penoscrotal Transposition,Reconstruction;STANDARD;12510000;4380000
7967;SRG I_Penis,Priapism,Priapism Operation (Winter Procedure);STANDARD;5330000;1870000
7968;SRG I_Penis,Trauma,Reconstruction (1st Stage);STANDARD;10560000;3700000
7969;SRG I_Penis,Trauma,Reconstruction (2nd Stage);STANDARD;10560000;3700000
7970;SRG I_Penis,Various Lesions,Insertion Of Penile Prosthesis;STANDARD;12510000;4380000
7971;SRG I_Peripheral Nerve,Block,Anaesthetic (Up To 2 Nerves);STANDARD;11590000;4060000
7972;SRG I_Prostate Gland,,Simple Prostatectomy (Laparoscopy);STANDARD;11760000;4120000
7973;SRG I_Prostate Gland,,Simple Prostatectomy (Open);STANDARD;8400000;2940000
7974;SRG I_Prostate Gland,Various Lesions,Biporal Transurethral Resection Of Prostate (Bipolar Turp);STANDARD;10880000;3810000
7975;SRG I_Prostate Gland,Various Lesions,Open Prostatectomy And Sectio Alta;STANDARD;5330000;1870000
7976;SRG I_Prostate Gland,Various Lesions,Radical Prostatectomy (Laparoscopy);STANDARD;19000000;6650000
7977;SRG I_Prostate Gland,Various Lesions,Radical Prostatectomy (Open);STANDARD;13570000;4750000
7978;SRG I_Prostate Gland,Various Lesions,Saturation Prostate Biopsy;STANDARD;3620000;1270000
7979;SRG I_Prostate Gland,Various Lesions,Trans-Rectal Ultrasound (TRUS);STANDARD;1950000;690000
7980;SRG I_Prostate Gland,Various Lesions,Trans-Rectal Ultrasound (TRUS) Guided Biopsy;STANDARD;1950000;690000
7981;SRG I_Prostate Gland,Various Lesions,Transurethral Resection Of Prostate (TURP) >30gm;STANDARD;9300000;3260000
7982;SRG I_Radius And Ulna,Fracture/Dislocation,Open Reduction And Internal Fixation with/without Bone Grafting;STANDARD;10880000;3810000
7983;SRG I_Rectum,,Ultra-Low Anterior Resection (Total Mesorectal Excision) with/without PLND;STANDARD;12550000;4400000
7984;SRG I_Scrotum,Hydrocele/Varicocele (Unilateral),Excision;STANDARD;4850000;1700000
7985;SRG I_Scrotum,Varicocele,Varicocelectomy (Palomo);STANDARD;4050000;1420000
7986;SRG I_Shoulder Fracture/Dislocation,,Open Reduction And Internal Fixation (3 Or More Part Fracture);STANDARD;10880000;3810000
7987;SRG I_Shoulder,,Acromioclavicular Joint Stabilisation/Reconstruction;STANDARD;10880000;3810000
7988;SRG I_Shoulder,,Therapeutic Arthroscopy;STANDARD;15000000;5250000
7989;SRG I_Shoulder,Shoulder Soft Tissue Injury,Decompression Alone (Open/Laparoscopy);STANDARD;14060000;4930000
7990;SRG I_Shoulder,Shoulder Soft Tissue Injury,Decompression with Cuff Repair (Open/Laparoscopy);STANDARD;15750000;5520000
7991;SRG I_Shoulder,Shoulder Soft Tissue Injury,MIS Repair With Superior Labrum From Anterior To Posterior (Slap) Repair/Rotator Cuff Repair;STANDARD;18000000;6300000
7992;SRG I_Shoulder,Shoulder Soft Tissue Injury,Open Bankart Repair With Superior Labrum From Anterior To Posterior (Slap) Repair/Rotator Cuff Repair;STANDARD;13890000;4870000
7993;SRG I_Shoulder,Various Lesions,Hemiarthroplasty;STANDARD;12510000;4380000
7994;SRG I_Sinuses,Nasal,Foreign Body/Other Lesions,Intranasal Operation/Removal Of Foreign Body;STANDARD;4050000;1420000
7995;SRG I_Sinuses,Nasal,Infection,Functional Sinuscopic Drainage Of Ethmoidal/ Maxillary Sinuses;STANDARD;8400000;2940000
7996;SRG I_Sinuses,Nasal,Infection,Functional Sinuscopic Ethmoidectomy (Bilateral);STANDARD;10470000;3670000
7997;SRG I_Sinuses,Nasal,Infection,Functional Sinuscopic Ethmoidectomy (Unilateral);STANDARD;7490000;2620000
7998;SRG I_Skin And Subcutaneous Tissue (Ear/Nose/Eyelid/Face),Complex Lacerations,Repair;STANDARD;5440000;1910000
7999;SRG I_Skin And Subcutaneous Tissue (Face And Neck),Scar (>3cm),Revision;STANDARD;3730000;1310000
8000;SRG I_Skin And Subcutaneous Tissue,Burns,Escharotomy (Extensive);STANDARD;1950000;690000
8001;SRG I_Skin And Subcutaneous Tissue,Burns,Escharotomy (Limited);STANDARD;980000;350000
8002;SRG I_Skin And Subcutaneous Tissue,Deep (>3cm)/Extensive Contaminated Wound,Debridement;STANDARD;4850000;1700000
8003;SRG I_Skin And Subcutaneous Tissue,Defect,Direct Flap (Cross Finger/Similar Flaps);STANDARD;7910000;2770000
8004;SRG I_Skin And Subcutaneous Tissue,Defect,Single Stage Local Flap (Complicated/Large);STANDARD;10160000;3560000
8005;SRG I_Skin And Subcutaneous Tissue,Hematoma/Carbuncle Cellulitis/Similar Lesion>3cm,Saucerisation/Incision with Drainage;STANDARD;3240000;1140000
8006;SRG I_Skin And Subcutaneous Tissue,Sinus (Shallow<3cm),Excision with/without Biopsy;STANDARD;1130000;400000
8007;SRG I_Skin And Subcutaneous Tissue,Tumor/Cyst/Ulcer/Scar,Excision Biopsy  (> 15mm diameter);STANDARD;1950000;690000
8008;SRG I_Skin And Subcutaneous Tissue,Wound,Debridement (<3cm);STANDARD;1090000;390000
8009;SRG I_Skin,Burns (2% To 5%),Excision;STANDARD;3180000;1120000
8010;SRG I_Skin,Burns (More Than 10%),Dressing;STANDARD;3740000;1310000
8011;SRG I_Skin,Keratoses/Warts/Tags/Similar Lesions,Excision (6 - 10 Lesions);STANDARD;1950000;690000
8012;SRG I_Skin,Keratoses/Warts/Tags/Similar Lesions,Excision (More Than10 Lesions);STANDARD;4050000;1420000
8013;SRG I_Skin,Keratoses/Warts/Tags/Similar Lesions,Excision (Not More Than 5 Lesions);STANDARD;980000;350000
8014;SRG I_Skin,Plantar Wart,Excision Or Vaporisation By Laser;STANDARD;980000;350000
8015;SRG I_Skull,Intracranial Hemorrhage,Osteoplastic Craniotomy/Extensive Craniectomy (Unilateral);STANDARD;39980000;14000000
8016;SRG I_Soft Tissue (Lower Limb),Contracture,Major Release;STANDARD;7650000;2680000
8017;SRG I_Soft Tissue (Lower Limb),Contracture,Minor Release;STANDARD;4050000;1420000
8018;SRG I_Soft Tissue (Lower Limb),Small Tumors (Benign),Excision Biopsy Under General Anesthesia;STANDARD;2480000;870000
8019;SRG I_Soft Tissue (Lower Limb),Tumors (Benign),Wide Excision Biopsy;STANDARD;6110000;2140000
8020;SRG I_Soft Tissue (Upper Limb),Tumors (Benign),Major Excision Biopsy;STANDARD;6110000;2140000
8021;SRG I_Soft Tissue (Upper Limb),Tumors (Malignant),Wide Excision Biopsy;STANDARD;7800000;2730000
8022;SRG I_Soft Tissue,Tumor (Malignant),Wide Excision Biopsy <7cm Other Than Upper/Lower Limbs;STANDARD;4850000;1700000
8023;SRG I_Spermatic Cord,Spermatocele/Epididymal Cyst,Excision;STANDARD;4850000;1700000
8024;SRG I_Spine (exclude Cervical Spine),Various Lesions,Interbody Fusion (Single Segment) with Anterior/Posterior Instrumentation;STANDARD;27000000;9450000
8025;SRG I_Spine,,Facet Joint Block (Injection Of Anaesthetic Or Therapeutic Substance) up to 3 Joints;STANDARD;11590000;4060000
8026;SRG I_Spine,,Removal Of Spine Implants without Other Procedures (Anterior Approach);STANDARD;13890000;4870000
8027;SRG I_Spine,,Vertebroplasty Or Kyphoplasty (Multiple Levels);STANDARD;20030000;7010000
8028;SRG I_Spine,,Vertebroplasty Or Kyphoplasty (Single Level);STANDARD;13350000;4680000
8029;SRG I_Spine,Fracture-Dislocation,Open Reduction And Stabilisation;STANDARD;18540000;6490000
8030;SRG I_Spine,Infection,Posterior Drainage,Debridement And Removal Of Implants,without Fusion Or Other Procedures;STANDARD;13890000;4870000
8031;SRG I_Spine,Percutaneous Disc Ablation,2 Or More Levels (Intradiscal Electrothermal Annuloplasty/IDET);STANDARD;16310000;5710000
8032;SRG I_Spine,Percutaneous Disc Ablation,Single Level (Intradiscal Electrothermal Annuloplasty/IDET);STANDARD;10880000;3810000
8033;SRG I_Spine,Syringomyelia,Laminectomy And Drainage;STANDARD;18540000;6490000
8034;SRG I_Spleen,Trauma,Splenectomy;STANDARD;10280000;3600000
8035;SRG I_Spleen,Various Non-Traumatic Lesions,Splenectomy (Open);STANDARD;8400000;2940000
8036;SRG I_Tendon Sheath (Upper Limb),De Quervain's (Bilateral),Release;STANDARD;9300000;3260000
8037;SRG I_Tendon Sheath (Upper Limb),De Quervain's (Unilateral),Release;STANDARD;6980000;2450000
8038;SRG I_Tendon Sheath (Upper Limb),Ganglion/Villo-Nodular Synovitis,Excision;STANDARD;4520000;1590000
8039;SRG I_Tendon Sheath And Subcutaneous Tissue,Ganglion/Large Bursa,Excision Biopsy (>3cm) ;STANDARD;4050000;1420000
8040;SRG I_Tendon Sheath And Subcutaneous Tissue,Ganglion/Small Bursa,Excision Biopsy (<3cm) ;STANDARD;3690000;1300000
8041;SRG I_Tendon-Achilles (Lower Limb),Disruption,Repair;STANDARD;7500000;2630000
8042;SRG I_Testis,Inguinal,Hydrocele,High Ligation Surgery;STANDARD;5330000;1870000
8043;SRG I_Testis,Undescended/Ectopic (Bilateral),Orchidopexy/Transplantation with Hernia Repair;STANDARD;9370000;3280000
8044;SRG I_Testis,Undescended/Ectopic (Unilateral),Orchidopexy/Transplantation with Hernia Repair;STANDARD;6690000;2350000
8045;SRG I_Testis,Variocoele,Spermatic Vein Embolisation;STANDARD;5670000;1990000
8046;SRG I_Testis,Various Lesions,Exploration/Repair;STANDARD;2680000;940000
8047;SRG I_Testis,Various Lesions,Orchidectomy (Simple - Laparoscopy);STANDARD;10180000;3570000
8048;SRG I_Testis,Various Lesions,Orchidectomy (Simple);STANDARD;7270000;2550000
8049;SRG I_Thorax,,Decortication (Laparoscopy);STANDARD;16110000;5640000
8050;SRG I_Thorax,Effusion/Fluid/Abscess Collection,Imaging Guided Percutaneous Aspiration/Diagnostic Tap;STANDARD;4300000;1510000
8051;SRG I_Thorax,Pleural Effusion,Aspiration;STANDARD;1420000;500000
8052;SRG I_Thorax,Pleural Effusion,Biopsy;STANDARD;1780000;630000
8053;SRG I_Thorax,Tumor (Mediastinal),Complex Resection;STANDARD;16650000;5830000
8054;SRG I_Thorax,Tumor (Mediastinal),Resection;STANDARD;13220000;4630000
8055;SRG I_Thorax,Various Lesions,Intercostal Drain (Insertion without Resection Of Rib);STANDARD;5390000;1890000
8056;SRG I_Thorax,Various Lesions,Thoracotomy (Exploration) with/without Biopsy;STANDARD;7640000;2680000
8057;SRG I_Thyroglossal Duct,Cyst Fistula,Excision;STANDARD;4550000;1600000
8058;SRG I_Thyroid,Various Lesions,Hemithyroidectomy/Partial Thyroidectomy;STANDARD;10190000;3570000
8059;SRG I_Thyroid,Various Lesions,Total/Subtotal Thyroidectomy;STANDARD;10240000;3590000
8060;SRG I_Thyroid,Various Lesions,Total/Subtotal Thyroidectomy with Neck Dissection (Unilateral);STANDARD;20370000;7130000
8061;SRG I_Tibia,Fracture,Open Reduction And Internal Fixation with Plates And Screws (Comminuted);STANDARD;14140000;4950000
8062;SRG I_Tibia,Fracture,Open Reduction and Internal Fixation with Plates And Screws (Simple);STANDARD;10880000;3810000
8063;SRG I_Tibia,Tibial Plateau,Tibia Plateau Unicondylar ORIF;STANDARD;10880000;3810000
8064;SRG I_Tongue,Tumor,Glossectomy with Radical Neck Dissection;STANDARD;10880000;3810000
8065;SRG I_Tongue,Tumor,Hemi-Glossectomy;STANDARD;5330000;1870000
8066;SRG I_Tongue,Tumor,Total Glossectomy;STANDARD;6000000;2100000
8067;SRG I_Tonsils,Abscess,Drainage;STANDARD;980000;350000
8068;SRG I_Tonsils,Various Lesions,Removal;STANDARD;4980000;1750000
8069;SRG I_Trachea,Tracheostomy,Revision And Reinsertion;STANDARD;6500000;2280000
8070;SRG I_Trachea,Various Lesions,Trachea Reconstruction;STANDARD;10100000;3540000
8071;SRG I_Trachea,Various Lesions,Tracheostomy;STANDARD;4700000;1650000
8072;SRG I_Upper Limb,Fracture/Dislocation,Manipulation And Reduction;STANDARD;3000000;1050000
8073;SRG I_Ureter,,Anastomosis End To End Ureter;STANDARD;6120000;2150000
8074;SRG I_Ureter,,Cystoscopy And Insertion Of Double J Stent;STANDARD;6120000;2150000
8075;SRG I_Ureter,,Extra Corporeal Shockwave Lithotripsy (ESWL) For Ureteric Stone;STANDARD;7650000;2680000
8076;SRG I_Ureter,,Ureteroscopy;STANDARD;4850000;1700000
8077;SRG I_Ureter,Calculus,Ureteroscopy And Lithotripsy with/without Ultrasound;STANDARD;8800000;3080000
8078;SRG I_Ureter,Calculus,Ureteroscopy And Lithotripsy with/without Ultrasound (Laser);STANDARD;12510000;4380000
8079;SRG I_Ureter,Various Lesions,Intestinal Conduit;STANDARD;11870000;4160000
8080;SRG I_Ureter,Various Lesions,Reimplantation (Bilateral);STANDARD;12510000;4380000
8081;SRG I_Ureter,Various Lesions,Reimplantation (Unilateral);STANDARD;8800000;3080000
8082;SRG I_Ureter,Various Lesions,Reimplantation,Laparoscopy (Unilateral);STANDARD;12510000;4380000
8083;SRG I_Ureter,Various Lesions,Ureterotomy/Insertion Of Double J Stent;STANDARD;6480000;2270000
8084;SRG I_Urethra,,Ureteroscopy;STANDARD;4050000;1420000
8085;SRG I_Urethra,Hypospadias,Meatoplasty;STANDARD;2240000;790000
8086;SRG I_Urethra,Injury,Repair/Urethroplasty Of Anterior Urethra;STANDARD;6480000;2270000
8087;SRG I_Urethra,Meatal Stenosis,Meatotomy;STANDARD;2330000;820000
8088;SRG I_Urethra,Various Lesions,Sachse Internal Urethrotomy;STANDARD;8800000;3080000
8089;SRG I_Urethra,Various Lesions,Staged Urethroplasty (Each Stage);STANDARD;8800000;3080000
8090;SRG I_Uterus,,Sub-Total/Total Hysterectomy with/without Salpingo-Oophorectomy;STANDARD;10130000;3550000
8091;SRG I_Uterus,Endometriosis,Hysterectomy with Salpingo-Oophorectomy;STANDARD;10880000;3810000
8092;SRG I_Uterus,Endometriosis,Hysterectomy without Salpingo-Oophorectomy;STANDARD;7650000;2680000
8093;SRG I_Uterus,Fibroids,Myomectomy (Complicated >5cm/Multiple >2/Challenging Location);STANDARD;9600000;3360000
8094;SRG I_Uterus,Fibroids,Myomectomy (Simple <5cm - Laparoscopy);STANDARD;11080000;3880000
8095;SRG I_Uterus,Fibroids,Myomectomy (Simple <5cm - Open);STANDARD;7910000;2770000
8096;SRG I_Uterus,Malignant Condition,Radical Hysterectomy with/without Lymphadenectomy;STANDARD;11920000;4180000
8097;SRG I_Uterus,Malignant Condition,Radical Hysterectomy with/without Lymphadenectomy (Laparoscopy);STANDARD;16680000;5840000
8098;SRG I_Uterus,Malignant Condition,Total Hysterectomy with/without Salpingo-Oophorectomy with/without Lymph Node Dissection (Open);STANDARD;10880000;3810000
8099;SRG I_Uterus,Pregnancy And Multiparity,Uncomplicated Caesarean Section And Tubal Ligation;STANDARD;7150000;2510000
8100;SRG I_Uterus,Pregnancy,Caesarean Section with Hysterectomy;STANDARD;12130000;4250000
8101;SRG I_Uterus,Pregnancy,Uncomplicated Caesarean Section;STANDARD;5950000;2090000
8102;SRG I_Uterus,Various Lesions,Curettage with/without Dilatation;STANDARD;1950000;690000
8103;SRG I_Uterus/Cervix,Hysteroscopy,Diagnostic with General Anesthesia;STANDARD;2190000;770000
8104;SRG I_Vas Deferens,,Vasovasostomy;STANDARD;8800000;3080000
8105;SRG I_Vas Deferens,Various Lesions,Varicocelectomy (Microsurgical);STANDARD;8800000;3080000
8106;SRG I_Vas Deferens,Various Lesions,Vasectomy;STANDARD;3620000;1270000
8107;SRG I_Vein,Arterio-Venous Fistula,Dissection And Ligation;STANDARD;2130000;750000
8108;SRG I_Vein,Bleeding Varicosities/Vascular Malformation,Image Guided Sclerotherapy Injection;STANDARD;6430000;2250000
8109;SRG I_Vein,Varicosity,High Ligation And Complete Stripping/Excision Of Long/Long And Short Saphenous Vein;STANDARD;7990000;2800000
8110;SRG I_Vulva,Abscess,Incision;STANDARD;1860000;660000
8111;SRG I_Vulva,Bartholin Cyst,Incision/Marsupialization with/without Use Of Laser;STANDARD;1860000;660000
8112;SRG I_Vulva,Malignant Condition,Radical Vulvectomy With Groin Dissection And With Or Without Skin Flap Closure;STANDARD;17060000;5980000
8113;SRG I_Wrist,Distal Or Radial Ulnar Joint (DRUJ) Instability,Complex Ligament Reconstruction;STANDARD;13890000;4870000
8114;SRG I_Wrist,Distal Radius Fracture,Open Reduction And Internal Fixation (ORIF) with Ulnar Head/Styloid Fixation/Tfcc Repair;STANDARD;10880000;3810000
8115;SRG II_Abdomen/Pelvis,Various Lesions,Insertion Of Peritoneal Dialysis Catheter;STANDARD;2540000;890000
8116;SRG II_Abdomen/Pelvis,Various Lesions,Removal Of Peritoneal Dialysis Catheter;STANDARD;2540000;890000
8117;SRG II_Abdominal Cavity,Adhesions,Lysis As Primary Procedure with/without Bowel Resection (Laparoscopy);STANDARD;9950000;3480000
8118;SRG II_Abdominal Cavity,Adhesions,Lysis As Primary Procedure with/without Bowel Resection (Open);STANDARD;7460000;2610000
8119;SRG II_Abdominal Cavity,Multiple Ruptures,Major Repair/Removal;STANDARD;19470000;6810000
8120;SRG II_Abdominal Cavity,Various Lesions,Colostomy/Enterostomy/Gastrostomy (Laparoscopy);STANDARD;13660000;4780000
8121;SRG II_Abdominal Cavity,Various Lesions,Colostomy/Enterostomy/Gastrostomy (Open);STANDARD;9760000;3420000
8122;SRG II_Abdominal Cavity,Various Lesions,Exploratory Laparotomy;STANDARD;7020000;2460000
8123;SRG II_Abdominal Wall,Epigastric/Umbilical Hernia,Repair (Open);STANDARD;6290000;2200000
8124;SRG II_Abdominal Wall,Inguinal Hernia (Infants & Children),Herniotomy (Bilateral);STANDARD;8810000;3080000
8125;SRG II_Abdominal Wall,Inguinal Hernia (Infants & Children),Herniotomy (Unilateral);STANDARD;6290000;2200000
8126;SRG II_Abdominal Wall,Inguinal/Femoral Hernia,Bilateral Herniorrhaphy (Laparoscopy);STANDARD;21100000;7380000
8127;SRG II_Abdominal Wall,Inguinal/Femoral Hernia,Bilateral Herniorrhaphy (Open);STANDARD;15070000;5270000
8128;SRG II_Abdominal Wall,Inguinal/Femoral Hernia,Unilateral Herniorrhaphy (Laparoscopy);STANDARD;15070000;5270000
8129;SRG II_Abdominal Wall,Inguinal/Femoral Hernia,Unilateral Herniorrhaphy (Open);STANDARD;10760000;3770000
8130;SRG II_Abdominal Wall,Strangulated/Obstructed Hernia,Repair with Bowel Resection;STANDARD;16280000;5700000
8131;SRG II_Abdominal Wall,Strangulated/Obstructed Hernia,Repair without Bowel Resection;STANDARD;13160000;4610000
8132;SRG II_Abdominal Wall,Ventral/Incisional/Recurrent Hernia,Repair (Open);STANDARD;14690000;5140000
8133;SRG II_Adenoids,Various Lesions,Removal;STANDARD;5560000;1950000
8134;SRG II_Adrenals,Various Lesions,Biopsy/Excision (Laparoscopy);STANDARD;16720000;5850000
8135;SRG II_Adrenals,Various Lesions,Biopsy/Excision (Open);STANDARD;11930000;4180000
8136;SRG II_Ankle,,Therapeutic Arthroscopy;STANDARD;14720000;5150000
8137;SRG II_Ankle,Ankle Fracture,Bimalleolar ORIF;STANDARD;17550000;6140000
8138;SRG II_Ankle,Ankle Fracture,Unimalleolar ORIF;STANDARD;11700000;4100000
8139;SRG II_Ankle,Dislocation,Open Reduction;STANDARD;9030000;3160000
8140;SRG II_Ankle,Various Lesions,Repair Of Ligaments;STANDARD;9070000;3170000
8141;SRG II_Anus,Fissure,Excision/Lateral Sphincterotomy;STANDARD;4860000;1700000
8142;SRG II_Anus,Fistula-In-Ano (High),Complex And Recurrent Fistulectomy;STANDARD;7200000;2520000
8143;SRG II_Anus,Fistula-In-Ano,Excision/ Fistulectomy;STANDARD;4860000;1700000
8144;SRG II_Anus,Fistula-In-Ano,Insertion Of Seton;STANDARD;7680000;2690000
8145;SRG II_Anus,Hemorrhoids,Hemorrhoidectomy with/without Sigmoidoscopy;STANDARD;5360000;1880000
8146;SRG II_Anus,Hemorrhoids,Laser Haemorrhoidectomy;STANDARD;10070000;3530000
8147;SRG II_Anus,Hemorrhoids,Removal Of External Anal Tags;STANDARD;2420000;850000
8148;SRG II_Anus,Hemorrhoids,Stapled Haemorrhoidectomy;STANDARD;7200000;2520000
8149;SRG II_Anus,Hemorrhoids,Transanal Haemorrhoidal Dearterialization (THD);STANDARD;4680000;1640000
8150;SRG II_Anus,Perineal Abscess,Saucerisation/Drainage;STANDARD;5260000;1840000
8151;SRG II_Anus,Stricture,Dilatation;STANDARD;1270000;440000
8152;SRG II_Aorta,,Total Arch Replacement;STANDARD;70300000;24600000
8153;SRG II_Aorta,Aneurysm,Juxtarenal Type;STANDARD;18440000;6450000
8154;SRG II_Aorta,Ruptured Aortic Aneurysm (Thoracic Or Abdominal),Endo-Vascular Aortic Repair;STANDARD;29250000;10240000
8155;SRG II_Aorta,Thoraco-Abdominal Aneurysm,Excision And Insertion Of Graft;STANDARD;70300000;24600000
8156;SRG II_Aortic Dissection,,Endovascular Fenestration;STANDARD;5420000;1900000
8157;SRG II_Aortic Dissection,,Endovascular Stent Graft Repair;STANDARD;20820000;7290000
8158;SRG II_Appendix,Various Lesions/Abscess,Appendicectomy with/without Drainage (Laparoscopy);STANDARD;11930000;4180000
8159;SRG II_Appendix,Various Lesions/Abscess,Appendicectomy with/without Drainage (Open);STANDARD;9560000;3350000
8160;SRG II_Arteriovenous Fistula Graft,,Thrombectomy;STANDARD;8070000;2830000
8161;SRG II_Arteriovenous Fistula,,Angiogram;STANDARD;3900000;1370000
8162;SRG II_Arteriovenous Fistula,,Synthetic Graft;STANDARD;17190000;6020000
8163;SRG II_Artery,Intracranial,Thrombosis,Percutaneous Catheter Directed Thrombolysis/Thrombectomy;STANDARD;51980000;18190000
8164;SRG II_Artery,Various Lesions,Arterio-Venuous Fistula Creation;STANDARD;10710000;3750000
8165;SRG II_Bladder,Calculus,Vesicolithotomy/Litholapaxy/Ultrasonic Lithotripsy;STANDARD;11440000;4000000
8166;SRG II_Bladder,Cystoscopy with/without Biopsy;STANDARD;3020000;1060000
8167;SRG II_Bladder,Cystoscopy,Removal Of Foreign Body/Ureteric Stent;STANDARD;3530000;1240000
8168;SRG II_Bladder,Cystoscopy,with Endoscopic Resection/Incision Of Bladder Neck;STANDARD;7260000;2540000
8169;SRG II_Bladder,Retention Of Urine,Suprapubic Cystostomy;STANDARD;5720000;2000000
8170;SRG II_Bladder,Various Lesions,Total Radical Cystectomy,For Malignancy (Laparoscopy);STANDARD;23320000;8160000
8171;SRG II_Bladder,Various Lesions,Total Radical Cystectomy,For Malignancy (Open);STANDARD;16670000;5840000
8172;SRG II_Bladder,Vesico-Rectal Fistula,Correction;STANDARD;9950000;3480000
8173;SRG II_Bladder,Vesico-Vaginal Fistula,Correction;STANDARD;17220000;6030000
8174;SRG II_Bladder/Ureter,Cystoscopy,with Ureteric Catheterisation;STANDARD;4300000;1500000
8175;SRG II_Bladder/Urethra,,Transurethral Resection Of Bladder Tumour (<3cm);STANDARD;9690000;3390000
8176;SRG II_Bladder/Urethra,,Transurethral Resection Of Bladder Tumour (>3cm);STANDARD;13900000;4870000
8177;SRG II_Bladder/Urethra,Cystoscopy,with Urethral Dilatation;STANDARD;4300000;1500000
8178;SRG II_Blood Vessels,Subcutaneous Implanted Vascular Port,Insertion;STANDARD;5340000;1870000
8179;SRG II_Blood Vessels,Subcutaneous Implanted Vascular Port,Removal;STANDARD;2880000;1010000
8180;SRG II_Bone (Lower Limb),,Grade 1 And 2 Open Fractures/Open Dislocation Or Open Fracture-Dislocation Wound Debridement;STANDARD;4880000;1710000
8181;SRG II_Bone (Lower Limb),Deformities,Corrective Surgery with Internal Fixation with/without Fluoroscopy;STANDARD;16090000;5630000
8182;SRG II_Bone (Lower Limb),Deformities,Corrective Surgery with Osteotomy Alone;STANDARD;14140000;4950000
8183;SRG II_Bone (Lower Limb),Fracture/Dislocation,Manipulation And Kirschner Wire Fixation;STANDARD;9260000;3240000
8184;SRG II_Bone (Upper Limb),Grade 1 And 2 Open Fractures/Open Dislocation Or Open Fracture-Dislocation,Wound Debridement;STANDARD;4880000;1710000
8185;SRG II_Bone And Joints (Lower Limb),,Removal Of Simple Implants (Rush Rods/Wires/K-Wires/Pins/Screws);STANDARD;6240000;2180000
8186;SRG II_Bone And Joints (Lower Limb),Plates And Screws/Nails,Removal;STANDARD;10860000;3800000
8187;SRG II_Bone And Joints (Upper Limb),,Removal Of Simple Implants (Rush Rods/Wires/K-Wires/Pins/Screws);STANDARD;6240000;2180000
8188;SRG II_Bone And Joints (Upper Limb),Plates And Screws,Removal;STANDARD;10860000;3800000
8189;SRG II_Brain,,Deep Brain Stimulation (Unilateral);STANDARD;51980000;18190000
8190;SRG II_Brain,Aneurysm/Arterio-Venous Malformation,Clipping/Excision (Complex);STANDARD;51980000;18190000
8191;SRG II_Brain,Hydrocephalus And Other Lesions,Ventriculoatrial/Ventriculoperitoneal Shunt;STANDARD;51980000;18190000
8192;SRG II_Brain,Hydrocephalus,External Ventricular Drainage (Unilateral);STANDARD;51980000;18190000
8193;SRG II_Brain,Intracerebral Tumor,Biopsy And/Or Decompression/Removal Via Craniotomy (Complex);STANDARD;51980000;18190000
8194;SRG II_Brain,Intracerebral Tumor,Biopsy And/Or Decompression/Removal Via Craniotomy (Simple);STANDARD;51980000;18190000
8195;SRG II_Brain,Intracranial Abscess,Craniectomy And Drainage;STANDARD;51980000;18190000
8196;SRG II_Brain,Intracranial Extracerebral Tumor,Craniotomy/Hemispherectomy;STANDARD;51980000;18190000
8197;SRG II_Breast (Nipple),Various Lesions,Graft And/Or Flap Reconstruction (Bilateral);STANDARD;12740000;4460000
8198;SRG II_Breast (Nipple),Various Lesions,Graft And/Or Flap Reconstruction (Unilateral);STANDARD;9130000;3190000
8199;SRG II_Breast,Gynecomastia,Reduction (Unilateral);STANDARD;6030000;2110000
8200;SRG II_Breast,Lump (Single),Excision Biopsy;STANDARD;4920000;1720000
8201;SRG II_Breast,Lumps (Multiple/Bilateral),Excision Biopsy;STANDARD;7370000;2580000
8202;SRG II_Breast,Post Mastectomy,Reconstruction Using Free Flap (Unilateral);STANDARD;46200000;16170000
8203;SRG II_Breast,Post Mastectomy,Reconstruction Using Pedicled Transverse Rectus Abdominis Musculocutaneous Flap (Bilateral);STANDARD;32390000;11340000
8204;SRG II_Breast,Post Mastectomy,Reconstruction Using Pedicled Transverse Rectus Abdominis Musculocutaneous Flap (Unilateral);STANDARD;27020000;9460000
8205;SRG II_Breast,Tumor (Malignant),Radical Mastectomy with/without Axiliary Clearance;STANDARD;15710000;5500000
8206;SRG II_Breast,Tumor (Malignant),Simple Mastectomy;STANDARD;9460000;3310000
8207;SRG II_Breast,Tumor (Malignant),Simple Mastectomy with Sentinel Node Biopsy/ Axiliary Node Sampling;STANDARD;12680000;4440000
8208;SRG II_Breast,Tumor (Malignant),Wide Excision/ Lumpectomy/Segmental Mastectomy/ Partial Mastectomy;STANDARD;15500000;5430000
8209;SRG II_Breast,Tumor (Malignant),Wide Excision/ Lumpectomy/Segmental Mastectomy/ Partial Mastectomy with Axiliary Clearance with/without Sentinel Node Biopsy;STANDARD;15500000;5430000
8210;SRG II_Breast,Tumor (Malignant),Wide Excision/ Lumpectomy/Segmental Mastectomy/ Partial Mastectomy with Sentinel Node Biopsy/ Axiliary Node Sampling;STANDARD;15500000;5430000
8211;SRG II_Breast,Various Lesions,Subcutaneous Mastectomy Bilateral excluding Gynaecomastia;STANDARD;18060000;6320000
8212;SRG II_Breast,Various Lesions,Subcutaneous Mastectomy Unilateral excluding Gynaecomastia;STANDARD;9030000;3160000
8213;SRG II_Breast,Various Lesions,Trucut Biopsy,Ultrasound Guided Or Stereotactic (Single);STANDARD;1520000;530000
8214;SRG II_Breast,Various Lesions,Wire Localisation,Excision (Multiple);STANDARD;7990000;2790000
8215;SRG II_Bronchus/Lung,,Bronchoscopy with/without Biopsy;STANDARD;6350000;2220000
8216;SRG II_Carpus,Fracture/Dislocation,Open Reduction And Internal Fixation;STANDARD;14140000;4950000
8217;SRG II_Cervical Spine,Various Lesions,Anterior Decompression And Fusion Or Disc Replacement (1 Segment);STANDARD;24380000;8530000
8218;SRG II_Cervical Spine,Various Lesions,Anterior Decompression And Fusion Or Disc Replacement (2 Segments);STANDARD;34130000;11940000
8219;SRG II_Cervical Spine,Various Lesions,Anterior Decompression And Fusion Or Disc Replacement (3 Or More Segments);STANDARD;47780000;16720000
8220;SRG II_Cervical Spine,Various Lesions,Laminoplasty (without Instrumentation);STANDARD;34130000;11940000
8221;SRG II_Cervix,Cancer,Radical Trachelectomy with/without Lymphadenectomy;STANDARD;11930000;4180000
8222;SRG II_Cervix,Cervical Intraepithelial Neoplasia,Cone Biopsy with/without Laser;STANDARD;5270000;1840000
8223;SRG II_Cervix,Polyp,Excision/Erosion (Complicated) Includes D&C with Biopsy;STANDARD;5750000;2010000
8224;SRG II_Cervix,Polyp,Excision/Erosion (Simple) with Biopsy;STANDARD;1630000;570000
8225;SRG II_Cervix,Transcervical Resection (TCR) Polyp (<2cm),Hysteroscopic;STANDARD;4780000;1670000
8226;SRG II_Cervix,Transcervical Resection (TCR) Polyp (>2cm),Hysteroscopic;STANDARD;6320000;2210000
8227;SRG II_Cervix,Transcervical Resection (TCR) Septum,Hysteroscopic;STANDARD;6290000;2200000
8228;SRG II_Cervix,Various Lesions,Colposcopy Ablational/Excisional Treatment (Laser Vapourisation/Loop Electrosurgical Excision Procedure/Laser Excision Of Transformation Zone with Biopsy);STANDARD;5270000;1840000
8229;SRG II_Clavicle,Clavicle Fracture,Delayed Union/Revision And ORIF with/without Bone Grafting;STANDARD;14140000;4950000
8230;SRG II_Clavicle,Clavicle Fracture,Simple;STANDARD;14140000;4950000
8231;SRG II_Colon,,Anterior Resection (Laparoscopy);STANDARD;18140000;6350000
8232;SRG II_Colon,,Anterior Resection (Open);STANDARD;16310000;5710000
8233;SRG II_Colon,Various Lesions,Colostomy;STANDARD;11130000;3900000
8234;SRG II_Colon,Various Lesions,Right/Left Hemicolectomy (Laparoscopy);STANDARD;17540000;6140000
8235;SRG II_Colon,Various Lesions,Right/Left Hemicolectomy (Open);STANDARD;12530000;4390000
8236;SRG II_Conjunctiva,Pterygium,Excision (Bare Sclera);STANDARD;5420000;1900000
8237;SRG II_Creation Of Ileal Neobladder;STANDARD;16670000;5840000
8238;SRG II_Diaphragm,Tumor,Excision;STANDARD;9950000;3480000
8239;SRG II_Diaphragm,Tumor,Excision with Wedge Resection Of Lung;STANDARD;11420000;4000000
8240;SRG II_Digit(s),Nailbed Laceration,Nailbed Grafting;STANDARD;7800000;2730000
8241;SRG II_Ear (Middle),,Cochlear Implant;STANDARD;11930000;4180000
8242;SRG II_Ear (Middle),Abscess/Inflammation,Operation;STANDARD;2310000;810000
8243;SRG II_Ear,Foreign Body,Complex Removal/Excision (Embedded/Large);STANDARD;4080000;1430000
8244;SRG II_Ear,Laceration (Full Thickness),Repair (> 3cm);STANDARD;6320000;2210000
8245;SRG II_Ear,Tympanic Membrane,Perforation,Cauterisation/Diathermy;STANDARD;1520000;530000
8246;SRG II_Ear,Tympanic Membrane,Perforation,Round Window Repair;STANDARD;12580000;4400000
8247;SRG II_Ear,Tympanic Membrane,Unilateral Myringotomy with Tube;STANDARD;4880000;1710000
8248;SRG II_Ear,Tympanic Membrane,Unilateral Myringotomy without Tube;STANDARD;3510000;1230000
8249;SRG II_Ear,Various Lesions,Myringoplasty (Simple);STANDARD;5540000;1940000
8250;SRG II_Ear,Various Lesions,Ossicular Chain Reconstruction with/without Myringoplasty;STANDARD;7970000;2790000
8251;SRG II_Elbow,,Therapeutic Arthroscopy;STANDARD;14720000;5150000
8252;SRG II_Elbow,Coronoid Fracture,ORIF;STANDARD;14140000;4950000
8253;SRG II_Elbow,Dislocation,Ligament Repair (Complex,with/without Implant);STANDARD;12870000;4500000
8254;SRG II_Elbow,Dislocation,Ligament Repair (Single);STANDARD;9070000;3170000
8255;SRG II_Elbow,Fracture/ Dislocation,Repair Of Ligaments/ ORIF;STANDARD;14140000;4950000
8256;SRG II_Elbow,Fracture/Dislocation,Open Reduction And Internal Fixation (ORIF);STANDARD;14140000;4950000
8257;SRG II_Elbow,Tennis Elbow,Release;STANDARD;4390000;1540000
8258;SRG II_Eyelids,Simple Laceration,Repair;STANDARD;2440000;850000
8259;SRG II_Eyelids,Various Lesions,Upper Blepharoplasty (Unilateral);STANDARD;14700000;5150000
8260;SRG II_Fallopian Tube,,Removal Of Ectopic Gestation;STANDARD;7720000;2700000
8261;SRG II_Fallopian Tube,,Sterilization (Laparoscopy);STANDARD;6350000;2220000
8262;SRG II_Fallopian Tube,Completed Family,Division/Ligation;STANDARD;4780000;1670000
8263;SRG II_Fallopian Tube/Uterus/Ovary,,Therapeutic Laparoscopy;STANDARD;12480000;4370000
8264;SRG II_Femur,Fracture (Complex Intra-Articular),Open Reduction And Internal Fixation (ORIF) with Plate And Screws;STANDARD;18380000;6430000
8265;SRG II_Femur,Fracture (Intercondylar),Open Reduction And Internal Fixation (ORIF);STANDARD;16280000;5700000
8266;SRG II_Femur,Fracture (Single Condylar),Open Reduction And Internal Fixation (ORIF);STANDARD;14140000;4950000
8267;SRG II_Femur,Fracture,Open Reduction And Internal Fixation (ORIF) with Plate And Screws;STANDARD;14630000;5120000
8268;SRG II_Finger,Defect/Contracture (Multiple),Reconstruction;STANDARD;12190000;4270000
8269;SRG II_Finger,Defect/Contracture (Single),Reconstruction;STANDARD;8040000;2820000
8270;SRG II_Finger,Syndactyly (Multiple),Separation;STANDARD;17550000;6140000
8271;SRG II_Finger,Syndactyly (Single),Correction;STANDARD;9750000;3410000
8272;SRG II_Finger,Various Lesions,Amputation (Multiple);STANDARD;6830000;2390000
8273;SRG II_Finger,Various Lesions,Amputation (Single);STANDARD;4880000;1710000
8274;SRG II_Foot,,Achilles Tendon Reconstruction;STANDARD;13850000;4850000
8275;SRG II_Foot,Congenital Talipes Equinovarus (CTEV),Bilateral Release;STANDARD;16580000;5800000
8276;SRG II_Foot,Congenital Talipes Equinovarus (CTEV),Medial Release;STANDARD;7970000;2790000
8277;SRG II_Foot,Crush Injuries (Complex),Wound Debridement;STANDARD;6290000;2200000
8278;SRG II_Foot,Crush Injuries (Simple),Wound Debridement;STANDARD;3900000;1370000
8279;SRG II_Foot,Fractures,Open Reduction And Internal Fixation (Complex/Multiple Including Talus And Calcaneum);STANDARD;14630000;5120000
8280;SRG II_Foot,Hallux Valgus/Hammer Toe,Proximal Osteotomy with/without Soft Tissue Reconstruction;STANDARD;14140000;4950000
8281;SRG II_Gallbladder,Various Lesions,Cholecystectomy (Laparoscopy);STANDARD;16260000;5690000
8282;SRG II_Gallbladder,Various Lesions,Cholecystectomy (Open);STANDARD;11700000;4100000
8283;SRG II_Gallbladder,Various Lesions,Cholecystectomy And Repair Of Cholecysto-Enteric/ Cholecysto-Choledochal Fistula (Laparoscopy);STANDARD;21840000;7640000
8284;SRG II_Gallbladder,Various Lesions,Cholecystectomy And Repair Of Cholecysto-Enteric/ Cholecysto-Choledochal Fistula (Open);STANDARD;15600000;5460000
8285;SRG II_Gallbladder,Various Lesions,Cholecystectomy/Choledochotomy/Common Bile Duct Exploration with Choledocho-Duodenostomy (Laparoscopy);STANDARD;19790000;6930000
8286;SRG II_Gallbladder,Various Lesions,Cholecystectomy/Choledochotomy/Common Bile Duct Exploration with Choledocho-Duodenostomy (Open);STANDARD;14140000;4950000
8287;SRG II_Genital Tract,Cancer,Staging Under General Anesthesia (Includes Cystoscopy/Dilatation & Curettage/Biopsy);STANDARD;3040000;1060000
8288;SRG II_Genital,Fournier Gangrene,Debridement;STANDARD;6920000;2420000
8289;SRG II_Hand,Closed Fracture,ORIF (Multiple) Non-Joint;STANDARD;21210000;7420000
8290;SRG II_Hand,Closed Fracture,ORIF with K-Wire/Cerclage Wire Fixation;STANDARD;9260000;3240000
8291;SRG II_Hand,Closed Fracture,ORIF/Plate And Screws (Single) Joint/Non-Joint;STANDARD;14140000;4950000
8292;SRG II_Hand,Crush Injuries (Complex),Wound Debridement;STANDARD;6920000;2420000
8293;SRG II_Hand,Crush Injuries (Simple),Wound Debridement;STANDARD;3900000;1370000
8294;SRG II_Hand,Flexor Tendon,Trigger Finger (Multiple) Release;STANDARD;8780000;3070000
8295;SRG II_Hand,Flexor Tendon,Trigger Finger (Single) Release;STANDARD;4390000;1540000
8296;SRG II_Hand,Fractures/Dislocation,Open Reduction And Internal Fixation (Multiple);STANDARD;21210000;7420000
8297;SRG II_Hand,Open Fracture,Debridement And ORIF (Single) Joint;STANDARD;14140000;4950000
8298;SRG II_Hip,Various Lesions,Hemi-Arthroplasty;STANDARD;17650000;6180000
8299;SRG II_Hip,Various Lesions,Primary Total Joint Replacement (Lap/MIS/Navigated);STANDARD;24710000;8650000
8300;SRG II_Hip,Various Lesions,Primary Total Joint Replacement (Open);STANDARD;23400000;8190000
8301;SRG II_Hip,Various Lesions,Primary Total Joint Replacement with Augmentation Requiring Extra Implants Or Bone Grafts (Open);STANDARD;30420000;10650000
8302;SRG II_Hip,Various Lesions,Revision Hemi-Arthroplasty;STANDARD;22940000;8030000
8303;SRG II_Hip,Various Lesions,Revision Total Joint Replacement (MIS/Laparoscopy);STANDARD;42590000;14910000
8304;SRG II_Hip,Various Lesions,Revision Total Joint Replacement (Open);STANDARD;30420000;10650000
8305;SRG II_Hip/Knee,Therapeutic Arthroscopy,with/without Synovectomy/Labral Repair/FAI Resection For Hip;STANDARD;14720000;5150000
8306;SRG II_Humerus,Proximal Humerus Or Supracondylar Fracture,ORIF;STANDARD;14140000;4950000
8307;SRG II_Joints (Finger),Various Lesions,Replacement Arthroplasty;STANDARD;18060000;6320000
8308;SRG II_Joints (Lower Limb),Loose Bodies,Removal;STANDARD;9170000;3210000
8309;SRG II_Joints (Upper Limb),Vascular Injury,Major Vascular Reconstruction/Anastomosis/Graft;STANDARD;18060000;6320000
8310;SRG II_Joints,Arthroscopy,Diagnostic;STANDARD;7750000;2710000
8311;SRG II_Kidney,,Renovascular Reconstruction;STANDARD;16260000;5690000
8312;SRG II_Kidney,Blocked Nephrostomy Tube,Change;STANDARD;2540000;890000
8313;SRG II_Kidney,Calculus,Extra Corporeal Shockwave Lithotripsy (ESWL);STANDARD;9950000;3480000
8314;SRG II_Kidney,Calculus,Nephrolithotomy/Pyelolithotomy;STANDARD;10900000;3820000
8315;SRG II_Kidney,Calculus,Percutaneous Nephrolithotomy Or Percutaneous Nephrostolithotomy (PCNL);STANDARD;18440000;6450000
8316;SRG II_Kidney,Cyst,Imaging Guided Percutaneous Aspiration;STANDARD;11440000;4000000
8317;SRG II_Kidney,Cyst,Sclerosing And Percutaneous Drainage;STANDARD;9950000;3480000
8318;SRG II_Kidney,Cyst,Unroofing/Deroofing;STANDARD;6920000;2420000
8319;SRG II_Kidney,Cyst,Unroofing/Deroofing (Laparoscopy);STANDARD;9950000;3480000
8320;SRG II_Kidney,Pyonephrosis,Drainage (Open);STANDARD;8650000;3030000
8321;SRG II_Kidney,Staghorn Calculus,Nephrolithotomy Or Percutaneous Nephrostolithotomy (PCNL);STANDARD;17220000;6030000
8322;SRG II_Kidney,Staghorn Calculus,Percutaneous Nephrostolithotomy (PCNL) Laser;STANDARD;23320000;8160000
8323;SRG II_Kidney,Various Lesion,Robotic Renal Biopsy;STANDARD;11440000;4000000
8324;SRG II_Kidney,Various Lesions,Biopsy (Closed);STANDARD;5270000;1840000
8325;SRG II_Kidney,Various Lesions,Partial Nephrectomy (Laparoscopy);STANDARD;27580000;9650000
8326;SRG II_Kidney,Various Lesions,Radical Nephrectomy (Laparoscopy);STANDARD;23320000;8160000
8327;SRG II_Kidney,Various Lesions,Simple Nephrectomy (Laparoscopy);STANDARD;16260000;5690000
8328;SRG II_Kidney/Ureter,,Pyeloplasty (Unilateral - Open/Laparoscopy);STANDARD;11440000;4000000
8329;SRG II_Kidney/Ureter,,Retrograde Intrarenal Surgery Or RIRS Using Flexible Ureteroscopy (Diagnostic);STANDARD;7960000;2790000
8330;SRG II_Kidney/Ureter,,Retrograde Intrarenal Surgery Or RIRS Using Flexible Ureteroscopy (Therapeutic - e.g. Lithotripsy And/Or Basket Extraction Of Stones);STANDARD;16260000;5690000
8331;SRG II_Knee Ligaments,Disruption,Reconstruction And Repair;STANDARD;18530000;6480000
8332;SRG II_Knee,Arthroscopy,Knee Ligament Reconstruction (1 Or More);STANDARD;15600000;5460000
8333;SRG II_Knee,Ligaments/Meniscus/Cartilage/Bone Combined,ACL Or PCL Reconstruction (MIS/Laparoscopy);STANDARD;23400000;8190000
8334;SRG II_Knee,Ligaments/Meniscus/Cartilage/Bone Combined,Ligament Reconstruction with Meniscal Repair (Laparoscopy);STANDARD;23400000;8190000
8335;SRG II_Knee,Meniscus/Cartilage,Meniscal Repair (Laparoscopy);STANDARD;18280000;6400000
8336;SRG II_Knee,Various Lesions,Meniscectomy with/without Arthroscopy;STANDARD;14720000;5150000
8337;SRG II_Knee,Various Lesions,Primary Total Joint Replacement (Unilateral - Open);STANDARD;19500000;6830000
8338;SRG II_Knee,Various Lesions,Primary Total Joint Replacement (Unilateral) (Lap/MIS/Navigated);STANDARD;27300000;9560000
8339;SRG II_Knee,Various Lesions,Primary Total Joint Replacement (Unilateral) with Augmentation Requiring Extra Implants Or Bone Grafts (Open);STANDARD;25350000;8870000
8340;SRG II_Knee,Various Lesions,Revision Total Joint Replacement (MIS/Laparoscopy);STANDARD;35490000;12420000
8341;SRG II_Knee,Various Lesions,Revision Total Joint Replacement (Open);STANDARD;25350000;8870000
8342;SRG II_Laparotomy Debulking (Advanced Disease,Primary/Recurrent);STANDARD;14140000;4950000
8343;SRG II_Laryngoscopy with Removal Of Tumour/Lesions,,Laryngoscopy with Removal Of Tumour/Lesions;STANDARD;10920000;3820000
8344;SRG II_Larynx And Pharynx,Various Lesions,Laser Application;STANDARD;8710000;3050000
8345;SRG II_Larynx,,Laryngectomy with Bilateral Neck Dissection;STANDARD;17240000;6030000
8346;SRG II_Larynx,Various Lesions,Hemi/Partial Laryngectomy;STANDARD;17240000;6030000
8347;SRG II_Larynx,Various Lesions,Hemi/Partial Laryngectomy with Radical Neck Dissection;STANDARD;19500000;6830000
8348;SRG II_Lens,,Complicated Cataract Extraction with Intraocular Lens Implant (Capsular Tension Ring/Capsular Tension Segment);STANDARD;7390000;2590000
8349;SRG II_Lens,Cataract,Extraction with Intra-Ocular Lens Implant (Unilateral);STANDARD;8830000;3090000
8350;SRG II_Lens,Cataract,Extraction with Intra-Ocular Lens Implant And Trabeculectomy with/without Antimetabolites;STANDARD;8830000;3090000
8351;SRG II_Liver,Abscess,Trans-Abdominal Drainage (Laparoscopy);STANDARD;9690000;3390000
8352;SRG II_Liver,Abscess,Trans-Abdominal Drainage (Open);STANDARD;6920000;2420000
8353;SRG II_Lower Limb,Ischemia,Fasciotomy;STANDARD;9070000;3170000
8354;SRG II_Lung,Various Lesions,Pneumonectomy/Lobectomy/Segmental Resection;STANDARD;20280000;7100000
8355;SRG II_Lung,Various Lesions,Repeat/Multiple/Complex Resections;STANDARD;17190000;6020000
8356;SRG II_Lung,Various Lesions,Wedge Resection;STANDARD;14590000;5110000
8357;SRG II_Lymph Node (Axillary),Various Lesions,Sentinel LN Biopsy Only;STANDARD;6320000;2210000
8358;SRG II_Lymph Node (Cervical),,Radical with Flap Reconstruction;STANDARD;24860000;8700000
8359;SRG II_Lymph Node (Cervical),Various Lesions,Biopsy;STANDARD;3150000;1100000
8360;SRG II_Lymph Node (Cervical),Various Lesions,Neck Dissection (Bilateral 3 Or Less Levels);STANDARD;12650000;4430000
8361;SRG II_Lymph Node (Cervical),Various Lesions,Neck Dissection (Unilateral 1-3 Levels);STANDARD;9980000;3490000
8362;SRG II_Lymph Node (Cervical),Various Lesions,Radical Neck Dissection;STANDARD;17550000;6140000
8363;SRG II_Lymph Node (Cervical),Various Lessions,Biopsy;STANDARD;4910000;1720000
8364;SRG II_Lymph Node (Inguinal),Various Lesions,Limited Excision;STANDARD;6320000;2210000
8365;SRG II_Lymph Node (Inguinal),Various Lesions,Radical Excision;STANDARD;8310000;2910000
8366;SRG II_Lymph Node (Pelvic) Dissection,,Dissection (Open);STANDARD;12120000;4240000
8367;SRG II_Lymph Node (Pelvic),,Dissection (Laparoscopy);STANDARD;16970000;5940000
8368;SRG II_Lymph Node (Retropharyngeal),,Neck Dissection (Open/Transoral);STANDARD;13510000;4730000
8369;SRG II_Lymph Node (Single),Various Lesions,Excision Biopsy (Laparoscopy);STANDARD;6790000;2380000
8370;SRG II_Lymph Node (Single),Various Lesions,Excision Biopsy (Open);STANDARD;4850000;1700000
8371;SRG II_Lymph Node,Various Lesions,Biopsy;STANDARD;4710000;1650000
8372;SRG II_Maxilla,Alveolar Cleft (Unilateral Complete),Bone Graft And Closure Of Naso Buccal Fistula;STANDARD;11700000;4100000
8373;SRG II_Maxilla,Fracture - Lefort II (Complex),Open Reduction And Fixation;STANDARD;13650000;4780000
8374;SRG II_Maxilla,Various Lesions,Ostectomy/Osteotomy (>1 Segment);STANDARD;13650000;4780000
8375;SRG II_Maxilla,Various Lesions,Resection/Hemimaxillectomy (Open Or Endoscopic Method);STANDARD;11700000;4100000
8376;SRG II_Mouth,Cleft Lip,Unilateral Primary Repair;STANDARD;6920000;2420000
8377;SRG II_Mouth,Tumor,Radical Excision Biopsy with Resection Of Mandible And Lymph Nodes And Reconstruction;STANDARD;20280000;7100000
8378;SRG II_Mucous Membrane,Tumor/Cyst/Ulcer/Scar,Excision;STANDARD;3020000;1060000
8379;SRG II_Nerve (Upper Limb),Carpal Tunnel Syndrome,Release with Endoneurolysis (Bilateral);STANDARD;23960000;8380000
8380;SRG II_Nerve (Upper Limb),Carpal Tunnel Syndrome,Release with Endoneurolysis (Unilateral);STANDARD;16370000;5730000
8381;SRG II_Nerve (Upper Limb),Entrapment Syndrome (Others),Decompression (Unilateral);STANDARD;15060000;5270000
8382;SRG II_Nerve (Upper Limb),Guyon's Tunnel Syndrome,Release (Unilateral);STANDARD;15060000;5270000
8383;SRG II_Nerve Root (Cervical),,Block (Injection Of Anaesthetic - Therapeutic Substance) (>1 level);STANDARD;17330000;6060000
8384;SRG II_Nerve Root (Lumbar/Thoracic),,Block (Injection Of Anaesthetic - Therapeutic Substance) (1 level);STANDARD;17330000;6060000
8385;SRG II_Nose,Hematoma/Abscess,Evacuation/Incision & Drainage;STANDARD;3510000;1230000
8386;SRG II_Nose,Various Lesions (Turbinates),Turbinectomy/Turbinoplasty/Submucous Resection (with/without Endoscopes);STANDARD;7840000;2740000
8387;SRG II_Nose,Various Lesions,Septoplasty/Submucous Resection;STANDARD;9750000;3410000
8388;SRG II_Ovary,Malignant Tumor/Cyst,Total Hysterectomy Bilateral Salpingo-Oophorectomy with Omentectomy,Surgical Staging with/without Lymphadenectomy (Laparoscopy);STANDARD;21160000;7410000
8389;SRG II_Ovary,Malignant Tumor/Cyst,Total Hysterectomy Bilateral Salpingo-Oophorectomy with Omentectomy,Surgical Staging with/without Lymphadenectomy (Open);STANDARD;15110000;5290000
8390;SRG II_Ovary,Tumor/Cyst,Cystectomy (Complicated >5cm - Laparoscopy);STANDARD;12690000;4440000
8391;SRG II_Ovary,Tumor/Cyst,Cystectomy (Complicated >5cm);STANDARD;9070000;3170000
8392;SRG II_Ovary,Tumor/Cyst,Cystectomy (Simple <5cm - Laparoscopy);STANDARD;11330000;3970000
8393;SRG II_Ovary,Tumor/Cyst,Cystectomy (Simple <5cm);STANDARD;8090000;2830000
8394;SRG II_Ovary,Tumor/Cyst,Oophorectomy/Salpingo-Oophorectomy (Complicated);STANDARD;10920000;3820000
8395;SRG II_Ovary,Tumor/Cyst,Oophorectomy/Salpingo-Oophorectomy (Simple);STANDARD;8130000;2850000
8396;SRG II_Paravertebral Region,Block,Anaesthetic (>2 levels);STANDARD;17330000;6060000
8397;SRG II_Parotid,,Total Parotidectomy with/without Preservation Of Facial Nerve;STANDARD;18430000;6450000
8398;SRG II_Parotid,Tumor,Superficial Parotidectomy;STANDARD;11930000;4180000
8399;SRG II_Pelvis,Fracture,Fixation Of Anterior And Posterior Ring;STANDARD;20960000;7340000
8400;SRG II_Penis,,Dorsumcision;STANDARD;4740000;1660000
8401;SRG II_Penis,,V. Spermatika Interna Ligation (Microsurgery);STANDARD;9950000;3480000
8402;SRG II_Penis,Buried Penis,Buried Penis Surgery;STANDARD;6920000;2420000
8403;SRG II_Penis,Congenital Organ Abnormality,Webbed Penis Excision;STANDARD;6920000;2420000
8404;SRG II_Penis,Glanular Hypospadias,Meatoplasty And Circumcision;STANDARD;4740000;1660000
8405;SRG II_Penis,Hypospadias,Correction Of Chordee;STANDARD;8140000;2850000
8406;SRG II_Penis,Hypospadias,Urethral Reconstruction;STANDARD;12970000;4540000
8407;SRG II_Penis,Hypospadias,Urethral Reconstruction & Correction Of Chordee;STANDARD;16260000;5690000
8408;SRG II_Penis,Paraphimosis/Phimosis/Reduction Prepuce,Circumcision;STANDARD;4740000;1660000
8409;SRG II_Penis,Penoscrotal Transposition,Reconstruction;STANDARD;16260000;5690000
8410;SRG II_Penis,Priapism,Priapism Operation (Winter Procedure);STANDARD;6920000;2420000
8411;SRG II_Penis,Trauma,Reconstruction (1st Stage);STANDARD;13730000;4800000
8412;SRG II_Penis,Trauma,Reconstruction (2nd Stage);STANDARD;13730000;4800000
8413;SRG II_Penis,Various Lesions,Insertion Of Penile Prosthesis;STANDARD;16260000;5690000
8414;SRG II_Peripheral Nerve,Block,Anaesthetic (Up To 2 Nerves);STANDARD;15060000;5270000
8415;SRG II_Prostate Gland,,Simple Prostatectomy (Laparoscopy);STANDARD;15290000;5350000
8416;SRG II_Prostate Gland,,Simple Prostatectomy (Open);STANDARD;10920000;3820000
8417;SRG II_Prostate Gland,Various Lesions,Biporal Transurethral Resection Of Prostate (Bipolar Turp);STANDARD;14140000;4950000
8418;SRG II_Prostate Gland,Various Lesions,Open Prostatectomy And Sectio Alta;STANDARD;6920000;2420000
8419;SRG II_Prostate Gland,Various Lesions,Radical Prostatectomy (Laparoscopy);STANDARD;24690000;8640000
8420;SRG II_Prostate Gland,Various Lesions,Radical Prostatectomy (Open);STANDARD;17640000;6170000
8421;SRG II_Prostate Gland,Various Lesions,Saturation Prostate Biopsy;STANDARD;4700000;1640000
8422;SRG II_Prostate Gland,Various Lesions,Trans-Rectal Ultrasound (TRUS);STANDARD;2540000;890000
8423;SRG II_Prostate Gland,Various Lesions,Trans-Rectal Ultrasound (TRUS) Guided Biopsy;STANDARD;2540000;890000
8424;SRG II_Prostate Gland,Various Lesions,Transurethral Resection Of Prostate (TURP) >30gm;STANDARD;12090000;4230000
8425;SRG II_Radius And Ulna,Fracture/Dislocation,Open Reduction And Internal Fixation with/without Bone Grafting;STANDARD;14140000;4950000
8426;SRG II_Rectum,,Ultra-Low Anterior Resection (Total Mesorectal Excision) with/without PLND;STANDARD;16310000;5710000
8427;SRG II_Scrotum,Hydrocele/Varicocele (Unilateral),Excision;STANDARD;6300000;2200000
8428;SRG II_Scrotum,Varicocele,Varicocelectomy (Palomo);STANDARD;5270000;1840000
8429;SRG II_Shoulder Fracture/Dislocation,,Open Reduction And Internal Fixation (3 Or More Part Fracture);STANDARD;14140000;4950000
8430;SRG II_Shoulder,,Acromioclavicular Joint Stabilisation/Reconstruction;STANDARD;14140000;4950000
8431;SRG II_Shoulder,,Therapeutic Arthroscopy;STANDARD;19500000;6830000
8432;SRG II_Shoulder,Shoulder Soft Tissue Injury,Decompression Alone (Open/Laparoscopy);STANDARD;18280000;6400000
8433;SRG II_Shoulder,Shoulder Soft Tissue Injury,Decompression with Cuff Repair (Open/Laparoscopy);STANDARD;20480000;7170000
8434;SRG II_Shoulder,Shoulder Soft Tissue Injury,MIS Repair With Superior Labrum From Anterior To Posterior (Slap) Repair/Rotator Cuff Repair;STANDARD;23400000;8190000
8435;SRG II_Shoulder,Shoulder Soft Tissue Injury,Open Bankart Repair With Superior Labrum From Anterior To Posterior (Slap) Repair/Rotator Cuff Repair;STANDARD;18060000;6320000
8436;SRG II_Shoulder,Various Lesions,Hemiarthroplasty;STANDARD;16260000;5690000
8437;SRG II_Sinuses,Nasal,Foreign Body/Other Lesions,Intranasal Operation/Removal Of Foreign Body;STANDARD;5270000;1840000
8438;SRG II_Sinuses,Nasal,Infection,Functional Sinuscopic Drainage Of Ethmoidal/ Maxillary Sinuses;STANDARD;10920000;3820000
8439;SRG II_Sinuses,Nasal,Infection,Functional Sinuscopic Ethmoidectomy (Bilateral);STANDARD;13610000;4760000
8440;SRG II_Sinuses,Nasal,Infection,Functional Sinuscopic Ethmoidectomy (Unilateral);STANDARD;9730000;3410000
8441;SRG II_Skin And Subcutaneous Tissue (Ear/Nose/Eyelid/Face),Complex Lacerations,Repair;STANDARD;7070000;2470000
8442;SRG II_Skin And Subcutaneous Tissue (Face And Neck),Scar (>3cm),Revision;STANDARD;4850000;1700000
8443;SRG II_Skin And Subcutaneous Tissue,Burns,Escharotomy (Extensive);STANDARD;2540000;890000
8444;SRG II_Skin And Subcutaneous Tissue,Burns,Escharotomy (Limited);STANDARD;1270000;440000
8445;SRG II_Skin And Subcutaneous Tissue,Deep (>3cm)/Extensive Contaminated Wound,Debridement;STANDARD;6300000;2210000
8446;SRG II_Skin And Subcutaneous Tissue,Defect,Direct Flap (Cross Finger/Similar Flaps);STANDARD;10290000;3600000
8447;SRG II_Skin And Subcutaneous Tissue,Defect,Single Stage Local Flap (Complicated/Large);STANDARD;13210000;4620000
8448;SRG II_Skin And Subcutaneous Tissue,Hematoma/Carbuncle Cellulitis/Similar Lesion>3cm,Saucerisation/Incision with Drainage;STANDARD;4210000;1470000
8449;SRG II_Skin And Subcutaneous Tissue,Sinus (Shallow<3cm),Excision with/without Biopsy;STANDARD;1460000;510000
8450;SRG II_Skin And Subcutaneous Tissue,Tumor/Cyst/Ulcer/Scar,Excision Biopsy  (> 15mm diameter);STANDARD;2540000;890000
8451;SRG II_Skin And Subcutaneous Tissue,Wound,Debridement (<3cm);STANDARD;1410000;490000
8452;SRG II_Skin,Burns (2% To 5%),Excision;STANDARD;4130000;1450000
8453;SRG II_Skin,Burns (More Than 10%),Dressing;STANDARD;4860000;1700000
8454;SRG II_Skin,Keratoses/Warts/Tags/Similar Lesions,Excision (6 - 10 Lesions);STANDARD;2540000;890000
8455;SRG II_Skin,Keratoses/Warts/Tags/Similar Lesions,Excision (More Than10 Lesions);STANDARD;5270000;1840000
8456;SRG II_Skin,Keratoses/Warts/Tags/Similar Lesions,Excision (Not More Than 5 Lesions);STANDARD;1270000;440000
8457;SRG II_Skin,Plantar Wart,Excision Or Vaporisation By Laser;STANDARD;1270000;440000
8458;SRG II_Skull,Intracranial Hemorrhage,Osteoplastic Craniotomy/Extensive Craniectomy (Unilateral);STANDARD;51980000;18190000
8459;SRG II_Soft Tissue (Lower Limb),Contracture,Major Release;STANDARD;9950000;3480000
8460;SRG II_Soft Tissue (Lower Limb),Contracture,Minor Release;STANDARD;5270000;1840000
8461;SRG II_Soft Tissue (Lower Limb),Small Tumors (Benign),Excision Biopsy Under General Anesthesia;STANDARD;3230000;1130000
8462;SRG II_Soft Tissue (Lower Limb),Tumors (Benign),Wide Excision Biopsy;STANDARD;7950000;2780000
8463;SRG II_Soft Tissue (Upper Limb),Tumors (Benign),Major Excision Biopsy;STANDARD;7950000;2780000
8464;SRG II_Soft Tissue (Upper Limb),Tumors (Malignant),Wide Excision Biopsy;STANDARD;10140000;3550000
8465;SRG II_Soft Tissue,Tumor (Malignant),Wide Excision Biopsy <7cm Other Than Upper/Lower Limbs;STANDARD;6300000;2210000
8466;SRG II_Spermatic Cord,Spermatocele/Epididymal Cyst,Excision;STANDARD;6300000;2200000
8467;SRG II_Spine (exclude Cervical Spine),Various Lesions,Interbody Fusion (Single Segment) with Anterior/Posterior Instrumentation;STANDARD;35100000;12290000
8468;SRG II_Spine,,Facet Joint Block (Injection Of Anaesthetic Or Therapeutic Substance) up to 3 Joints;STANDARD;15060000;5270000
8469;SRG II_Spine,,Removal Of Spine Implants without Other Procedures (Anterior Approach);STANDARD;18060000;6320000
8470;SRG II_Spine,,Vertebroplasty Or Kyphoplasty (Multiple Levels);STANDARD;26030000;9110000
8471;SRG II_Spine,,Vertebroplasty Or Kyphoplasty (Single Level);STANDARD;17360000;6070000
8472;SRG II_Spine,Fracture-Dislocation,Open Reduction And Stabilisation;STANDARD;24100000;8440000
8473;SRG II_Spine,Infection,Posterior Drainage,Debridement And Removal Of Implants,without Fusion Or Other Procedures;STANDARD;18060000;6320000
8474;SRG II_Spine,Percutaneous Disc Ablation,2 Or More Levels (Intradiscal Electrothermal Annuloplasty/IDET);STANDARD;21210000;7420000
8475;SRG II_Spine,Percutaneous Disc Ablation,Single Level (Intradiscal Electrothermal Annuloplasty/IDET);STANDARD;14140000;4950000
8476;SRG II_Spine,Syringomyelia,Laminectomy And Drainage;STANDARD;24100000;8440000
8477;SRG II_Spleen,Trauma,Splenectomy;STANDARD;13360000;4680000
8478;SRG II_Spleen,Various Non-Traumatic Lesions,Splenectomy (Open);STANDARD;10920000;3820000
8479;SRG II_Tendon Sheath (Upper Limb),De Quervain's (Bilateral),Release;STANDARD;12090000;4230000
8480;SRG II_Tendon Sheath (Upper Limb),De Quervain's (Unilateral),Release;STANDARD;9070000;3170000
8481;SRG II_Tendon Sheath (Upper Limb),Ganglion/Villo-Nodular Synovitis,Excision;STANDARD;5870000;2050000
8482;SRG II_Tendon Sheath And Subcutaneous Tissue,Ganglion/Large Bursa,Excision Biopsy (>3cm) ;STANDARD;5270000;1840000
8483;SRG II_Tendon Sheath And Subcutaneous Tissue,Ganglion/Small Bursa,Excision Biopsy (<3cm) ;STANDARD;4800000;1680000
8484;SRG II_Tendon-Achilles (Lower Limb),Disruption,Repair;STANDARD;9750000;3410000
8485;SRG II_Testis,Inguinal,Hydrocele,High Ligation Surgery;STANDARD;6920000;2420000
8486;SRG II_Testis,Undescended/Ectopic (Bilateral),Orchidopexy/Transplantation with Hernia Repair;STANDARD;12180000;4260000
8487;SRG II_Testis,Undescended/Ectopic (Unilateral),Orchidopexy/Transplantation with Hernia Repair;STANDARD;8700000;3050000
8488;SRG II_Testis,Variocoele,Spermatic Vein Embolisation;STANDARD;7370000;2580000
8489;SRG II_Testis,Various Lesions,Exploration/Repair;STANDARD;3480000;1220000
8490;SRG II_Testis,Various Lesions,Orchidectomy (Simple - Laparoscopy);STANDARD;13230000;4630000
8491;SRG II_Testis,Various Lesions,Orchidectomy (Simple);STANDARD;9450000;3310000
8492;SRG II_Thorax,,Decortication (Laparoscopy);STANDARD;20940000;7330000
8493;SRG II_Thorax,Effusion/Fluid/Abscess Collection,Imaging Guided Percutaneous Aspiration/Diagnostic Tap;STANDARD;5590000;1960000
8494;SRG II_Thorax,Pleural Effusion,Aspiration;STANDARD;1840000;640000
8495;SRG II_Thorax,Pleural Effusion,Biopsy;STANDARD;2310000;810000
8496;SRG II_Thorax,Tumor (Mediastinal),Complex Resection;STANDARD;21650000;7580000
8497;SRG II_Thorax,Tumor (Mediastinal),Resection;STANDARD;17190000;6020000
8498;SRG II_Thorax,Various Lesions,Intercostal Drain (Insertion without Resection Of Rib);STANDARD;7010000;2450000
8499;SRG II_Thorax,Various Lesions,Thoracotomy (Exploration) with/without Biopsy;STANDARD;9930000;3470000
8500;SRG II_Thyroglossal Duct,Cyst Fistula,Excision;STANDARD;5910000;2070000
8501;SRG II_Thyroid,Various Lesions,Hemithyroidectomy/Partial Thyroidectomy;STANDARD;13240000;4630000
8502;SRG II_Thyroid,Various Lesions,Total/Subtotal Thyroidectomy;STANDARD;13310000;4660000
8503;SRG II_Thyroid,Various Lesions,Total/Subtotal Thyroidectomy with Neck Dissection (Unilateral);STANDARD;26480000;9270000
8504;SRG II_Tibia,Fracture,Open Reduction And Internal Fixation with Plates And Screws (Comminuted);STANDARD;18380000;6430000
8505;SRG II_Tibia,Fracture,Open Reduction and Internal Fixation with Plates And Screws (Simple);STANDARD;14140000;4950000
8506;SRG II_Tibia,Tibial Plateau,Tibia Plateau Unicondylar ORIF;STANDARD;14140000;4950000
8507;SRG II_Tongue,Tumor,Glossectomy with Radical Neck Dissection;STANDARD;14140000;4950000
8508;SRG II_Tongue,Tumor,Hemi-Glossectomy;STANDARD;6920000;2420000
8509;SRG II_Tongue,Tumor,Total Glossectomy;STANDARD;7800000;2730000
8510;SRG II_Tonsils,Abscess,Drainage;STANDARD;1270000;440000
8511;SRG II_Tonsils,Various Lesions,Removal;STANDARD;6480000;2270000
8512;SRG II_Trachea,Tracheostomy,Revision And Reinsertion;STANDARD;8450000;2960000
8513;SRG II_Trachea,Various Lesions,Trachea Reconstruction;STANDARD;13120000;4590000
8514;SRG II_Trachea,Various Lesions,Tracheostomy;STANDARD;6110000;2140000
8515;SRG II_Upper Limb,Fracture/Dislocation,Manipulation And Reduction;STANDARD;3900000;1370000
8516;SRG II_Ureter,,Anastomosis End To End Ureter;STANDARD;7960000;2790000
8517;SRG II_Ureter,,Cystoscopy And Insertion Of Double J Stent;STANDARD;7960000;2790000
8518;SRG II_Ureter,,Extra Corporeal Shockwave Lithotripsy (ESWL) For Ureteric Stone;STANDARD;9950000;3480000
8519;SRG II_Ureter,,Ureteroscopy;STANDARD;6310000;2210000
8520;SRG II_Ureter,Calculus,Ureteroscopy And Lithotripsy with/without Ultrasound;STANDARD;11440000;4000000
8521;SRG II_Ureter,Calculus,Ureteroscopy And Lithotripsy with/without Ultrasound (Laser);STANDARD;16260000;5690000
8522;SRG II_Ureter,Various Lesions,Intestinal Conduit;STANDARD;15420000;5400000
8523;SRG II_Ureter,Various Lesions,Reimplantation (Bilateral);STANDARD;16260000;5690000
8524;SRG II_Ureter,Various Lesions,Reimplantation (Unilateral);STANDARD;11440000;4000000
8525;SRG II_Ureter,Various Lesions,Reimplantation,Laparoscopy (Unilateral);STANDARD;16260000;5690000
8526;SRG II_Ureter,Various Lesions,Ureterotomy/Insertion Of Double J Stent;STANDARD;8420000;2950000
8527;SRG II_Urethra,,Ureteroscopy;STANDARD;5270000;1840000
8528;SRG II_Urethra,Hypospadias,Meatoplasty;STANDARD;2920000;1020000
8529;SRG II_Urethra,Injury,Repair/Urethroplasty Of Anterior Urethra;STANDARD;8420000;2950000
8530;SRG II_Urethra,Meatal Stenosis,Meatotomy;STANDARD;3020000;1060000
8531;SRG II_Urethra,Various Lesions,Sachse Internal Urethrotomy;STANDARD;11440000;4000000
8532;SRG II_Urethra,Various Lesions,Staged Urethroplasty (Each Stage);STANDARD;11440000;4000000
8533;SRG II_Uterus,,Sub-Total/Total Hysterectomy with/without Salpingo-Oophorectomy;STANDARD;13170000;4610000
8534;SRG II_Uterus,Endometriosis,Hysterectomy with Salpingo-Oophorectomy;STANDARD;14140000;4950000
8535;SRG II_Uterus,Endometriosis,Hysterectomy without Salpingo-Oophorectomy;STANDARD;9950000;3480000
8536;SRG II_Uterus,Fibroids,Myomectomy (Complicated >5cm/Multiple >2/Challenging Location);STANDARD;12480000;4370000
8537;SRG II_Uterus,Fibroids,Myomectomy (Simple <5cm - Laparoscopy);STANDARD;14400000;5040000
8538;SRG II_Uterus,Fibroids,Myomectomy (Simple <5cm - Open);STANDARD;10290000;3600000
8539;SRG II_Uterus,Malignant Condition,Radical Hysterectomy with/without Lymphadenectomy;STANDARD;15490000;5420000
8540;SRG II_Uterus,Malignant Condition,Radical Hysterectomy with/without Lymphadenectomy (Laparoscopy);STANDARD;21690000;7590000
8541;SRG II_Uterus,Malignant Condition,Total Hysterectomy with/without Salpingo-Oophorectomy with/without Lymph Node Dissection (Open);STANDARD;14140000;4950000
8542;SRG II_Uterus,Pregnancy And Multiparity,Uncomplicated Caesarean Section And Tubal Ligation;STANDARD;9290000;3250000
8543;SRG II_Uterus,Pregnancy,Caesarean Section with Hysterectomy;STANDARD;15770000;5520000
8544;SRG II_Uterus,Pregnancy,Uncomplicated Caesarean Section;STANDARD;7740000;2710000
8545;SRG II_Uterus,Various Lesions,Curettage with/without Dilatation;STANDARD;2540000;890000
8546;SRG II_Uterus/Cervix,Hysteroscopy,Diagnostic with General Anesthesia;STANDARD;2850000;1000000
8547;SRG II_Vas Deferens,,Vasovasostomy;STANDARD;11440000;4000000
8548;SRG II_Vas Deferens,Various Lesions,Varicocelectomy (Microsurgical);STANDARD;11440000;4000000
8549;SRG II_Vas Deferens,Various Lesions,Vasectomy;STANDARD;4710000;1650000
8550;SRG II_Vein,Arterio-Venous Fistula,Dissection And Ligation;STANDARD;2770000;970000
8551;SRG II_Vein,Bleeding Varicosities/Vascular Malformation,Image Guided Sclerotherapy Injection;STANDARD;8360000;2920000
8552;SRG II_Vein,Varicosity,High Ligation And Complete Stripping/Excision Of Long/Long And Short Saphenous Vein;STANDARD;10380000;3630000
8553;SRG II_Vulva,Abscess,Incision;STANDARD;2420000;850000
8554;SRG II_Vulva,Bartholin Cyst,Incision/Marsupialization with/without Use Of Laser;STANDARD;2420000;850000
8555;SRG II_Vulva,Malignant Condition,Radical Vulvectomy With Groin Dissection And With Or Without Skin Flap Closure;STANDARD;22180000;7760000
8556;SRG II_Wrist,Distal Or Radial Ulnar Joint (DRUJ) Instability,Complex Ligament Reconstruction;STANDARD;18060000;6320000
8557;SRG II_Wrist,Distal Radius Fracture,Open Reduction And Internal Fixation (ORIF) with Ulnar Head/Styloid Fixation/Tfcc Repair;STANDARD;14140000;4950000
8558;CABG;DELUXE;60000000;0
8559;DOKTER OPERATOR ODONTECTOMY A;DELUXE;4408000;1543000
8560;DOKTER OPERATOR ODONTECTOMY B;DELUXE;4959000;1736000
8561;DOKTER OPERATOR ODONTECTOMY C;DELUXE;5511000;1929000
8562;DOKTER OPERATOR _NEUROSURGERY;DELUXE;46350000;16223000
8563;DOKTER OPERATOR _NEUROSURGERY_1;DELUXE;15450000;5408000
8564;DOKTER OPERATOR _NEUROSURGERY_2;DELUXE;7725000;2704000
8565;DOKTER OPERATOR _TABLE _TARIF I _ 1;DELUXE;1300000;455000
8566;DOKTER OPERATOR _TABLE _TARIF I _ 2;DELUXE;2600000;910000
8567;DOKTER OPERATOR _TABLE _TARIF I _ 3;DELUXE;5400000;1890000
8568;DOKTER OPERATOR _TABLE _TARIF I _ 4;DELUXE;7100000;2485000
8569;DOKTER OPERATOR _TABLE _TARIF I _ 5;DELUXE;10200000;3570000
8570;DOKTER OPERATOR _TABLE _TARIF I _ 6;DELUXE;14500000;5075000
8571;DOKTER OPERATOR _TABLE _TARIF I _ 7;DELUXE;20800000;7280000
8572;DOKTER OPERATOR _TABLE _TARIF  II _1  (SUB SPECIALIST / CONSULTANT / PROFESSOR);DELUXE;1690000;591500
8573;DOKTER OPERATOR _TABLE _TARIF  II _2  (SUB SPECIALIST / CONSULTANT / PROFESSOR);DELUXE;3380000;1183000
8574;DOKTER OPERATOR _TABLE _TARIF  II _3  (SUB SPECIALIST / CONSULTANT / PROFESSOR);DELUXE;7020000;2457000
8575;DOKTER OPERATOR _TABLE _TARIF  II _4  (SUB SPECIALIST / CONSULTANT / PROFESSOR);DELUXE;9230000;3230500
8576;DOKTER OPERATOR _TABLE _TARIF  II _5  (SUB SPECIALIST / CONSULTANT / PROFESSOR);DELUXE;13260000;4641000
8577;DOKTER OPERATOR _TABLE _TARIF  II _6  (SUB SPECIALIST / CONSULTANT / PROFESSOR);DELUXE;18850000;6597500
8578;DOKTER OPERATOR _TABLE _TARIF  II _7  (SUB SPECIALIST / CONSULTANT / PROFESSOR);DELUXE;27040000;9464000
8579;SRG I_Abdomen/Pelvis,Various Lesions,Insertion Of Peritoneal Dialysis Catheter;DELUXE;2600000;910000
8580;SRG I_Abdomen/Pelvis,Various Lesions,Removal Of Peritoneal Dialysis Catheter;DELUXE;2600000;910000
8581;SRG I_Abdominal Cavity,Adhesions,Lysis As Primary Procedure with/without Bowel Resection (Laparoscopy);DELUXE;10200000;3570000
8582;SRG I_Abdominal Cavity,Adhesions,Lysis As Primary Procedure with/without Bowel Resection (Open);DELUXE;7650000;2680000
8583;SRG I_Abdominal Cavity,Multiple Ruptures,Major Repair/Removal;DELUXE;19970000;6990000
8584;SRG I_Abdominal Cavity,Various Lesions,Colostomy/Enterostomy/Gastrostomy (Laparoscopy);DELUXE;14014000;4910000
8585;SRG I_Abdominal Cavity,Various Lesions,Colostomy/Enterostomy/Gastrostomy (Open);DELUXE;10010000;3510000
8586;SRG I_Abdominal Cavity,Various Lesions,Exploratory Laparotomy;DELUXE;7200000;2520000
8587;SRG I_Abdominal Wall,Epigastric/Umbilical Hernia,Repair (Open);DELUXE;6452000;2260000
8588;SRG I_Abdominal Wall,Inguinal Hernia (Infants & Children),Herniotomy (Bilateral);DELUXE;9032800;3170000
8589;SRG I_Abdominal Wall,Inguinal Hernia (Infants & Children),Herniotomy (Unilateral);DELUXE;6452000;2260000
8590;SRG I_Abdominal Wall,Inguinal/Femoral Hernia,Bilateral Herniorrhaphy (Laparoscopy);DELUXE;2,16384E+16;7580000
8591;SRG I_Abdominal Wall,Inguinal/Femoral Hernia,Bilateral Herniorrhaphy (Open);DELUXE;1,5456E+16;5410000
8592;SRG I_Abdominal Wall,Inguinal/Femoral Hernia,Unilateral Herniorrhaphy (Laparoscopy);DELUXE;15456000;5410000
8593;SRG I_Abdominal Wall,Inguinal/Femoral Hernia,Unilateral Herniorrhaphy (Open);DELUXE;11040000;3870000
8594;SRG I_Abdominal Wall,Strangulated/Obstructed Hernia,Repair with Bowel Resection;DELUXE;16700000;5850000
8595;SRG I_Abdominal Wall,Strangulated/Obstructed Hernia,Repair without Bowel Resection;DELUXE;13500000;4730000
8596;SRG I_Abdominal Wall,Ventral/Incisional/Recurrent Hernia,Repair (Open);DELUXE;15070000;5280000
8597;SRG I_Adenoids,Various Lesions,Removal;DELUXE;5700000;2000000
8598;SRG I_Adrenals,Various Lesions,Biopsy/Excision (Laparoscopy);DELUXE;17150000;6010000
8599;SRG I_Adrenals,Various Lesions,Biopsy/Excision (Open);DELUXE;12240000;4290000
8600;SRG I_Ankle,,Therapeutic Arthroscopy;DELUXE;15100000;5290000
8601;SRG I_Ankle,Ankle Fracture,Bimalleolar ORIF;DELUXE;18000000;6300000
8602;SRG I_Ankle,Ankle Fracture,Unimalleolar ORIF;DELUXE;12000000;4200000
8603;SRG I_Ankle,Dislocation,Open Reduction;DELUXE;9260000;3250000
8604;SRG I_Ankle,Various Lesions,Repair Of Ligaments;DELUXE;9300000;3260000
8605;SRG I_Anus,Fissure,Excision/Lateral Sphincterotomy;DELUXE;4980000;1750000
8606;SRG I_Anus,Fistula-In-Ano (High),Complex And Recurrent Fistulectomy;DELUXE;7380000;2590000
8607;SRG I_Anus,Fistula-In-Ano,Excision/ Fistulectomy;DELUXE;4980000;1750000
8608;SRG I_Anus,Fistula-In-Ano,Insertion Of Seton;DELUXE;7,881E+15;2760000
8609;SRG I_Anus,Hemorrhoids,Hemorrhoidectomy with/without Sigmoidoscopy;DELUXE;5500000;1930000
8610;SRG I_Anus,Hemorrhoids,Laser Haemorrhoidectomy;DELUXE;10332000;3620000
8611;SRG I_Anus,Hemorrhoids,Removal Of External Anal Tags;DELUXE;2480000;870000
8612;SRG I_Anus,Hemorrhoids,Stapled Haemorrhoidectomy;DELUXE;7380000;2590000
8613;SRG I_Anus,Hemorrhoids,Transanal Haemorrhoidal Dearterialization (THD);DELUXE;4800000;1680000
8614;SRG I_Anus,Perineal Abscess,Saucerisation/Drainage;DELUXE;5390000;1890000
8615;SRG I_Anus,Stricture,Dilatation;DELUXE;1300000;460000
8616;SRG I_Aorta,,Total Arch Replacement;DELUXE;72100000;25240000
8617;SRG I_Aorta,Aneurysm,Juxtarenal Type;DELUXE;18910000;6620000
8618;SRG I_Aorta,Ruptured Aortic Aneurysm (Thoracic Or Abdominal),Endo-Vascular Aortic Repair;DELUXE;30000000;10500000
8619;SRG I_Aorta,Thoraco-Abdominal Aneurysm,Excision And Insertion Of Graft;DELUXE;72100000;25240000
8620;SRG I_Aortic Dissection,,Endovascular Fenestration;DELUXE;5560000;1950000
8621;SRG I_Aortic Dissection,,Endovascular Stent Graft Repair;DELUXE;21350000;7480000
8622;SRG I_Appendix,Various Lesions/Abscess,Appendicectomy with/without Drainage (Laparoscopy);DELUXE;12240000;4290000
8623;SRG I_Appendix,Various Lesions/Abscess,Appendicectomy with/without Drainage (Open);DELUXE;9810000;3440000
8624;SRG I_Arteriovenous Fistula Graft,,Thrombectomy;DELUXE;8280000;2900000
8625;SRG I_Arteriovenous Fistula,,Angiogram;DELUXE;4000000;1400000
8626;SRG I_Arteriovenous Fistula,,Synthetic Graft;DELUXE;17630000;6180000
8627;SRG I_Artery,Intracranial,Thrombosis,Percutaneous Catheter Directed Thrombolysis/Thrombectomy;DELUXE;53310000;18660000
8628;SRG I_Artery,Various Lesions,Arterio-Venuous Fistula Creation;DELUXE;10980000;3850000
8629;SRG I_Bladder,Calculus,Vesicolithotomy/Litholapaxy/Ultrasonic Lithotripsy;DELUXE;11730000;4110000
8630;SRG I_Bladder,Cystoscopy with/without Biopsy;DELUXE;3100000;1090000
8631;SRG I_Bladder,Cystoscopy,Removal Of Foreign Body/Ureteric Stent;DELUXE;3625400;1270000
8632;SRG I_Bladder,Cystoscopy,with Endoscopic Resection/Incision Of Bladder Neck;DELUXE;7450000;2610000
8633;SRG I_Bladder,Retention Of Urine,Suprapubic Cystostomy;DELUXE;5870000;2060000
8634;SRG I_Bladder,Various Lesions,Total Radical Cystectomy,For Malignancy (Laparoscopy);DELUXE;23920000;8380000
8635;SRG I_Bladder,Various Lesions,Total Radical Cystectomy,For Malignancy (Open);DELUXE;17100000;5990000
8636;SRG I_Bladder,Vesico-Rectal Fistula,Correction;DELUXE;10200000;3570000
8637;SRG I_Bladder,Vesico-Vaginal Fistula,Correction;DELUXE;17660000;6190000
8638;SRG I_Bladder/Ureter,Cystoscopy,with Ureteric Catheterisation;DELUXE;4410000;1550000
8639;SRG I_Bladder/Urethra,,Transurethral Resection Of Bladder Tumour (<3cm);DELUXE;9940000;3480000
8640;SRG I_Bladder/Urethra,,Transurethral Resection Of Bladder Tumour (>3cm);DELUXE;14260000;5000000
8641;SRG I_Bladder/Urethra,Cystoscopy,with Urethral Dilatation;DELUXE;4410000;1550000
8642;SRG I_Blood Vessels,Subcutaneous Implanted Vascular Port,Insertion;DELUXE;5475000;1920000
8643;SRG I_Blood Vessels,Subcutaneous Implanted Vascular Port,Removal;DELUXE;2950000;1040000
8644;SRG I_Bone (Lower Limb),,Grade 1 And 2 Open Fractures/Open Dislocation Or Open Fracture-Dislocation Wound Debridement;DELUXE;5000000;1750000
8645;SRG I_Bone (Lower Limb),Deformities,Corrective Surgery with Internal Fixation with/without Fluoroscopy;DELUXE;16500000;5780000
8646;SRG I_Bone (Lower Limb),Deformities,Corrective Surgery with Osteotomy Alone;DELUXE;14500000;5080000
8647;SRG I_Bone (Lower Limb),Fracture/Dislocation,Manipulation And Kirschner Wire Fixation;DELUXE;9500000;3330000
8648;SRG I_Bone (Upper Limb),Grade 1 And 2 Open Fractures/Open Dislocation Or Open Fracture-Dislocation,Wound Debridement;DELUXE;5000000;1750000
8649;SRG I_Bone And Joints (Lower Limb),,Removal Of Simple Implants (Rush Rods/Wires/K-Wires/Pins/Screws);DELUXE;6400000;2240000
8650;SRG I_Bone And Joints (Lower Limb),Plates And Screws/Nails,Removal;DELUXE;11140000;3900000
8651;SRG I_Bone And Joints (Upper Limb),,Removal Of Simple Implants (Rush Rods/Wires/K-Wires/Pins/Screws);DELUXE;6400000;2240000
8652;SRG I_Bone And Joints (Upper Limb),Plates And Screws,Removal;DELUXE;11140000;3900000
8653;SRG I_Brain,,Deep Brain Stimulation (Unilateral);DELUXE;53310000;18660000
8654;SRG I_Brain,Aneurysm/Arterio-Venous Malformation,Clipping/Excision (Complex);DELUXE;53310000;18660000
8655;SRG I_Brain,Hydrocephalus And Other Lesions,Ventriculoatrial/Ventriculoperitoneal Shunt;DELUXE;53310000;18660000
8656;SRG I_Brain,Hydrocephalus,External Ventricular Drainage (Unilateral);DELUXE;53310000;18660000
8657;SRG I_Brain,Intracerebral Tumor,Biopsy And/Or Decompression/Removal Via Craniotomy (Complex);DELUXE;53310000;18660000
8658;SRG I_Brain,Intracerebral Tumor,Biopsy And/Or Decompression/Removal Via Craniotomy (Simple);DELUXE;53310000;18660000
8659;SRG I_Brain,Intracranial Abscess,Craniectomy And Drainage;DELUXE;53310000;18660000
8660;SRG I_Brain,Intracranial Extracerebral Tumor,Craniotomy/Hemispherectomy;DELUXE;53310000;18660000
8661;SRG I_Breast (Nipple),Various Lesions,Graft And/Or Flap Reconstruction (Bilateral);DELUXE;13070000;4580000
8662;SRG I_Breast (Nipple),Various Lesions,Graft And/Or Flap Reconstruction (Unilateral);DELUXE;9360000;3280000
8663;SRG I_Breast,Gynecomastia,Reduction (Unilateral);DELUXE;6180000;2170000
8664;SRG I_Breast,Lump (Single),Excision Biopsy;DELUXE;5050000;1770000
8665;SRG I_Breast,Lumps (Multiple/Bilateral),Excision Biopsy;DELUXE;7560000;2650000
8666;SRG I_Breast,Post Mastectomy,Reconstruction Using Free Flap (Unilateral);DELUXE;47380000;16590000
8667;SRG I_Breast,Post Mastectomy,Reconstruction Using Pedicled Transverse Rectus Abdominis Musculocutaneous Flap (Bilateral);DELUXE;33220000;11630000
8668;SRG I_Breast,Post Mastectomy,Reconstruction Using Pedicled Transverse Rectus Abdominis Musculocutaneous Flap (Unilateral);DELUXE;27710000;9700000
8669;SRG I_Breast,Tumor (Malignant),Radical Mastectomy with/without Axiliary Clearance;DELUXE;16110000;5640000
8670;SRG I_Breast,Tumor (Malignant),Simple Mastectomy;DELUXE;9700000;3400000
8671;SRG I_Breast,Tumor (Malignant),Simple Mastectomy with Sentinel Node Biopsy/ Axiliary Node Sampling;DELUXE;13000000;4550000
8672;SRG I_Breast,Tumor (Malignant),Wide Excision/ Lumpectomy/Segmental Mastectomy/ Partial Mastectomy;DELUXE;15900000;5570000
8673;SRG I_Breast,Tumor (Malignant),Wide Excision/ Lumpectomy/Segmental Mastectomy/ Partial Mastectomy with Axiliary Clearance with/without Sentinel Node Biopsy;DELUXE;15900000;5570000
8674;SRG I_Breast,Tumor (Malignant),Wide Excision/ Lumpectomy/Segmental Mastectomy/ Partial Mastectomy with Sentinel Node Biopsy/ Axiliary Node Sampling;DELUXE;15900000;5570000
8675;SRG I_Breast,Various Lesions,Subcutaneous Mastectomy Bilateral excluding Gynaecomastia;DELUXE;18520000;6490000
8676;SRG I_Breast,Various Lesions,Subcutaneous Mastectomy Unilateral excluding Gynaecomastia;DELUXE;9260000;3250000
8677;SRG I_Breast,Various Lesions,Trucut Biopsy,Ultrasound Guided Or Stereotactic (Single);DELUXE;1560000;550000
8678;SRG I_Breast,Various Lesions,Wire Localisation,Excision (Multiple);DELUXE;8190000;2870000
8679;SRG I_Bronchus/Lung,,Bronchoscopy with/without Biopsy;DELUXE;6510000;2280000
8680;SRG I_Carpus,Fracture/Dislocation,Open Reduction And Internal Fixation;DELUXE;14500000;5080000
8681;SRG I_Cervical Spine,Various Lesions,Anterior Decompression And Fusion Or Disc Replacement (1 Segment);DELUXE;25000000;8750000
8682;SRG I_Cervical Spine,Various Lesions,Anterior Decompression And Fusion Or Disc Replacement (2 Segments);DELUXE;35000000;12250000
8683;SRG I_Cervical Spine,Various Lesions,Anterior Decompression And Fusion Or Disc Replacement (3 Or More Segments);DELUXE;49000000;17150000
8684;SRG I_Cervical Spine,Various Lesions,Laminoplasty (without Instrumentation);DELUXE;35000000;12250000
8685;SRG I_Cervix,Cancer,Radical Trachelectomy with/without Lymphadenectomy;DELUXE;12240000;4290000
8686;SRG I_Cervix,Cervical Intraepithelial Neoplasia,Cone Biopsy with/without Laser;DELUXE;5400000;1890000
8687;SRG I_Cervix,Polyp,Excision/Erosion (Complicated) Includes D&C with Biopsy;DELUXE;5900000;2070000
8688;SRG I_Cervix,Polyp,Excision/Erosion (Simple) with Biopsy;DELUXE;1670000;590000
8689;SRG I_Cervix,Transcervical Resection (TCR) Polyp (<2cm),Hysteroscopic;DELUXE;4900000;1720000
8690;SRG I_Cervix,Transcervical Resection (TCR) Polyp (>2cm),Hysteroscopic;DELUXE;6480000;2270000
8691;SRG I_Cervix,Transcervical Resection (TCR) Septum,Hysteroscopic;DELUXE;6450000;2260000
8692;SRG I_Cervix,Various Lesions,Colposcopy Ablational/Excisional Treatment (Laser Vapourisation/Loop Electrosurgical Excision Procedure/Laser Excision Of Transformation Zone with Biopsy);DELUXE;5400000;1890000
8693;SRG I_Clavicle,Clavicle Fracture,Delayed Union/Revision And ORIF with/without Bone Grafting;DELUXE;14500000;5080000
8694;SRG I_Clavicle,Clavicle Fracture,Simple;DELUXE;14500000;5080000
8695;SRG I_Colon,,Anterior Resection (Laparoscopy);DELUXE;18600000;6510000
8696;SRG I_Colon,,Anterior Resection (Open);DELUXE;16730000;5860000
8697;SRG I_Colon,Various Lesions,Colostomy;DELUXE;11420000;4000000
8698;SRG I_Colon,Various Lesions,Right/Left Hemicolectomy (Laparoscopy);DELUXE;17990000;6300000
8699;SRG I_Colon,Various Lesions,Right/Left Hemicolectomy (Open);DELUXE;12850000;4500000
8700;SRG I_Conjunctiva,Pterygium,Excision (Bare Sclera);DELUXE;5560000;1950000
8701;SRG I_Creation Of Ileal Neobladder;DELUXE;17100000;5990000
8702;SRG I_Diaphragm,Tumor,Excision;DELUXE;10200000;3570000
8703;SRG I_Diaphragm,Tumor,Excision with Wedge Resection Of Lung;DELUXE;11710000;4100000
8704;SRG I_Digit(s),Nailbed Laceration,Nailbed Grafting;DELUXE;8000000;2800000
8705;SRG I_Ear (Middle),,Cochlear Implant;DELUXE;12240000;4290000
8706;SRG I_Ear (Middle),Abscess/Inflammation,Operation;DELUXE;2370000;830000
8707;SRG I_Ear,Foreign Body,Complex Removal/Excision (Embedded/Large);DELUXE;4180000;1470000
8708;SRG I_Ear,Laceration (Full Thickness),Repair (> 3cm);DELUXE;6480000;2270000
8709;SRG I_Ear,Tympanic Membrane,Perforation,Cauterisation/Diathermy;DELUXE;1560000;550000
8710;SRG I_Ear,Tympanic Membrane,Perforation,Round Window Repair;DELUXE;12900000;4520000
8711;SRG I_Ear,Tympanic Membrane,Unilateral Myringotomy with Tube;DELUXE;5000000;1750000
8712;SRG I_Ear,Tympanic Membrane,Unilateral Myringotomy without Tube;DELUXE;3600000;1260000
8713;SRG I_Ear,Various Lesions,Myringoplasty (Simple);DELUXE;5680000;1990000
8714;SRG I_Ear,Various Lesions,Ossicular Chain Reconstruction with/without Myringoplasty;DELUXE;8170000;2860000
8715;SRG I_Elbow,,Therapeutic Arthroscopy;DELUXE;15100000;5290000
8716;SRG I_Elbow,Coronoid Fracture,ORIF;DELUXE;14500000;5080000
8717;SRG I_Elbow,Dislocation,Ligament Repair (Complex,with/without Implant);DELUXE;13200000;4620000
8718;SRG I_Elbow,Dislocation,Ligament Repair (Single);DELUXE;9300000;3260000
8719;SRG I_Elbow,Fracture/ Dislocation,Repair Of Ligaments/ ORIF;DELUXE;14500000;5080000
8720;SRG I_Elbow,Fracture/Dislocation,Open Reduction And Internal Fixation (ORIF);DELUXE;14500000;5080000
8721;SRG I_Elbow,Tennis Elbow,Release;DELUXE;4500000;1580000
8722;SRG I_Eyelids,Simple Laceration,Repair;DELUXE;2500000;880000
8723;SRG I_Eyelids,Various Lesions,Upper Blepharoplasty (Unilateral);DELUXE;15080000;5280000
8724;SRG I_Fallopian Tube,,Removal Of Ectopic Gestation;DELUXE;7920000;2780000
8725;SRG I_Fallopian Tube,,Sterilization (Laparoscopy);DELUXE;6510000;2280000
8726;SRG I_Fallopian Tube,Completed Family,Division/Ligation;DELUXE;4900000;1720000
8727;SRG I_Fallopian Tube/Uterus/Ovary,,Therapeutic Laparoscopy;DELUXE;12800000;4480000
8728;SRG I_Femur,Fracture (Complex Intra-Articular),Open Reduction And Internal Fixation (ORIF) with Plate And Screws;DELUXE;18850000;6600000
8729;SRG I_Femur,Fracture (Intercondylar),Open Reduction And Internal Fixation (ORIF);DELUXE;16700000;5850000
8730;SRG I_Femur,Fracture (Single Condylar),Open Reduction And Internal Fixation (ORIF);DELUXE;14500000;5080000
8731;SRG I_Femur,Fracture,Open Reduction And Internal Fixation (ORIF) with Plate And Screws;DELUXE;15000000;5250000
8732;SRG I_Finger,Defect/Contracture (Multiple),Reconstruction;DELUXE;12500000;4380000
8733;SRG I_Finger,Defect/Contracture (Single),Reconstruction;DELUXE;8250000;2890000
8734;SRG I_Finger,Syndactyly (Multiple),Separation;DELUXE;18000000;6300000
8735;SRG I_Finger,Syndactyly (Single),Correction;DELUXE;10000000;3500000
8736;SRG I_Finger,Various Lesions,Amputation (Multiple);DELUXE;7000000;2450000
8737;SRG I_Finger,Various Lesions,Amputation (Single);DELUXE;5000000;1750000
8738;SRG I_Foot,,Achilles Tendon Reconstruction;DELUXE;14200000;4970000
8739;SRG I_Foot,Congenital Talipes Equinovarus (CTEV),Bilateral Release;DELUXE;17000000;5950000
8740;SRG I_Foot,Congenital Talipes Equinovarus (CTEV),Medial Release;DELUXE;8170000;2860000
8741;SRG I_Foot,Crush Injuries (Complex),Wound Debridement;DELUXE;6452000;2260000
8742;SRG I_Foot,Crush Injuries (Simple),Wound Debridement;DELUXE;4000000;1400000
8743;SRG I_Foot,Fractures,Open Reduction And Internal Fixation (Complex/Multiple Including Talus And Calcaneum);DELUXE;15000000;5250000
8744;SRG I_Foot,Hallux Valgus/Hammer Toe,Proximal Osteotomy with/without Soft Tissue Reconstruction;DELUXE;14500000;5080000
8745;SRG I_Gallbladder,Various Lesions,Cholecystectomy (Laparoscopy);DELUXE;16680000;5840000
8746;SRG I_Gallbladder,Various Lesions,Cholecystectomy (Open);DELUXE;12000000;4200000
8747;SRG I_Gallbladder,Various Lesions,Cholecystectomy And Repair Of Cholecysto-Enteric/ Cholecysto-Choledochal Fistula (Laparoscopy);DELUXE;22400000;7840000
8748;SRG I_Gallbladder,Various Lesions,Cholecystectomy And Repair Of Cholecysto-Enteric/ Cholecysto-Choledochal Fistula (Open);DELUXE;16000000;5600000
8749;SRG I_Gallbladder,Various Lesions,Cholecystectomy/Choledochotomy/Common Bile Duct Exploration with Choledocho-Duodenostomy (Laparoscopy);DELUXE;20300000;7110000
8750;SRG I_Gallbladder,Various Lesions,Cholecystectomy/Choledochotomy/Common Bile Duct Exploration with Choledocho-Duodenostomy (Open);DELUXE;14500000;5080000
8751;SRG I_Genital Tract,Cancer,Staging Under General Anesthesia (Includes Cystoscopy/Dilatation & Curettage/Biopsy);DELUXE;3120000;1100000
8752;SRG I_Genital,Fournier Gangrene,Debridement;DELUXE;7100000;2490000
8753;SRG I_Hand,Closed Fracture,ORIF (Multiple) Non-Joint;DELUXE;21750000;7620000
8754;SRG I_Hand,Closed Fracture,ORIF with K-Wire/Cerclage Wire Fixation;DELUXE;9500000;3330000
8755;SRG I_Hand,Closed Fracture,ORIF/Plate And Screws (Single) Joint/Non-Joint;DELUXE;14500000;5080000
8756;SRG I_Hand,Crush Injuries (Complex),Wound Debridement;DELUXE;7100000;2490000
8757;SRG I_Hand,Crush Injuries (Simple),Wound Debridement;DELUXE;4000000;1400000
8758;SRG I_Hand,Flexor Tendon,Trigger Finger (Multiple) Release;DELUXE;9000000;3150000
8759;SRG I_Hand,Flexor Tendon,Trigger Finger (Single) Release;DELUXE;4500000;1580000
8760;SRG I_Hand,Fractures/Dislocation,Open Reduction And Internal Fixation (Multiple);DELUXE;21750000;7620000
8761;SRG I_Hand,Open Fracture,Debridement And ORIF (Single) Joint;DELUXE;14500000;5080000
8762;SRG I_Hip,Various Lesions,Hemi-Arthroplasty;DELUXE;18100000;6340000
8763;SRG I_Hip,Various Lesions,Primary Total Joint Replacement (Lap/MIS/Navigated);DELUXE;25340000;8870000
8764;SRG I_Hip,Various Lesions,Primary Total Joint Replacement (Open);DELUXE;24000000;8400000
8765;SRG I_Hip,Various Lesions,Primary Total Joint Replacement with Augmentation Requiring Extra Implants Or Bone Grafts (Open);DELUXE;31200000;10920000
8766;SRG I_Hip,Various Lesions,Revision Hemi-Arthroplasty;DELUXE;23530000;8240000
8767;SRG I_Hip,Various Lesions,Revision Total Joint Replacement (MIS/Laparoscopy);DELUXE;43680000;15290000
8768;SRG I_Hip,Various Lesions,Revision Total Joint Replacement (Open);DELUXE;31200000;10920000
8769;SRG I_Hip/Knee,Therapeutic Arthroscopy,with/without Synovectomy/Labral Repair/FAI Resection For Hip;DELUXE;15100000;5290000
8770;SRG I_Humerus,Proximal Humerus Or Supracondylar Fracture,ORIF;DELUXE;14500000;5080000
8771;SRG I_Joints (Finger),Various Lesions,Replacement Arthroplasty;DELUXE;18520000;6490000
8772;SRG I_Joints (Lower Limb),Loose Bodies,Removal;DELUXE;9410000;3300000
8773;SRG I_Joints (Upper Limb),Vascular Injury,Major Vascular Reconstruction/Anastomosis/Graft;DELUXE;18520000;6490000
8774;SRG I_Joints,Arthroscopy,Diagnostic;DELUXE;7950000;2790000
8775;SRG I_Kidney,,Renovascular Reconstruction;DELUXE;1,6675E+16;5840000
8776;SRG I_Kidney,Blocked Nephrostomy Tube,Change;DELUXE;2600000;910000
8777;SRG I_Kidney,Calculus,Extra Corporeal Shockwave Lithotripsy (ESWL);DELUXE;10200000;3570000
8778;SRG I_Kidney,Calculus,Nephrolithotomy/Pyelolithotomy;DELUXE;11180000;3920000
8779;SRG I_Kidney,Calculus,Percutaneous Nephrolithotomy Or Percutaneous Nephrostolithotomy (PCNL);DELUXE;18910000;6620000
8780;SRG I_Kidney,Cyst,Imaging Guided Percutaneous Aspiration;DELUXE;11730000;4110000
8781;SRG I_Kidney,Cyst,Sclerosing And Percutaneous Drainage;DELUXE;10200000;3570000
8782;SRG I_Kidney,Cyst,Unroofing/Deroofing;DELUXE;7100000;2490000
8783;SRG I_Kidney,Cyst,Unroofing/Deroofing (Laparoscopy);DELUXE;10200000;3570000
8784;SRG I_Kidney,Pyonephrosis,Drainage (Open);DELUXE;8870000;3110000
8785;SRG I_Kidney,Staghorn Calculus,Nephrolithotomy Or Percutaneous Nephrostolithotomy (PCNL);DELUXE;17660000;6190000
8786;SRG I_Kidney,Staghorn Calculus,Percutaneous Nephrostolithotomy (PCNL) Laser;DELUXE;23920000;8380000
8787;SRG I_Kidney,Various Lesion,Robotic Renal Biopsy;DELUXE;11730000;4110000
8788;SRG I_Kidney,Various Lesions,Biopsy (Closed);DELUXE;5400000;1890000
8789;SRG I_Kidney,Various Lesions,Partial Nephrectomy (Laparoscopy);DELUXE;28290000;9910000
8790;SRG I_Kidney,Various Lesions,Radical Nephrectomy (Laparoscopy);DELUXE;23920000;8380000
8791;SRG I_Kidney,Various Lesions,Simple Nephrectomy (Laparoscopy);DELUXE;1,6675E+16;5840000
8792;SRG I_Kidney/Ureter,,Pyeloplasty (Unilateral - Open/Laparoscopy);DELUXE;11730000;4110000
8793;SRG I_Kidney/Ureter,,Retrograde Intrarenal Surgery Or RIRS Using Flexible Ureteroscopy (Diagnostic);DELUXE;8,165E+15;2860000
8794;SRG I_Kidney/Ureter,,Retrograde Intrarenal Surgery Or RIRS Using Flexible Ureteroscopy (Therapeutic - e.g. Lithotripsy And/Or Basket Extraction Of Stones);DELUXE;1,6675E+16;5840000
8795;SRG I_Knee Ligaments,Disruption,Reconstruction And Repair;DELUXE;19000000;6650000
8796;SRG I_Knee,Arthroscopy,Knee Ligament Reconstruction (1 Or More);DELUXE;16000000;5600000
8797;SRG I_Knee,Ligaments/Meniscus/Cartilage/Bone Combined,ACL Or PCL Reconstruction (MIS/Laparoscopy);DELUXE;24000000;8400000
8798;SRG I_Knee,Ligaments/Meniscus/Cartilage/Bone Combined,Ligament Reconstruction with Meniscal Repair (Laparoscopy);DELUXE;24000000;8400000
8799;SRG I_Knee,Meniscus/Cartilage,Meniscal Repair (Laparoscopy);DELUXE;18750000;6570000
8800;SRG I_Knee,Various Lesions,Meniscectomy with/without Arthroscopy;DELUXE;15100000;5290000
8801;SRG I_Knee,Various Lesions,Primary Total Joint Replacement (Unilateral - Open);DELUXE;20000000;7000000
8802;SRG I_Knee,Various Lesions,Primary Total Joint Replacement (Unilateral) (Lap/MIS/Navigated);DELUXE;28000000;9800000
8803;SRG I_Knee,Various Lesions,Primary Total Joint Replacement (Unilateral) with Augmentation Requiring Extra Implants Or Bone Grafts (Open);DELUXE;26000000;9100000
8804;SRG I_Knee,Various Lesions,Revision Total Joint Replacement (MIS/Laparoscopy);DELUXE;36400000;12740000
8805;SRG I_Knee,Various Lesions,Revision Total Joint Replacement (Open);DELUXE;26000000;9100000
8806;SRG I_Laparotomy Debulking (Advanced Disease,Primary/Recurrent);DELUXE;14500000;5080000
8807;SRG I_Laryngoscopy with Removal Of Tumour/Lesions,,Laryngoscopy with Removal Of Tumour/Lesions;DELUXE;11200000;3920000
8808;SRG I_Larynx And Pharynx,Various Lesions,Laser Application;DELUXE;8930000;3130000
8809;SRG I_Larynx,,Laryngectomy with Bilateral Neck Dissection;DELUXE;17680000;6190000
8810;SRG I_Larynx,Various Lesions,Hemi/Partial Laryngectomy;DELUXE;17680000;6190000
8811;SRG I_Larynx,Various Lesions,Hemi/Partial Laryngectomy with Radical Neck Dissection;DELUXE;20000000;7000000
8812;SRG I_Lens,,Complicated Cataract Extraction with Intraocular Lens Implant (Capsular Tension Ring/Capsular Tension Segment);DELUXE;7580000;2660000
8813;SRG I_Lens,Cataract,Extraction with Intra-Ocular Lens Implant (Unilateral);DELUXE;9060000;3180000
8814;SRG I_Lens,Cataract,Extraction with Intra-Ocular Lens Implant And Trabeculectomy with/without Antimetabolites;DELUXE;9060000;3180000
8815;SRG I_Liver,Abscess,Trans-Abdominal Drainage (Laparoscopy);DELUXE;9940000;3480000
8816;SRG I_Liver,Abscess,Trans-Abdominal Drainage (Open);DELUXE;7100000;2490000
8817;SRG I_Lower Limb,Ischemia,Fasciotomy;DELUXE;9300000;3260000
8818;SRG I_Lung,Various Lesions,Pneumonectomy/Lobectomy/Segmental Resection;DELUXE;20800000;7280000
8819;SRG I_Lung,Various Lesions,Repeat/Multiple/Complex Resections;DELUXE;17630000;6180000
8820;SRG I_Lung,Various Lesions,Wedge Resection;DELUXE;14960000;5240000
8821;SRG I_Lymph Node (Axillary),Various Lesions,Sentinel LN Biopsy Only;DELUXE;6480000;2270000
8822;SRG I_Lymph Node (Cervical),,Radical with Flap Reconstruction;DELUXE;25500000;8930000
8823;SRG I_Lymph Node (Cervical),Various Lesions,Biopsy;DELUXE;3230000;1140000
8824;SRG I_Lymph Node (Cervical),Various Lesions,Neck Dissection (Bilateral 3 Or Less Levels);DELUXE;12970000;4540000
8825;SRG I_Lymph Node (Cervical),Various Lesions,Neck Dissection (Unilateral 1-3 Levels);DELUXE;10235000;3590000
8826;SRG I_Lymph Node (Cervical),Various Lesions,Radical Neck Dissection;DELUXE;18000000;6300000
8827;SRG I_Lymph Node (Cervical),Various Lessions,Biopsy;DELUXE;5040000;1770000
8828;SRG I_Lymph Node (Inguinal),Various Lesions,Limited Excision;DELUXE;6480000;2270000
8829;SRG I_Lymph Node (Inguinal),Various Lesions,Radical Excision;DELUXE;8520000;2990000
8830;SRG I_Lymph Node (Pelvic) Dissection,,Dissection (Open);DELUXE;12430000;4360000
8831;SRG I_Lymph Node (Pelvic),,Dissection (Laparoscopy);DELUXE;17400000;6090000
8832;SRG I_Lymph Node (Retropharyngeal),,Neck Dissection (Open/Transoral);DELUXE;13860000;4860000
8833;SRG I_Lymph Node (Single),Various Lesions,Excision Biopsy (Laparoscopy);DELUXE;6960800;2440000
8834;SRG I_Lymph Node (Single),Various Lesions,Excision Biopsy (Open);DELUXE;4972000;1750000
8835;SRG I_Lymph Node,Various Lesions,Biopsy;DELUXE;4827000;1690000
8836;SRG I_Maxilla,Alveolar Cleft (Unilateral Complete),Bone Graft And Closure Of Naso Buccal Fistula;DELUXE;12000000;4200000
8837;SRG I_Maxilla,Fracture - Lefort II (Complex),Open Reduction And Fixation;DELUXE;14000000;4900000
8838;SRG I_Maxilla,Various Lesions,Ostectomy/Osteotomy (>1 Segment);DELUXE;14000000;4900000
8839;SRG I_Maxilla,Various Lesions,Resection/Hemimaxillectomy (Open Or Endoscopic Method);DELUXE;12000000;4200000
8840;SRG I_Mouth,Cleft Lip,Unilateral Primary Repair;DELUXE;7100000;2490000
8841;SRG I_Mouth,Tumor,Radical Excision Biopsy with Resection Of Mandible And Lymph Nodes And Reconstruction;DELUXE;20800000;7280000
8842;SRG I_Mucous Membrane,Tumor/Cyst/Ulcer/Scar,Excision;DELUXE;3100000;1090000
8843;SRG I_Nerve (Upper Limb),Carpal Tunnel Syndrome,Release with Endoneurolysis (Bilateral);DELUXE;24570000;8600000
8844;SRG I_Nerve (Upper Limb),Carpal Tunnel Syndrome,Release with Endoneurolysis (Unilateral);DELUXE;16790000;5880000
8845;SRG I_Nerve (Upper Limb),Entrapment Syndrome (Others),Decompression (Unilateral);DELUXE;15450000;5410000
8846;SRG I_Nerve (Upper Limb),Guyon's Tunnel Syndrome,Release (Unilateral);DELUXE;15450000;5410000
8847;SRG I_Nerve Root (Cervical),,Block (Injection Of Anaesthetic - Therapeutic Substance) (>1 level);DELUXE;17770000;6220000
8848;SRG I_Nerve Root (Lumbar/Thoracic),,Block (Injection Of Anaesthetic - Therapeutic Substance) (1 level);DELUXE;17770000;6220000
8849;SRG I_Nose,Hematoma/Abscess,Evacuation/Incision & Drainage;DELUXE;3600000;1260000
8850;SRG I_Nose,Various Lesions (Turbinates),Turbinectomy/Turbinoplasty/Submucous Resection (with/without Endoscopes);DELUXE;8040000;2820000
8851;SRG I_Nose,Various Lesions,Septoplasty/Submucous Resection;DELUXE;10000000;3500000
8852;SRG I_Ovary,Malignant Tumor/Cyst,Total Hysterectomy Bilateral Salpingo-Oophorectomy with Omentectomy,Surgical Staging with/without Lymphadenectomy (Laparoscopy);DELUXE;21700000;7600000
8853;SRG I_Ovary,Malignant Tumor/Cyst,Total Hysterectomy Bilateral Salpingo-Oophorectomy with Omentectomy,Surgical Staging with/without Lymphadenectomy (Open);DELUXE;15500000;5430000
8854;SRG I_Ovary,Tumor/Cyst,Cystectomy (Complicated >5cm - Laparoscopy);DELUXE;13020000;4560000
8855;SRG I_Ovary,Tumor/Cyst,Cystectomy (Complicated >5cm);DELUXE;9300000;3260000
8856;SRG I_Ovary,Tumor/Cyst,Cystectomy (Simple <5cm - Laparoscopy);DELUXE;11620000;4070000
8857;SRG I_Ovary,Tumor/Cyst,Cystectomy (Simple <5cm);DELUXE;8300000;2910000
8858;SRG I_Ovary,Tumor/Cyst,Oophorectomy/Salpingo-Oophorectomy (Complicated);DELUXE;11200000;3920000
8859;SRG I_Ovary,Tumor/Cyst,Oophorectomy/Salpingo-Oophorectomy (Simple);DELUXE;8340000;2920000
8860;SRG I_Paravertebral Region,Block,Anaesthetic (>2 levels);DELUXE;17770000;6220000
8861;SRG I_Parotid,,Total Parotidectomy with/without Preservation Of Facial Nerve;DELUXE;18905000;6620000
8862;SRG I_Parotid,Tumor,Superficial Parotidectomy;DELUXE;12240000;4290000
8863;SRG I_Pelvis,Fracture,Fixation Of Anterior And Posterior Ring;DELUXE;21500000;7530000
8864;SRG I_Penis,,Dorsumcision;DELUXE;4860000;1710000
8865;SRG I_Penis,,V. Spermatika Interna Ligation (Microsurgery);DELUXE;10200000;3570000
8866;SRG I_Penis,Buried Penis,Buried Penis Surgery;DELUXE;7100000;2490000
8867;SRG I_Penis,Congenital Organ Abnormality,Webbed Penis Excision;DELUXE;7100000;2490000
8868;SRG I_Penis,Glanular Hypospadias,Meatoplasty And Circumcision;DELUXE;4860000;1710000
8869;SRG I_Penis,Hypospadias,Correction Of Chordee;DELUXE;8350000;2930000
8870;SRG I_Penis,Hypospadias,Urethral Reconstruction;DELUXE;13300000;4660000
8871;SRG I_Penis,Hypospadias,Urethral Reconstruction & Correction Of Chordee;DELUXE;16675000;5840000
8872;SRG I_Penis,Paraphimosis/Phimosis/Reduction Prepuce,Circumcision;DELUXE;4860000;1710000
8873;SRG I_Penis,Penoscrotal Transposition,Reconstruction;DELUXE;16675000;5840000
8874;SRG I_Penis,Priapism,Priapism Operation (Winter Procedure);DELUXE;7100000;2490000
8875;SRG I_Penis,Trauma,Reconstruction (1st Stage);DELUXE;14080000;4930000
8876;SRG I_Penis,Trauma,Reconstruction (2nd Stage);DELUXE;14080000;4930000
8877;SRG I_Penis,Various Lesions,Insertion Of Penile Prosthesis;DELUXE;16680000;5840000
8878;SRG I_Peripheral Nerve,Block,Anaesthetic (Up To 2 Nerves);DELUXE;15450000;5410000
8879;SRG I_Prostate Gland,,Simple Prostatectomy (Laparoscopy);DELUXE;1,568E+16;5490000
8880;SRG I_Prostate Gland,,Simple Prostatectomy (Open);DELUXE;11200000;3920000
8881;SRG I_Prostate Gland,Various Lesions,Biporal Transurethral Resection Of Prostate (Bipolar Turp);DELUXE;14500000;5080000
8882;SRG I_Prostate Gland,Various Lesions,Open Prostatectomy And Sectio Alta;DELUXE;7100000;2490000
8883;SRG I_Prostate Gland,Various Lesions,Radical Prostatectomy (Laparoscopy);DELUXE;25327400;8870000
8884;SRG I_Prostate Gland,Various Lesions,Radical Prostatectomy (Open);DELUXE;18091000;6340000
8885;SRG I_Prostate Gland,Various Lesions,Saturation Prostate Biopsy;DELUXE;4820000;1690000
8886;SRG I_Prostate Gland,Various Lesions,Trans-Rectal Ultrasound (TRUS);DELUXE;2600000;910000
8887;SRG I_Prostate Gland,Various Lesions,Trans-Rectal Ultrasound (TRUS) Guided Biopsy;DELUXE;2600000;910000
8888;SRG I_Prostate Gland,Various Lesions,Transurethral Resection Of Prostate (TURP) >30gm;DELUXE;12400000;4340000
8889;SRG I_Radius And Ulna,Fracture/Dislocation,Open Reduction And Internal Fixation with/without Bone Grafting;DELUXE;14500000;5080000
8890;SRG I_Rectum,,Ultra-Low Anterior Resection (Total Mesorectal Excision) with/without PLND;DELUXE;16730000;5860000
8891;SRG I_Scrotum,Hydrocele/Varicocele (Unilateral),Excision;DELUXE;6460000;2270000
8892;SRG I_Scrotum,Varicocele,Varicocelectomy (Palomo);DELUXE;5400000;1890000
8893;SRG I_Shoulder Fracture/Dislocation,,Open Reduction And Internal Fixation (3 Or More Part Fracture);DELUXE;14500000;5080000
8894;SRG I_Shoulder,,Acromioclavicular Joint Stabilisation/Reconstruction;DELUXE;14500000;5080000
8895;SRG I_Shoulder,,Therapeutic Arthroscopy;DELUXE;20000000;7000000
8896;SRG I_Shoulder,Shoulder Soft Tissue Injury,Decompression Alone (Open/Laparoscopy);DELUXE;18750000;6570000
8897;SRG I_Shoulder,Shoulder Soft Tissue Injury,Decompression with Cuff Repair (Open/Laparoscopy);DELUXE;21000000;7350000
8898;SRG I_Shoulder,Shoulder Soft Tissue Injury,MIS Repair With Superior Labrum From Anterior To Posterior (Slap) Repair/Rotator Cuff Repair;DELUXE;24000000;8400000
8899;SRG I_Shoulder,Shoulder Soft Tissue Injury,Open Bankart Repair With Superior Labrum From Anterior To Posterior (Slap) Repair/Rotator Cuff Repair;DELUXE;18520000;6490000
8900;SRG I_Shoulder,Various Lesions,Hemiarthroplasty;DELUXE;16680000;5840000
8901;SRG I_Sinuses,Nasal,Foreign Body/Other Lesions,Intranasal Operation/Removal Of Foreign Body;DELUXE;5400000;1890000
8902;SRG I_Sinuses,Nasal,Infection,Functional Sinuscopic Drainage Of Ethmoidal/ Maxillary Sinuses;DELUXE;11200000;3920000
8903;SRG I_Sinuses,Nasal,Infection,Functional Sinuscopic Ethmoidectomy (Bilateral);DELUXE;13960000;4890000
8904;SRG I_Sinuses,Nasal,Infection,Functional Sinuscopic Ethmoidectomy (Unilateral);DELUXE;9980000;3500000
8905;SRG I_Skin And Subcutaneous Tissue (Ear/Nose/Eyelid/Face),Complex Lacerations,Repair;DELUXE;7250000;2540000
8906;SRG I_Skin And Subcutaneous Tissue (Face And Neck),Scar (>3cm),Revision;DELUXE;4972000;1750000
8907;SRG I_Skin And Subcutaneous Tissue,Burns,Escharotomy (Extensive);DELUXE;2600000;910000
8908;SRG I_Skin And Subcutaneous Tissue,Burns,Escharotomy (Limited);DELUXE;1300000;460000
8909;SRG I_Skin And Subcutaneous Tissue,Deep (>3cm)/Extensive Contaminated Wound,Debridement;DELUXE;6463000;2270000
8910;SRG I_Skin And Subcutaneous Tissue,Defect,Direct Flap (Cross Finger/Similar Flaps);DELUXE;10550000;3700000
8911;SRG I_Skin And Subcutaneous Tissue,Defect,Single Stage Local Flap (Complicated/Large);DELUXE;13550000;4750000
8912;SRG I_Skin And Subcutaneous Tissue,Hematoma/Carbuncle Cellulitis/Similar Lesion>3cm,Saucerisation/Incision with Drainage;DELUXE;4320000;1520000
8913;SRG I_Skin And Subcutaneous Tissue,Sinus (Shallow<3cm),Excision with/without Biopsy;DELUXE;1500000;530000
8914;SRG I_Skin And Subcutaneous Tissue,Tumor/Cyst/Ulcer/Scar,Excision Biopsy  (> 15mm diameter);DELUXE;2600000;910000
8915;SRG I_Skin And Subcutaneous Tissue,Wound,Debridement (<3cm);DELUXE;1450000;510000
8916;SRG I_Skin,Burns (2% To 5%),Excision;DELUXE;4240000;1490000
8917;SRG I_Skin,Burns (More Than 10%),Dressing;DELUXE;4980000;1750000
8918;SRG I_Skin,Keratoses/Warts/Tags/Similar Lesions,Excision (6 - 10 Lesions);DELUXE;2600000;910000
8919;SRG I_Skin,Keratoses/Warts/Tags/Similar Lesions,Excision (More Than10 Lesions);DELUXE;5400000;1890000
8920;SRG I_Skin,Keratoses/Warts/Tags/Similar Lesions,Excision (Not More Than 5 Lesions);DELUXE;1300000;460000
8921;SRG I_Skin,Plantar Wart,Excision Or Vaporisation By Laser;DELUXE;1300000;460000
8922;SRG I_Skull,Intracranial Hemorrhage,Osteoplastic Craniotomy/Extensive Craniectomy (Unilateral);DELUXE;53310000;18660000
8923;SRG I_Soft Tissue (Lower Limb),Contracture,Major Release;DELUXE;10200000;3570000
8924;SRG I_Soft Tissue (Lower Limb),Contracture,Minor Release;DELUXE;5400000;1890000
8925;SRG I_Soft Tissue (Lower Limb),Small Tumors (Benign),Excision Biopsy Under General Anesthesia;DELUXE;3310000;1160000
8926;SRG I_Soft Tissue (Lower Limb),Tumors (Benign),Wide Excision Biopsy;DELUXE;8150000;2860000
8927;SRG I_Soft Tissue (Upper Limb),Tumors (Benign),Major Excision Biopsy;DELUXE;8150000;2860000
8928;SRG I_Soft Tissue (Upper Limb),Tumors (Malignant),Wide Excision Biopsy;DELUXE;10400000;3640000
8929;SRG I_Soft Tissue,Tumor (Malignant),Wide Excision Biopsy <7cm Other Than Upper/Lower Limbs;DELUXE;6463000;2270000
8930;SRG I_Spermatic Cord,Spermatocele/Epididymal Cyst,Excision;DELUXE;6460000;2270000
8931;SRG I_Spine (exclude Cervical Spine),Various Lesions,Interbody Fusion (Single Segment) with Anterior/Posterior Instrumentation;DELUXE;36000000;12600000
8932;SRG I_Spine,,Facet Joint Block (Injection Of Anaesthetic Or Therapeutic Substance) up to 3 Joints;DELUXE;15450000;5410000
8933;SRG I_Spine,,Removal Of Spine Implants without Other Procedures (Anterior Approach);DELUXE;18520000;6490000
8934;SRG I_Spine,,Vertebroplasty Or Kyphoplasty (Multiple Levels);DELUXE;26700000;9350000
8935;SRG I_Spine,,Vertebroplasty Or Kyphoplasty (Single Level);DELUXE;17800000;6230000
8936;SRG I_Spine,Fracture-Dislocation,Open Reduction And Stabilisation;DELUXE;24720000;8660000
8937;SRG I_Spine,Infection,Posterior Drainage,Debridement And Removal Of Implants,without Fusion Or Other Procedures;DELUXE;18520000;6490000
8938;SRG I_Spine,Percutaneous Disc Ablation,2 Or More Levels (Intradiscal Electrothermal Annuloplasty/IDET);DELUXE;21750000;7620000
8939;SRG I_Spine,Percutaneous Disc Ablation,Single Level (Intradiscal Electrothermal Annuloplasty/IDET);DELUXE;14500000;5080000
8940;SRG I_Spine,Syringomyelia,Laminectomy And Drainage;DELUXE;24720000;8660000
8941;SRG I_Spleen,Trauma,Splenectomy;DELUXE;13700000;4800000
8942;SRG I_Spleen,Various Non-Traumatic Lesions,Splenectomy (Open);DELUXE;11200000;3920000
8943;SRG I_Tendon Sheath (Upper Limb),De Quervain's (Bilateral),Release;DELUXE;12400000;4340000
8944;SRG I_Tendon Sheath (Upper Limb),De Quervain's (Unilateral),Release;DELUXE;9300000;3260000
8945;SRG I_Tendon Sheath (Upper Limb),Ganglion/Villo-Nodular Synovitis,Excision;DELUXE;6020000;2110000
8946;SRG I_Tendon Sheath And Subcutaneous Tissue,Ganglion/Large Bursa,Excision Biopsy (>3cm) ;DELUXE;5400000;1890000
8947;SRG I_Tendon Sheath And Subcutaneous Tissue,Ganglion/Small Bursa,Excision Biopsy (<3cm) ;DELUXE;4920000;1730000
8948;SRG I_Tendon-Achilles (Lower Limb),Disruption,Repair;DELUXE;10000000;3500000
8949;SRG I_Testis,Inguinal,Hydrocele,High Ligation Surgery;DELUXE;7100000;2490000
8950;SRG I_Testis,Undescended/Ectopic (Bilateral),Orchidopexy/Transplantation with Hernia Repair;DELUXE;12495000;4380000
8951;SRG I_Testis,Undescended/Ectopic (Unilateral),Orchidopexy/Transplantation with Hernia Repair;DELUXE;8925000;3130000
8952;SRG I_Testis,Variocoele,Spermatic Vein Embolisation;DELUXE;7560000;2650000
8953;SRG I_Testis,Various Lesions,Exploration/Repair;DELUXE;3570000;1250000
8954;SRG I_Testis,Various Lesions,Orchidectomy (Simple - Laparoscopy);DELUXE;13570000;4750000
8955;SRG I_Testis,Various Lesions,Orchidectomy (Simple);DELUXE;9690000;3400000
8956;SRG I_Thorax,,Decortication (Laparoscopy);DELUXE;21480000;7520000
8957;SRG I_Thorax,Effusion/Fluid/Abscess Collection,Imaging Guided Percutaneous Aspiration/Diagnostic Tap;DELUXE;5730000;2010000
8958;SRG I_Thorax,Pleural Effusion,Aspiration;DELUXE;1890000;670000
8959;SRG I_Thorax,Pleural Effusion,Biopsy;DELUXE;2370000;830000
8960;SRG I_Thorax,Tumor (Mediastinal),Complex Resection;DELUXE;22200000;7770000
8961;SRG I_Thorax,Tumor (Mediastinal),Resection;DELUXE;17630000;6180000
8962;SRG I_Thorax,Various Lesions,Intercostal Drain (Insertion without Resection Of Rib);DELUXE;7190000;2520000
8963;SRG I_Thorax,Various Lesions,Thoracotomy (Exploration) with/without Biopsy;DELUXE;10180000;3570000
8964;SRG I_Thyroglossal Duct,Cyst Fistula,Excision;DELUXE;6060000;2130000
8965;SRG I_Thyroid,Various Lesions,Hemithyroidectomy/Partial Thyroidectomy;DELUXE;13580000;4760000
8966;SRG I_Thyroid,Various Lesions,Total/Subtotal Thyroidectomy;DELUXE;13650000;4780000
8967;SRG I_Thyroid,Various Lesions,Total/Subtotal Thyroidectomy with Neck Dissection (Unilateral);DELUXE;27160000;9510000
8968;SRG I_Tibia,Fracture,Open Reduction And Internal Fixation with Plates And Screws (Comminuted);DELUXE;18850000;6600000
8969;SRG I_Tibia,Fracture,Open Reduction and Internal Fixation with Plates And Screws (Simple);DELUXE;14500000;5080000
8970;SRG I_Tibia,Tibial Plateau,Tibia Plateau Unicondylar ORIF;DELUXE;14500000;5080000
8971;SRG I_Tongue,Tumor,Glossectomy with Radical Neck Dissection;DELUXE;14500000;5080000
8972;SRG I_Tongue,Tumor,Hemi-Glossectomy;DELUXE;7100000;2490000
8973;SRG I_Tongue,Tumor,Total Glossectomy;DELUXE;8000000;2800000
8974;SRG I_Tonsils,Abscess,Drainage;DELUXE;1300000;460000
8975;SRG I_Tonsils,Various Lesions,Removal;DELUXE;6646000;2330000
8976;SRG I_Trachea,Tracheostomy,Revision And Reinsertion;DELUXE;8670000;3040000
8977;SRG I_Trachea,Various Lesions,Trachea Reconstruction;DELUXE;13460000;4720000
8978;SRG I_Trachea,Various Lesions,Tracheostomy;DELUXE;6270000;2200000
8979;SRG I_Upper Limb,Fracture/Dislocation,Manipulation And Reduction;DELUXE;4000000;1400000
8980;SRG I_Ureter,,Anastomosis End To End Ureter;DELUXE;8,165E+15;2860000
8981;SRG I_Ureter,,Cystoscopy And Insertion Of Double J Stent;DELUXE;8,165E+15;2860000
8982;SRG I_Ureter,,Extra Corporeal Shockwave Lithotripsy (ESWL) For Ureteric Stone;DELUXE;10200000;3570000
8983;SRG I_Ureter,,Ureteroscopy;DELUXE;6470000;2270000
8984;SRG I_Ureter,Calculus,Ureteroscopy And Lithotripsy with/without Ultrasound;DELUXE;11730000;4110000
8985;SRG I_Ureter,Calculus,Ureteroscopy And Lithotripsy with/without Ultrasound (Laser);DELUXE;1,6675E+16;5840000
8986;SRG I_Ureter,Various Lesions,Intestinal Conduit;DELUXE;15820000;5540000
8987;SRG I_Ureter,Various Lesions,Reimplantation (Bilateral);DELUXE;1,6675E+16;5840000
8988;SRG I_Ureter,Various Lesions,Reimplantation (Unilateral);DELUXE;11730000;4110000
8989;SRG I_Ureter,Various Lesions,Reimplantation,Laparoscopy (Unilateral);DELUXE;1,6675E+16;5840000
8990;SRG I_Ureter,Various Lesions,Ureterotomy/Insertion Of Double J Stent;DELUXE;8640000;3030000
8991;SRG I_Urethra,,Ureteroscopy;DELUXE;5400000;1890000
8992;SRG I_Urethra,Hypospadias,Meatoplasty;DELUXE;2990000;1050000
8993;SRG I_Urethra,Injury,Repair/Urethroplasty Of Anterior Urethra;DELUXE;8640000;3030000
8994;SRG I_Urethra,Meatal Stenosis,Meatotomy;DELUXE;3100000;1090000
8995;SRG I_Urethra,Various Lesions,Sachse Internal Urethrotomy;DELUXE;11730000;4110000
8996;SRG I_Urethra,Various Lesions,Staged Urethroplasty (Each Stage);DELUXE;11730000;4110000
8997;SRG I_Uterus,,Sub-Total/Total Hysterectomy with/without Salpingo-Oophorectomy;DELUXE;13510000;4730000
8998;SRG I_Uterus,Endometriosis,Hysterectomy with Salpingo-Oophorectomy;DELUXE;14500000;5080000
8999;SRG I_Uterus,Endometriosis,Hysterectomy without Salpingo-Oophorectomy;DELUXE;10200000;3570000
9000;SRG I_Uterus,Fibroids,Myomectomy (Complicated >5cm/Multiple >2/Challenging Location);DELUXE;12800000;4480000
9001;SRG I_Uterus,Fibroids,Myomectomy (Simple <5cm - Laparoscopy);DELUXE;1,477E+16;5170000
9002;SRG I_Uterus,Fibroids,Myomectomy (Simple <5cm - Open);DELUXE;10550000;3700000
9003;SRG I_Uterus,Malignant Condition,Radical Hysterectomy with/without Lymphadenectomy;DELUXE;15890000;5570000
9004;SRG I_Uterus,Malignant Condition,Radical Hysterectomy with/without Lymphadenectomy (Laparoscopy);DELUXE;22246000;7790000
9005;SRG I_Uterus,Malignant Condition,Total Hysterectomy with/without Salpingo-Oophorectomy with/without Lymph Node Dissection (Open);DELUXE;14500000;5080000
9006;SRG I_Uterus,Pregnancy And Multiparity,Uncomplicated Caesarean Section And Tubal Ligation;DELUXE;9532000;3340000
9007;SRG I_Uterus,Pregnancy,Caesarean Section with Hysterectomy;DELUXE;16170000;5660000
9008;SRG I_Uterus,Pregnancy,Uncomplicated Caesarean Section;DELUXE;7935000;2780000
9009;SRG I_Uterus,Various Lesions,Curettage with/without Dilatation;DELUXE;2600000;910000
9010;SRG I_Uterus/Cervix,Hysteroscopy,Diagnostic with General Anesthesia;DELUXE;2920000;1030000
9011;SRG I_Vas Deferens,,Vasovasostomy;DELUXE;11730000;4110000
9012;SRG I_Vas Deferens,Various Lesions,Varicocelectomy (Microsurgical);DELUXE;11730000;4110000
9013;SRG I_Vas Deferens,Various Lesions,Vasectomy;DELUXE;4830000;1700000
9014;SRG I_Vein,Arterio-Venous Fistula,Dissection And Ligation;DELUXE;2840000;1000000
9015;SRG I_Vein,Bleeding Varicosities/Vascular Malformation,Image Guided Sclerotherapy Injection;DELUXE;8570000;3000000
9016;SRG I_Vein,Varicosity,High Ligation And Complete Stripping/Excision Of Long/Long And Short Saphenous Vein;DELUXE;10650000;3730000
9017;SRG I_Vulva,Abscess,Incision;DELUXE;2480000;870000
9018;SRG I_Vulva,Bartholin Cyst,Incision/Marsupialization with/without Use Of Laser;DELUXE;2480000;870000
9019;SRG I_Vulva,Malignant Condition,Radical Vulvectomy With Groin Dissection And With Or Without Skin Flap Closure;DELUXE;22750000;7970000
9020;SRG I_Wrist,Distal Or Radial Ulnar Joint (DRUJ) Instability,Complex Ligament Reconstruction;DELUXE;18520000;6490000
9021;SRG I_Wrist,Distal Radius Fracture,Open Reduction And Internal Fixation (ORIF) with Ulnar Head/Styloid Fixation/Tfcc Repair;DELUXE;14500000;5080000
9022;SRG II_Abdomen/Pelvis,Various Lesions,Insertion Of Peritoneal Dialysis Catheter;DELUXE;3380000;1180000
9023;SRG II_Abdomen/Pelvis,Various Lesions,Removal Of Peritoneal Dialysis Catheter;DELUXE;3380000;1180000
9024;SRG II_Abdominal Cavity,Adhesions,Lysis As Primary Procedure with/without Bowel Resection (Laparoscopy);DELUXE;13260000;4640000
9025;SRG II_Abdominal Cavity,Adhesions,Lysis As Primary Procedure with/without Bowel Resection (Open);DELUXE;9950000;3480000
9026;SRG II_Abdominal Cavity,Multiple Ruptures,Major Repair/Removal;DELUXE;25960000;9090000
9027;SRG II_Abdominal Cavity,Various Lesions,Colostomy/Enterostomy/Gastrostomy (Laparoscopy);DELUXE;18220000;6380000
9028;SRG II_Abdominal Cavity,Various Lesions,Colostomy/Enterostomy/Gastrostomy (Open);DELUXE;13010000;4550000
9029;SRG II_Abdominal Cavity,Various Lesions,Exploratory Laparotomy;DELUXE;9360000;3280000
9030;SRG II_Abdominal Wall,Epigastric/Umbilical Hernia,Repair (Open);DELUXE;8390000;2940000
9031;SRG II_Abdominal Wall,Inguinal Hernia (Infants & Children),Herniotomy (Bilateral);DELUXE;11740000;4110000
9032;SRG II_Abdominal Wall,Inguinal Hernia (Infants & Children),Herniotomy (Unilateral);DELUXE;8390000;2940000
9033;SRG II_Abdominal Wall,Inguinal/Femoral Hernia,Bilateral Herniorrhaphy (Laparoscopy);DELUXE;28130000;9850000
9034;SRG II_Abdominal Wall,Inguinal/Femoral Hernia,Bilateral Herniorrhaphy (Open);DELUXE;20090000;7030000
9035;SRG II_Abdominal Wall,Inguinal/Femoral Hernia,Unilateral Herniorrhaphy (Laparoscopy);DELUXE;20090000;7030000
9036;SRG II_Abdominal Wall,Inguinal/Femoral Hernia,Unilateral Herniorrhaphy (Open);DELUXE;14350000;5020000
9037;SRG II_Abdominal Wall,Strangulated/Obstructed Hernia,Repair with Bowel Resection;DELUXE;21710000;7600000
9038;SRG II_Abdominal Wall,Strangulated/Obstructed Hernia,Repair without Bowel Resection;DELUXE;17550000;6140000
9039;SRG II_Abdominal Wall,Ventral/Incisional/Recurrent Hernia,Repair (Open);DELUXE;19590000;6860000
9040;SRG II_Adenoids,Various Lesions,Removal;DELUXE;7410000;2590000
9041;SRG II_Adrenals,Various Lesions,Biopsy/Excision (Laparoscopy);DELUXE;22300000;7800000
9042;SRG II_Adrenals,Various Lesions,Biopsy/Excision (Open);DELUXE;15910000;5570000
9043;SRG II_Ankle,,Therapeutic Arthroscopy;DELUXE;19630000;6870000
9044;SRG II_Ankle,Ankle Fracture,Bimalleolar ORIF;DELUXE;23400000;8190000
9045;SRG II_Ankle,Ankle Fracture,Unimalleolar ORIF;DELUXE;15600000;5460000
9046;SRG II_Ankle,Dislocation,Open Reduction;DELUXE;12040000;4210000
9047;SRG II_Ankle,Various Lesions,Repair Of Ligaments;DELUXE;12090000;4230000
9048;SRG II_Anus,Fissure,Excision/Lateral Sphincterotomy;DELUXE;6470000;2270000
9049;SRG II_Anus,Fistula-In-Ano (High),Complex And Recurrent Fistulectomy;DELUXE;9590000;3360000
9050;SRG II_Anus,Fistula-In-Ano,Excision/ Fistulectomy;DELUXE;6470000;2270000
9051;SRG II_Anus,Fistula-In-Ano,Insertion Of Seton;DELUXE;10250000;3590000
9052;SRG II_Anus,Hemorrhoids,Hemorrhoidectomy with/without Sigmoidoscopy;DELUXE;7150000;2500000
9053;SRG II_Anus,Hemorrhoids,Laser Haemorrhoidectomy;DELUXE;13430000;4700000
9054;SRG II_Anus,Hemorrhoids,Removal Of External Anal Tags;DELUXE;3220000;1130000
9055;SRG II_Anus,Hemorrhoids,Stapled Haemorrhoidectomy;DELUXE;9590000;3360000
9056;SRG II_Anus,Hemorrhoids,Transanal Haemorrhoidal Dearterialization (THD);DELUXE;6240000;2180000
9057;SRG II_Anus,Perineal Abscess,Saucerisation/Drainage;DELUXE;7010000;2450000
9058;SRG II_Anus,Stricture,Dilatation;DELUXE;1690000;590000
9059;SRG II_Aorta,,Total Arch Replacement;DELUXE;93730000;32810000
9060;SRG II_Aorta,Aneurysm,Juxtarenal Type;DELUXE;24580000;8600000
9061;SRG II_Aorta,Ruptured Aortic Aneurysm (Thoracic Or Abdominal),Endo-Vascular Aortic Repair;DELUXE;39000000;13650000
9062;SRG II_Aorta,Thoraco-Abdominal Aneurysm,Excision And Insertion Of Graft;DELUXE;93730000;32810000
9063;SRG II_Aortic Dissection,,Endovascular Fenestration;DELUXE;7230000;2530000
9064;SRG II_Aortic Dissection,,Endovascular Stent Graft Repair;DELUXE;27760000;9710000
9065;SRG II_Appendix,Various Lesions/Abscess,Appendicectomy with/without Drainage (Laparoscopy);DELUXE;15910000;5570000
9066;SRG II_Appendix,Various Lesions/Abscess,Appendicectomy with/without Drainage (Open);DELUXE;12750000;4460000
9067;SRG II_Arteriovenous Fistula Graft,,Thrombectomy;DELUXE;10760000;3770000
9068;SRG II_Arteriovenous Fistula,,Angiogram;DELUXE;5200000;1820000
9069;SRG II_Arteriovenous Fistula,,Synthetic Graft;DELUXE;22920000;8020000
9070;SRG II_Artery,Intracranial,Thrombosis,Percutaneous Catheter Directed Thrombolysis/Thrombectomy;DELUXE;69300000;24260000
9071;SRG II_Artery,Various Lesions,Arterio-Venuous Fistula Creation;DELUXE;14270000;5000000
9072;SRG II_Bladder,Calculus,Vesicolithotomy/Litholapaxy/Ultrasonic Lithotripsy;DELUXE;15250000;5340000
9073;SRG II_Bladder,Cystoscopy with/without Biopsy;DELUXE;4030000;1410000
9074;SRG II_Bladder,Cystoscopy,Removal Of Foreign Body/Ureteric Stent;DELUXE;4710000;1650000
9075;SRG II_Bladder,Cystoscopy,with Endoscopic Resection/Incision Of Bladder Neck;DELUXE;9690000;3390000
9076;SRG II_Bladder,Retention Of Urine,Suprapubic Cystostomy;DELUXE;7630000;2670000
9077;SRG II_Bladder,Various Lesions,Total Radical Cystectomy,For Malignancy (Laparoscopy);DELUXE;31100000;10880000
9078;SRG II_Bladder,Various Lesions,Total Radical Cystectomy,For Malignancy (Open);DELUXE;22230000;7780000
9079;SRG II_Bladder,Vesico-Rectal Fistula,Correction;DELUXE;13260000;4640000
9080;SRG II_Bladder,Vesico-Vaginal Fistula,Correction;DELUXE;22960000;8040000
9081;SRG II_Bladder/Ureter,Cystoscopy,with Ureteric Catheterisation;DELUXE;5730000;2010000
9082;SRG II_Bladder/Urethra,,Transurethral Resection Of Bladder Tumour (<3cm);DELUXE;12920000;4520000
9083;SRG II_Bladder/Urethra,,Transurethral Resection Of Bladder Tumour (>3cm);DELUXE;18540000;6490000
9084;SRG II_Bladder/Urethra,Cystoscopy,with Urethral Dilatation;DELUXE;5730000;2010000
9085;SRG II_Blood Vessels,Subcutaneous Implanted Vascular Port,Insertion;DELUXE;7120000;2490000
9086;SRG II_Blood Vessels,Subcutaneous Implanted Vascular Port,Removal;DELUXE;3840000;1340000
9087;SRG II_Bone (Lower Limb),,Grade 1 And 2 Open Fractures/Open Dislocation Or Open Fracture-Dislocation Wound Debridement;DELUXE;6500000;2280000
9088;SRG II_Bone (Lower Limb),Deformities,Corrective Surgery with Internal Fixation with/without Fluoroscopy;DELUXE;21450000;7510000
9089;SRG II_Bone (Lower Limb),Deformities,Corrective Surgery with Osteotomy Alone;DELUXE;18850000;6600000
9090;SRG II_Bone (Lower Limb),Fracture/Dislocation,Manipulation And Kirschner Wire Fixation;DELUXE;12350000;4320000
9091;SRG II_Bone (Upper Limb),Grade 1 And 2 Open Fractures/Open Dislocation Or Open Fracture-Dislocation,Wound Debridement;DELUXE;6500000;2280000
9092;SRG II_Bone And Joints (Lower Limb),,Removal Of Simple Implants (Rush Rods/Wires/K-Wires/Pins/Screws);DELUXE;8320000;2910000
9093;SRG II_Bone And Joints (Lower Limb),Plates And Screws/Nails,Removal;DELUXE;14480000;5070000
9094;SRG II_Bone And Joints (Upper Limb),,Removal Of Simple Implants (Rush Rods/Wires/K-Wires/Pins/Screws);DELUXE;8320000;2910000
9095;SRG II_Bone And Joints (Upper Limb),Plates And Screws,Removal;DELUXE;14480000;5070000
9096;SRG II_Brain,,Deep Brain Stimulation (Unilateral);DELUXE;69300000;24260000
9097;SRG II_Brain,Aneurysm/Arterio-Venous Malformation,Clipping/Excision (Complex);DELUXE;69300000;24260000
9098;SRG II_Brain,Hydrocephalus And Other Lesions,Ventriculoatrial/Ventriculoperitoneal Shunt;DELUXE;69300000;24260000
9099;SRG II_Brain,Hydrocephalus,External Ventricular Drainage (Unilateral);DELUXE;69300000;24260000
9100;SRG II_Brain,Intracerebral Tumor,Biopsy And/Or Decompression/Removal Via Craniotomy (Complex);DELUXE;69300000;24260000
9101;SRG II_Brain,Intracerebral Tumor,Biopsy And/Or Decompression/Removal Via Craniotomy (Simple);DELUXE;69300000;24260000
9102;SRG II_Brain,Intracranial Abscess,Craniectomy And Drainage;DELUXE;69300000;24260000
9103;SRG II_Brain,Intracranial Extracerebral Tumor,Craniotomy/Hemispherectomy;DELUXE;69300000;24260000
9104;SRG II_Breast (Nipple),Various Lesions,Graft And/Or Flap Reconstruction (Bilateral);DELUXE;16990000;5950000
9105;SRG II_Breast (Nipple),Various Lesions,Graft And/Or Flap Reconstruction (Unilateral);DELUXE;12170000;4260000
9106;SRG II_Breast,Gynecomastia,Reduction (Unilateral);DELUXE;8030000;2810000
9107;SRG II_Breast,Lump (Single),Excision Biopsy;DELUXE;6570000;2300000
9108;SRG II_Breast,Lumps (Multiple/Bilateral),Excision Biopsy;DELUXE;9830000;3440000
9109;SRG II_Breast,Post Mastectomy,Reconstruction Using Free Flap (Unilateral);DELUXE;61590000;21560000
9110;SRG II_Breast,Post Mastectomy,Reconstruction Using Pedicled Transverse Rectus Abdominis Musculocutaneous Flap (Bilateral);DELUXE;43190000;15120000
9111;SRG II_Breast,Post Mastectomy,Reconstruction Using Pedicled Transverse Rectus Abdominis Musculocutaneous Flap (Unilateral);DELUXE;36020000;12610000
9112;SRG II_Breast,Tumor (Malignant),Radical Mastectomy with/without Axiliary Clearance;DELUXE;20940000;7330000
9113;SRG II_Breast,Tumor (Malignant),Simple Mastectomy;DELUXE;12610000;4410000
9114;SRG II_Breast,Tumor (Malignant),Simple Mastectomy with Sentinel Node Biopsy/ Axiliary Node Sampling;DELUXE;16900000;5920000
9115;SRG II_Breast,Tumor (Malignant),Wide Excision/ Lumpectomy/Segmental Mastectomy/ Partial Mastectomy;DELUXE;20670000;7230000
9116;SRG II_Breast,Tumor (Malignant),Wide Excision/ Lumpectomy/Segmental Mastectomy/ Partial Mastectomy with Axiliary Clearance with/without Sentinel Node Biopsy;DELUXE;20670000;7230000
9117;SRG II_Breast,Tumor (Malignant),Wide Excision/ Lumpectomy/Segmental Mastectomy/ Partial Mastectomy with Sentinel Node Biopsy/ Axiliary Node Sampling;DELUXE;20670000;7230000
9118;SRG II_Breast,Various Lesions,Subcutaneous Mastectomy Bilateral excluding Gynaecomastia;DELUXE;24080000;8430000
9119;SRG II_Breast,Various Lesions,Subcutaneous Mastectomy Unilateral excluding Gynaecomastia;DELUXE;12040000;4210000
9120;SRG II_Breast,Various Lesions,Trucut Biopsy,Ultrasound Guided Or Stereotactic (Single);DELUXE;2030000;710000
9121;SRG II_Breast,Various Lesions,Wire Localisation,Excision (Multiple);DELUXE;10650000;3730000
9122;SRG II_Bronchus/Lung,,Bronchoscopy with/without Biopsy;DELUXE;8460000;2960000
9123;SRG II_Carpus,Fracture/Dislocation,Open Reduction And Internal Fixation;DELUXE;18850000;6600000
9124;SRG II_Cervical Spine,Various Lesions,Anterior Decompression And Fusion Or Disc Replacement (1 Segment);DELUXE;32500000;11380000
9125;SRG II_Cervical Spine,Various Lesions,Anterior Decompression And Fusion Or Disc Replacement (2 Segments);DELUXE;45500000;15930000
9126;SRG II_Cervical Spine,Various Lesions,Anterior Decompression And Fusion Or Disc Replacement (3 Or More Segments);DELUXE;63700000;22300000
9127;SRG II_Cervical Spine,Various Lesions,Laminoplasty (without Instrumentation);DELUXE;45500000;15930000
9128;SRG II_Cervix,Cancer,Radical Trachelectomy with/without Lymphadenectomy;DELUXE;15910000;5570000
9129;SRG II_Cervix,Cervical Intraepithelial Neoplasia,Cone Biopsy with/without Laser;DELUXE;7020000;2460000
9130;SRG II_Cervix,Polyp,Excision/Erosion (Complicated) Includes D&C with Biopsy;DELUXE;7670000;2680000
9131;SRG II_Cervix,Polyp,Excision/Erosion (Simple) with Biopsy;DELUXE;2170000;760000
9132;SRG II_Cervix,Transcervical Resection (TCR) Polyp (<2cm),Hysteroscopic;DELUXE;6370000;2230000
9133;SRG II_Cervix,Transcervical Resection (TCR) Polyp (>2cm),Hysteroscopic;DELUXE;8420000;2950000
9134;SRG II_Cervix,Transcervical Resection (TCR) Septum,Hysteroscopic;DELUXE;8390000;2930000
9135;SRG II_Cervix,Various Lesions,Colposcopy Ablational/Excisional Treatment (Laser Vapourisation/Loop Electrosurgical Excision Procedure/Laser Excision Of Transformation Zone with Biopsy);DELUXE;7020000;2460000
9136;SRG II_Clavicle,Clavicle Fracture,Delayed Union/Revision And ORIF with/without Bone Grafting;DELUXE;18850000;6600000
9137;SRG II_Clavicle,Clavicle Fracture,Simple;DELUXE;18850000;6600000
9138;SRG II_Colon,,Anterior Resection (Laparoscopy);DELUXE;24180000;8460000
9139;SRG II_Colon,,Anterior Resection (Open);DELUXE;21750000;7610000
9140;SRG II_Colon,Various Lesions,Colostomy;DELUXE;14850000;5200000
9141;SRG II_Colon,Various Lesions,Right/Left Hemicolectomy (Laparoscopy);DELUXE;23390000;8190000
9142;SRG II_Colon,Various Lesions,Right/Left Hemicolectomy (Open);DELUXE;16710000;5850000
9143;SRG II_Conjunctiva,Pterygium,Excision (Bare Sclera);DELUXE;7230000;2530000
9144;SRG II_Creation Of Ileal Neobladder;DELUXE;22230000;7780000
9145;SRG II_Diaphragm,Tumor,Excision;DELUXE;13260000;4640000
9146;SRG II_Diaphragm,Tumor,Excision with Wedge Resection Of Lung;DELUXE;15220000;5330000
9147;SRG II_Digit(s),Nailbed Laceration,Nailbed Grafting;DELUXE;10400000;3640000
9148;SRG II_Ear (Middle),,Cochlear Implant;DELUXE;15910000;5570000
9149;SRG II_Ear (Middle),Abscess/Inflammation,Operation;DELUXE;3080000;1080000
9150;SRG II_Ear,Foreign Body,Complex Removal/Excision (Embedded/Large);DELUXE;5430000;1900000
9151;SRG II_Ear,Laceration (Full Thickness),Repair (> 3cm);DELUXE;8420000;2950000
9152;SRG II_Ear,Tympanic Membrane,Perforation,Cauterisation/Diathermy;DELUXE;2030000;710000
9153;SRG II_Ear,Tympanic Membrane,Perforation,Round Window Repair;DELUXE;16770000;5870000
9154;SRG II_Ear,Tympanic Membrane,Unilateral Myringotomy with Tube;DELUXE;6500000;2280000
9155;SRG II_Ear,Tympanic Membrane,Unilateral Myringotomy without Tube;DELUXE;4680000;1640000
9156;SRG II_Ear,Various Lesions,Myringoplasty (Simple);DELUXE;7380000;2580000
9157;SRG II_Ear,Various Lesions,Ossicular Chain Reconstruction with/without Myringoplasty;DELUXE;10620000;3720000
9158;SRG II_Elbow,,Therapeutic Arthroscopy;DELUXE;19630000;6870000
9159;SRG II_Elbow,Coronoid Fracture,ORIF;DELUXE;18850000;6600000
9160;SRG II_Elbow,Dislocation,Ligament Repair (Complex,with/without Implant);DELUXE;17160000;6010000
9161;SRG II_Elbow,Dislocation,Ligament Repair (Single);DELUXE;12090000;4230000
9162;SRG II_Elbow,Fracture/ Dislocation,Repair Of Ligaments/ ORIF;DELUXE;18850000;6600000
9163;SRG II_Elbow,Fracture/Dislocation,Open Reduction And Internal Fixation (ORIF);DELUXE;18850000;6600000
9164;SRG II_Elbow,Tennis Elbow,Release;DELUXE;5850000;2050000
9165;SRG II_Eyelids,Simple Laceration,Repair;DELUXE;3250000;1140000
9166;SRG II_Eyelids,Various Lesions,Upper Blepharoplasty (Unilateral);DELUXE;19600000;6860000
9167;SRG II_Fallopian Tube,,Removal Of Ectopic Gestation;DELUXE;10300000;3600000
9168;SRG II_Fallopian Tube,,Sterilization (Laparoscopy);DELUXE;8460000;2960000
9169;SRG II_Fallopian Tube,Completed Family,Division/Ligation;DELUXE;6370000;2230000
9170;SRG II_Fallopian Tube/Uterus/Ovary,,Therapeutic Laparoscopy;DELUXE;16640000;5820000
9171;SRG II_Femur,Fracture (Complex Intra-Articular),Open Reduction And Internal Fixation (ORIF) with Plate And Screws;DELUXE;24510000;8580000
9172;SRG II_Femur,Fracture (Intercondylar),Open Reduction And Internal Fixation (ORIF);DELUXE;21710000;7600000
9173;SRG II_Femur,Fracture (Single Condylar),Open Reduction And Internal Fixation (ORIF);DELUXE;18850000;6600000
9174;SRG II_Femur,Fracture,Open Reduction And Internal Fixation (ORIF) with Plate And Screws;DELUXE;19500000;6830000
9175;SRG II_Finger,Defect/Contracture (Multiple),Reconstruction;DELUXE;16250000;5690000
9176;SRG II_Finger,Defect/Contracture (Single),Reconstruction;DELUXE;10730000;3750000
9177;SRG II_Finger,Syndactyly (Multiple),Separation;DELUXE;23400000;8190000
9178;SRG II_Finger,Syndactyly (Single),Correction;DELUXE;13000000;4550000
9179;SRG II_Finger,Various Lesions,Amputation (Multiple);DELUXE;9100000;3190000
9180;SRG II_Finger,Various Lesions,Amputation (Single);DELUXE;6500000;2280000
9181;SRG II_Foot,,Achilles Tendon Reconstruction;DELUXE;18460000;6460000
9182;SRG II_Foot,Congenital Talipes Equinovarus (CTEV),Bilateral Release;DELUXE;22100000;7740000
9183;SRG II_Foot,Congenital Talipes Equinovarus (CTEV),Medial Release;DELUXE;10620000;3720000
9184;SRG II_Foot,Crush Injuries (Complex),Wound Debridement;DELUXE;8390000;2940000
9185;SRG II_Foot,Crush Injuries (Simple),Wound Debridement;DELUXE;5200000;1820000
9186;SRG II_Foot,Fractures,Open Reduction And Internal Fixation (Complex/Multiple Including Talus And Calcaneum);DELUXE;19500000;6830000
9187;SRG II_Foot,Hallux Valgus/Hammer Toe,Proximal Osteotomy with/without Soft Tissue Reconstruction;DELUXE;18850000;6600000
9188;SRG II_Gallbladder,Various Lesions,Cholecystectomy (Laparoscopy);DELUXE;21680000;7590000
9189;SRG II_Gallbladder,Various Lesions,Cholecystectomy (Open);DELUXE;15600000;5460000
9190;SRG II_Gallbladder,Various Lesions,Cholecystectomy And Repair Of Cholecysto-Enteric/ Cholecysto-Choledochal Fistula (Laparoscopy);DELUXE;29120000;10190000
9191;SRG II_Gallbladder,Various Lesions,Cholecystectomy And Repair Of Cholecysto-Enteric/ Cholecysto-Choledochal Fistula (Open);DELUXE;20800000;7280000
9192;SRG II_Gallbladder,Various Lesions,Cholecystectomy/Choledochotomy/Common Bile Duct Exploration with Choledocho-Duodenostomy (Laparoscopy);DELUXE;26390000;9240000
9193;SRG II_Gallbladder,Various Lesions,Cholecystectomy/Choledochotomy/Common Bile Duct Exploration with Choledocho-Duodenostomy (Open);DELUXE;18850000;6600000
9194;SRG II_Genital Tract,Cancer,Staging Under General Anesthesia (Includes Cystoscopy/Dilatation & Curettage/Biopsy);DELUXE;4060000;1420000
9195;SRG II_Genital,Fournier Gangrene,Debridement;DELUXE;9230000;3230000
9196;SRG II_Hand,Closed Fracture,ORIF (Multiple) Non-Joint;DELUXE;28280000;9900000
9197;SRG II_Hand,Closed Fracture,ORIF with K-Wire/Cerclage Wire Fixation;DELUXE;12350000;4320000
9198;SRG II_Hand,Closed Fracture,ORIF/Plate And Screws (Single) Joint/Non-Joint;DELUXE;18850000;6600000
9199;SRG II_Hand,Crush Injuries (Complex),Wound Debridement;DELUXE;9230000;3230000
9200;SRG II_Hand,Crush Injuries (Simple),Wound Debridement;DELUXE;5200000;1820000
9201;SRG II_Hand,Flexor Tendon,Trigger Finger (Multiple) Release;DELUXE;11700000;4100000
9202;SRG II_Hand,Flexor Tendon,Trigger Finger (Single) Release;DELUXE;5850000;2050000
9203;SRG II_Hand,Fractures/Dislocation,Open Reduction And Internal Fixation (Multiple);DELUXE;28280000;9900000
9204;SRG II_Hand,Open Fracture,Debridement And ORIF (Single) Joint;DELUXE;18850000;6600000
9205;SRG II_Hip,Various Lesions,Hemi-Arthroplasty;DELUXE;23530000;8240000
9206;SRG II_Hip,Various Lesions,Primary Total Joint Replacement (Lap/MIS/Navigated);DELUXE;32940000;11530000
9207;SRG II_Hip,Various Lesions,Primary Total Joint Replacement (Open);DELUXE;31200000;10920000
9208;SRG II_Hip,Various Lesions,Primary Total Joint Replacement with Augmentation Requiring Extra Implants Or Bone Grafts (Open);DELUXE;40560000;14200000
9209;SRG II_Hip,Various Lesions,Revision Hemi-Arthroplasty;DELUXE;30590000;10710000
9210;SRG II_Hip,Various Lesions,Revision Total Joint Replacement (MIS/Laparoscopy);DELUXE;56780000;19870000
9211;SRG II_Hip,Various Lesions,Revision Total Joint Replacement (Open);DELUXE;40560000;14200000
9212;SRG II_Hip/Knee,Therapeutic Arthroscopy,with/without Synovectomy/Labral Repair/FAI Resection For Hip;DELUXE;19630000;6870000
9213;SRG II_Humerus,Proximal Humerus Or Supracondylar Fracture,ORIF;DELUXE;18850000;6600000
9214;SRG II_Joints (Finger),Various Lesions,Replacement Arthroplasty;DELUXE;24080000;8430000
9215;SRG II_Joints (Lower Limb),Loose Bodies,Removal;DELUXE;12230000;4280000
9216;SRG II_Joints (Upper Limb),Vascular Injury,Major Vascular Reconstruction/Anastomosis/Graft;DELUXE;24080000;8430000
9217;SRG II_Joints,Arthroscopy,Diagnostic;DELUXE;10340000;3620000
9218;SRG II_Kidney,,Renovascular Reconstruction;DELUXE;21680000;7590000
9219;SRG II_Kidney,Blocked Nephrostomy Tube,Change;DELUXE;3380000;1180000
9220;SRG II_Kidney,Calculus,Extra Corporeal Shockwave Lithotripsy (ESWL);DELUXE;13260000;4640000
9221;SRG II_Kidney,Calculus,Nephrolithotomy/Pyelolithotomy;DELUXE;14530000;5090000
9222;SRG II_Kidney,Calculus,Percutaneous Nephrolithotomy Or Percutaneous Nephrostolithotomy (PCNL);DELUXE;24580000;8600000
9223;SRG II_Kidney,Cyst,Imaging Guided Percutaneous Aspiration;DELUXE;15250000;5340000
9224;SRG II_Kidney,Cyst,Sclerosing And Percutaneous Drainage;DELUXE;13260000;4640000
9225;SRG II_Kidney,Cyst,Unroofing/Deroofing;DELUXE;9230000;3230000
9226;SRG II_Kidney,Cyst,Unroofing/Deroofing (Laparoscopy);DELUXE;13260000;4640000
9227;SRG II_Kidney,Pyonephrosis,Drainage (Open);DELUXE;11530000;4040000
9228;SRG II_Kidney,Staghorn Calculus,Nephrolithotomy Or Percutaneous Nephrostolithotomy (PCNL);DELUXE;22960000;8040000
9229;SRG II_Kidney,Staghorn Calculus,Percutaneous Nephrostolithotomy (PCNL) Laser;DELUXE;31100000;10880000
9230;SRG II_Kidney,Various Lesion,Robotic Renal Biopsy;DELUXE;15250000;5340000
9231;SRG II_Kidney,Various Lesions,Biopsy (Closed);DELUXE;7020000;2460000
9232;SRG II_Kidney,Various Lesions,Partial Nephrectomy (Laparoscopy);DELUXE;36780000;12870000
9233;SRG II_Kidney,Various Lesions,Radical Nephrectomy (Laparoscopy);DELUXE;31100000;10880000
9234;SRG II_Kidney,Various Lesions,Simple Nephrectomy (Laparoscopy);DELUXE;21680000;7590000
9235;SRG II_Kidney/Ureter,,Pyeloplasty (Unilateral - Open/Laparoscopy);DELUXE;15250000;5340000
9236;SRG II_Kidney/Ureter,,Retrograde Intrarenal Surgery Or RIRS Using Flexible Ureteroscopy (Diagnostic);DELUXE;10610000;3720000
9237;SRG II_Kidney/Ureter,,Retrograde Intrarenal Surgery Or RIRS Using Flexible Ureteroscopy (Therapeutic - e.g. Lithotripsy And/Or Basket Extraction Of Stones);DELUXE;21680000;7590000
9238;SRG II_Knee Ligaments,Disruption,Reconstruction And Repair;DELUXE;24700000;8650000
9239;SRG II_Knee,Arthroscopy,Knee Ligament Reconstruction (1 Or More);DELUXE;20800000;7280000
9240;SRG II_Knee,Ligaments/Meniscus/Cartilage/Bone Combined,ACL Or PCL Reconstruction (MIS/Laparoscopy);DELUXE;31200000;10920000
9241;SRG II_Knee,Ligaments/Meniscus/Cartilage/Bone Combined,Ligament Reconstruction with Meniscal Repair (Laparoscopy);DELUXE;31200000;10920000
9242;SRG II_Knee,Meniscus/Cartilage,Meniscal Repair (Laparoscopy);DELUXE;24380000;8530000
9243;SRG II_Knee,Various Lesions,Meniscectomy with/without Arthroscopy;DELUXE;19630000;6870000
9244;SRG II_Knee,Various Lesions,Primary Total Joint Replacement (Unilateral - Open);DELUXE;26000000;9100000
9245;SRG II_Knee,Various Lesions,Primary Total Joint Replacement (Unilateral) (Lap/MIS/Navigated);DELUXE;36400000;12740000
9246;SRG II_Knee,Various Lesions,Primary Total Joint Replacement (Unilateral) with Augmentation Requiring Extra Implants Or Bone Grafts (Open);DELUXE;33800000;11830000
9247;SRG II_Knee,Various Lesions,Revision Total Joint Replacement (MIS/Laparoscopy);DELUXE;47320000;16560000
9248;SRG II_Knee,Various Lesions,Revision Total Joint Replacement (Open);DELUXE;33800000;11830000
9249;SRG II_Laparotomy Debulking (Advanced Disease,Primary/Recurrent);DELUXE;18850000;6600000
9250;SRG II_Laryngoscopy with Removal Of Tumour/Lesions,,Laryngoscopy with Removal Of Tumour/Lesions;DELUXE;14560000;5100000
9251;SRG II_Larynx And Pharynx,Various Lesions,Laser Application;DELUXE;11610000;4060000
9252;SRG II_Larynx,,Laryngectomy with Bilateral Neck Dissection;DELUXE;22980000;8040000
9253;SRG II_Larynx,Various Lesions,Hemi/Partial Laryngectomy;DELUXE;22980000;8040000
9254;SRG II_Larynx,Various Lesions,Hemi/Partial Laryngectomy with Radical Neck Dissection;DELUXE;26000000;9100000
9255;SRG II_Lens,,Complicated Cataract Extraction with Intraocular Lens Implant (Capsular Tension Ring/Capsular Tension Segment);DELUXE;9850000;3450000
9256;SRG II_Lens,Cataract,Extraction with Intra-Ocular Lens Implant (Unilateral);DELUXE;11780000;4120000
9257;SRG II_Lens,Cataract,Extraction with Intra-Ocular Lens Implant And Trabeculectomy with/without Antimetabolites;DELUXE;11780000;4120000
9258;SRG II_Liver,Abscess,Trans-Abdominal Drainage (Laparoscopy);DELUXE;12920000;4520000
9259;SRG II_Liver,Abscess,Trans-Abdominal Drainage (Open);DELUXE;9230000;3230000
9260;SRG II_Lower Limb,Ischemia,Fasciotomy;DELUXE;12090000;4230000
9261;SRG II_Lung,Various Lesions,Pneumonectomy/Lobectomy/Segmental Resection;DELUXE;27040000;9460000
9262;SRG II_Lung,Various Lesions,Repeat/Multiple/Complex Resections;DELUXE;22920000;8020000
9263;SRG II_Lung,Various Lesions,Wedge Resection;DELUXE;19450000;6810000
9264;SRG II_Lymph Node (Axillary),Various Lesions,Sentinel LN Biopsy Only;DELUXE;8420000;2950000
9265;SRG II_Lymph Node (Cervical),,Radical with Flap Reconstruction;DELUXE;33150000;11600000
9266;SRG II_Lymph Node (Cervical),Various Lesions,Biopsy;DELUXE;4200000;1470000
9267;SRG II_Lymph Node (Cervical),Various Lesions,Neck Dissection (Bilateral 3 Or Less Levels);DELUXE;16860000;5900000
9268;SRG II_Lymph Node (Cervical),Various Lesions,Neck Dissection (Unilateral 1-3 Levels);DELUXE;13310000;4660000
9269;SRG II_Lymph Node (Cervical),Various Lesions,Radical Neck Dissection;DELUXE;23400000;8190000
9270;SRG II_Lymph Node (Cervical),Various Lessions,Biopsy;DELUXE;6550000;2290000
9271;SRG II_Lymph Node (Inguinal),Various Lesions,Limited Excision;DELUXE;8420000;2950000
9272;SRG II_Lymph Node (Inguinal),Various Lesions,Radical Excision;DELUXE;11080000;3880000
9273;SRG II_Lymph Node (Pelvic) Dissection,,Dissection (Open);DELUXE;16160000;5660000
9274;SRG II_Lymph Node (Pelvic),,Dissection (Laparoscopy);DELUXE;22620000;7920000
9275;SRG II_Lymph Node (Retropharyngeal),,Neck Dissection (Open/Transoral);DELUXE;18020000;6310000
9276;SRG II_Lymph Node (Single),Various Lesions,Excision Biopsy (Laparoscopy);DELUXE;9050000;3170000
9277;SRG II_Lymph Node (Single),Various Lesions,Excision Biopsy (Open);DELUXE;6460000;2260000
9278;SRG II_Lymph Node,Various Lesions,Biopsy;DELUXE;6280000;2200000
9279;SRG II_Maxilla,Alveolar Cleft (Unilateral Complete),Bone Graft And Closure Of Naso Buccal Fistula;DELUXE;15600000;5460000
9280;SRG II_Maxilla,Fracture - Lefort II (Complex),Open Reduction And Fixation;DELUXE;18200000;6370000
9281;SRG II_Maxilla,Various Lesions,Ostectomy/Osteotomy (>1 Segment);DELUXE;18200000;6370000
9282;SRG II_Maxilla,Various Lesions,Resection/Hemimaxillectomy (Open Or Endoscopic Method);DELUXE;15600000;5460000
9283;SRG II_Mouth,Cleft Lip,Unilateral Primary Repair;DELUXE;9230000;3230000
9284;SRG II_Mouth,Tumor,Radical Excision Biopsy with Resection Of Mandible And Lymph Nodes And Reconstruction;DELUXE;27040000;9460000
9285;SRG II_Mucous Membrane,Tumor/Cyst/Ulcer/Scar,Excision;DELUXE;4030000;1410000
9286;SRG II_Nerve (Upper Limb),Carpal Tunnel Syndrome,Release with Endoneurolysis (Bilateral);DELUXE;31940000;11180000
9287;SRG II_Nerve (Upper Limb),Carpal Tunnel Syndrome,Release with Endoneurolysis (Unilateral);DELUXE;21830000;7640000
9288;SRG II_Nerve (Upper Limb),Entrapment Syndrome (Others),Decompression (Unilateral);DELUXE;20090000;7030000
9289;SRG II_Nerve (Upper Limb),Guyon's Tunnel Syndrome,Release (Unilateral);DELUXE;20090000;7030000
9290;SRG II_Nerve Root (Cervical),,Block (Injection Of Anaesthetic - Therapeutic Substance) (>1 level);DELUXE;23100000;8090000
9291;SRG II_Nerve Root (Lumbar/Thoracic),,Block (Injection Of Anaesthetic - Therapeutic Substance) (1 level);DELUXE;23100000;8090000
9292;SRG II_Nose,Hematoma/Abscess,Evacuation/Incision & Drainage;DELUXE;4680000;1640000
9293;SRG II_Nose,Various Lesions (Turbinates),Turbinectomy/Turbinoplasty/Submucous Resection (with/without Endoscopes);DELUXE;10450000;3660000
9294;SRG II_Nose,Various Lesions,Septoplasty/Submucous Resection;DELUXE;13000000;4550000
9295;SRG II_Ovary,Malignant Tumor/Cyst,Total Hysterectomy Bilateral Salpingo-Oophorectomy with Omentectomy,Surgical Staging with/without Lymphadenectomy (Laparoscopy);DELUXE;28210000;9870000
9296;SRG II_Ovary,Malignant Tumor/Cyst,Total Hysterectomy Bilateral Salpingo-Oophorectomy with Omentectomy,Surgical Staging with/without Lymphadenectomy (Open);DELUXE;20150000;7050000
9297;SRG II_Ovary,Tumor/Cyst,Cystectomy (Complicated >5cm - Laparoscopy);DELUXE;16930000;5920000
9298;SRG II_Ovary,Tumor/Cyst,Cystectomy (Complicated >5cm);DELUXE;12090000;4230000
9299;SRG II_Ovary,Tumor/Cyst,Cystectomy (Simple <5cm - Laparoscopy);DELUXE;15110000;5290000
9300;SRG II_Ovary,Tumor/Cyst,Cystectomy (Simple <5cm);DELUXE;10790000;3780000
9301;SRG II_Ovary,Tumor/Cyst,Oophorectomy/Salpingo-Oophorectomy (Complicated);DELUXE;14560000;5100000
9302;SRG II_Ovary,Tumor/Cyst,Oophorectomy/Salpingo-Oophorectomy (Simple);DELUXE;10840000;3790000
9303;SRG II_Paravertebral Region,Block,Anaesthetic (>2 levels);DELUXE;23100000;8090000
9304;SRG II_Parotid,,Total Parotidectomy with/without Preservation Of Facial Nerve;DELUXE;24580000;8600000
9305;SRG II_Parotid,Tumor,Superficial Parotidectomy;DELUXE;15910000;5570000
9306;SRG II_Pelvis,Fracture,Fixation Of Anterior And Posterior Ring;DELUXE;27950000;9780000
9307;SRG II_Penis,,Dorsumcision;DELUXE;6320000;2210000
9308;SRG II_Penis,,V. Spermatika Interna Ligation (Microsurgery);DELUXE;13260000;4640000
9309;SRG II_Penis,Buried Penis,Buried Penis Surgery;DELUXE;9230000;3230000
9310;SRG II_Penis,Congenital Organ Abnormality,Webbed Penis Excision;DELUXE;9230000;3230000
9311;SRG II_Penis,Glanular Hypospadias,Meatoplasty And Circumcision;DELUXE;6320000;2210000
9312;SRG II_Penis,Hypospadias,Correction Of Chordee;DELUXE;10860000;3800000
9313;SRG II_Penis,Hypospadias,Urethral Reconstruction;DELUXE;17290000;6050000
9314;SRG II_Penis,Hypospadias,Urethral Reconstruction & Correction Of Chordee;DELUXE;21680000;7590000
9315;SRG II_Penis,Paraphimosis/Phimosis/Reduction Prepuce,Circumcision;DELUXE;6320000;2210000
9316;SRG II_Penis,Penoscrotal Transposition,Reconstruction;DELUXE;21680000;7590000
9317;SRG II_Penis,Priapism,Priapism Operation (Winter Procedure);DELUXE;9230000;3230000
9318;SRG II_Penis,Trauma,Reconstruction (1st Stage);DELUXE;18300000;6410000
9319;SRG II_Penis,Trauma,Reconstruction (2nd Stage);DELUXE;18300000;6410000
9320;SRG II_Penis,Various Lesions,Insertion Of Penile Prosthesis;DELUXE;21680000;7590000
9321;SRG II_Peripheral Nerve,Block,Anaesthetic (Up To 2 Nerves);DELUXE;20090000;7030000
9322;SRG II_Prostate Gland,,Simple Prostatectomy (Laparoscopy);DELUXE;20380000;7130000
9323;SRG II_Prostate Gland,,Simple Prostatectomy (Open);DELUXE;14560000;5100000
9324;SRG II_Prostate Gland,Various Lesions,Biporal Transurethral Resection Of Prostate (Bipolar Turp);DELUXE;18850000;6600000
9325;SRG II_Prostate Gland,Various Lesions,Open Prostatectomy And Sectio Alta;DELUXE;9230000;3230000
9326;SRG II_Prostate Gland,Various Lesions,Radical Prostatectomy (Laparoscopy);DELUXE;32930000;11520000
9327;SRG II_Prostate Gland,Various Lesions,Radical Prostatectomy (Open);DELUXE;23520000;8230000
9328;SRG II_Prostate Gland,Various Lesions,Saturation Prostate Biopsy;DELUXE;6270000;2190000
9329;SRG II_Prostate Gland,Various Lesions,Trans-Rectal Ultrasound (TRUS);DELUXE;3380000;1180000
9330;SRG II_Prostate Gland,Various Lesions,Trans-Rectal Ultrasound (TRUS) Guided Biopsy;DELUXE;3380000;1180000
9331;SRG II_Prostate Gland,Various Lesions,Transurethral Resection Of Prostate (TURP) >30gm;DELUXE;16120000;5640000
9332;SRG II_Radius And Ulna,Fracture/Dislocation,Open Reduction And Internal Fixation with/without Bone Grafting;DELUXE;18850000;6600000
9333;SRG II_Rectum,,Ultra-Low Anterior Resection (Total Mesorectal Excision) with/without PLND;DELUXE;21750000;7610000
9334;SRG II_Scrotum,Hydrocele/Varicocele (Unilateral),Excision;DELUXE;8400000;2940000
9335;SRG II_Scrotum,Varicocele,Varicocelectomy (Palomo);DELUXE;7020000;2460000
9336;SRG II_Shoulder Fracture/Dislocation,,Open Reduction And Internal Fixation (3 Or More Part Fracture);DELUXE;18850000;6600000
9337;SRG II_Shoulder,,Acromioclavicular Joint Stabilisation/Reconstruction;DELUXE;18850000;6600000
9338;SRG II_Shoulder,,Therapeutic Arthroscopy;DELUXE;26000000;9100000
9339;SRG II_Shoulder,Shoulder Soft Tissue Injury,Decompression Alone (Open/Laparoscopy);DELUXE;24380000;8530000
9340;SRG II_Shoulder,Shoulder Soft Tissue Injury,Decompression with Cuff Repair (Open/Laparoscopy);DELUXE;27300000;9560000
9341;SRG II_Shoulder,Shoulder Soft Tissue Injury,MIS Repair With Superior Labrum From Anterior To Posterior (Slap) Repair/Rotator Cuff Repair;DELUXE;31200000;10920000
9342;SRG II_Shoulder,Shoulder Soft Tissue Injury,Open Bankart Repair With Superior Labrum From Anterior To Posterior (Slap) Repair/Rotator Cuff Repair;DELUXE;24080000;8430000
9343;SRG II_Shoulder,Various Lesions,Hemiarthroplasty;DELUXE;21680000;7590000
9344;SRG II_Sinuses,Nasal,Foreign Body/Other Lesions,Intranasal Operation/Removal Of Foreign Body;DELUXE;7020000;2460000
9345;SRG II_Sinuses,Nasal,Infection,Functional Sinuscopic Drainage Of Ethmoidal/ Maxillary Sinuses;DELUXE;14560000;5100000
9346;SRG II_Sinuses,Nasal,Infection,Functional Sinuscopic Ethmoidectomy (Bilateral);DELUXE;18150000;6350000
9347;SRG II_Sinuses,Nasal,Infection,Functional Sinuscopic Ethmoidectomy (Unilateral);DELUXE;12970000;4540000
9348;SRG II_Skin And Subcutaneous Tissue (Ear/Nose/Eyelid/Face),Complex Lacerations,Repair;DELUXE;9430000;3300000
9349;SRG II_Skin And Subcutaneous Tissue (Face And Neck),Scar (>3cm),Revision;DELUXE;6460000;2260000
9350;SRG II_Skin And Subcutaneous Tissue,Burns,Escharotomy (Extensive);DELUXE;3380000;1180000
9351;SRG II_Skin And Subcutaneous Tissue,Burns,Escharotomy (Limited);DELUXE;1690000;590000
9352;SRG II_Skin And Subcutaneous Tissue,Deep (>3cm)/Extensive Contaminated Wound,Debridement;DELUXE;8400000;2940000
9353;SRG II_Skin And Subcutaneous Tissue,Defect,Direct Flap (Cross Finger/Similar Flaps);DELUXE;13720000;4800000
9354;SRG II_Skin And Subcutaneous Tissue,Defect,Single Stage Local Flap (Complicated/Large);DELUXE;17620000;6170000
9355;SRG II_Skin And Subcutaneous Tissue,Hematoma/Carbuncle Cellulitis/Similar Lesion>3cm,Saucerisation/Incision with Drainage;DELUXE;5620000;1970000
9356;SRG II_Skin And Subcutaneous Tissue,Sinus (Shallow<3cm),Excision with/without Biopsy;DELUXE;1950000;680000
9357;SRG II_Skin And Subcutaneous Tissue,Tumor/Cyst/Ulcer/Scar,Excision Biopsy  (> 15mm diameter);DELUXE;3380000;1180000
9358;SRG II_Skin And Subcutaneous Tissue,Wound,Debridement (<3cm);DELUXE;1890000;660000
9359;SRG II_Skin,Burns (2% To 5%),Excision;DELUXE;5510000;1930000
9360;SRG II_Skin,Burns (More Than 10%),Dressing;DELUXE;6470000;2270000
9361;SRG II_Skin,Keratoses/Warts/Tags/Similar Lesions,Excision (6 - 10 Lesions);DELUXE;3380000;1180000
9362;SRG II_Skin,Keratoses/Warts/Tags/Similar Lesions,Excision (More Than10 Lesions);DELUXE;7020000;2460000
9363;SRG II_Skin,Keratoses/Warts/Tags/Similar Lesions,Excision (Not More Than 5 Lesions);DELUXE;1690000;590000
9364;SRG II_Skin,Plantar Wart,Excision Or Vaporisation By Laser;DELUXE;1690000;590000
9365;SRG II_Skull,Intracranial Hemorrhage,Osteoplastic Craniotomy/Extensive Craniectomy (Unilateral);DELUXE;69300000;24260000
9366;SRG II_Soft Tissue (Lower Limb),Contracture,Major Release;DELUXE;13260000;4640000
9367;SRG II_Soft Tissue (Lower Limb),Contracture,Minor Release;DELUXE;7020000;2460000
9368;SRG II_Soft Tissue (Lower Limb),Small Tumors (Benign),Excision Biopsy Under General Anesthesia;DELUXE;4300000;1510000
9369;SRG II_Soft Tissue (Lower Limb),Tumors (Benign),Wide Excision Biopsy;DELUXE;10600000;3710000
9370;SRG II_Soft Tissue (Upper Limb),Tumors (Benign),Major Excision Biopsy;DELUXE;10600000;3710000
9371;SRG II_Soft Tissue (Upper Limb),Tumors (Malignant),Wide Excision Biopsy;DELUXE;13520000;4730000
9372;SRG II_Soft Tissue,Tumor (Malignant),Wide Excision Biopsy <7cm Other Than Upper/Lower Limbs;DELUXE;8400000;2940000
9373;SRG II_Spermatic Cord,Spermatocele/Epididymal Cyst,Excision;DELUXE;8400000;2940000
9374;SRG II_Spine (exclude Cervical Spine),Various Lesions,Interbody Fusion (Single Segment) with Anterior/Posterior Instrumentation;DELUXE;46800000;16380000
9375;SRG II_Spine,,Facet Joint Block (Injection Of Anaesthetic Or Therapeutic Substance) up to 3 Joints;DELUXE;20090000;7030000
9376;SRG II_Spine,,Removal Of Spine Implants without Other Procedures (Anterior Approach);DELUXE;24080000;8430000
9377;SRG II_Spine,,Vertebroplasty Or Kyphoplasty (Multiple Levels);DELUXE;34710000;12150000
9378;SRG II_Spine,,Vertebroplasty Or Kyphoplasty (Single Level);DELUXE;23140000;8100000
9379;SRG II_Spine,Fracture-Dislocation,Open Reduction And Stabilisation;DELUXE;32140000;11250000
9380;SRG II_Spine,Infection,Posterior Drainage,Debridement And Removal Of Implants,without Fusion Or Other Procedures;DELUXE;24080000;8430000
9381;SRG II_Spine,Percutaneous Disc Ablation,2 Or More Levels (Intradiscal Electrothermal Annuloplasty/IDET);DELUXE;28280000;9900000
9382;SRG II_Spine,Percutaneous Disc Ablation,Single Level (Intradiscal Electrothermal Annuloplasty/IDET);DELUXE;18850000;6600000
9383;SRG II_Spine,Syringomyelia,Laminectomy And Drainage;DELUXE;32140000;11250000
9384;SRG II_Spleen,Trauma,Splenectomy;DELUXE;17810000;6230000
9385;SRG II_Spleen,Various Non-Traumatic Lesions,Splenectomy (Open);DELUXE;14560000;5100000
9386;SRG II_Tendon Sheath (Upper Limb),De Quervain's (Bilateral),Release;DELUXE;16120000;5640000
9387;SRG II_Tendon Sheath (Upper Limb),De Quervain's (Unilateral),Release;DELUXE;12090000;4230000
9388;SRG II_Tendon Sheath (Upper Limb),Ganglion/Villo-Nodular Synovitis,Excision;DELUXE;7830000;2740000
9389;SRG II_Tendon Sheath And Subcutaneous Tissue,Ganglion/Large Bursa,Excision Biopsy (>3cm) ;DELUXE;7020000;2460000
9390;SRG II_Tendon Sheath And Subcutaneous Tissue,Ganglion/Small Bursa,Excision Biopsy (<3cm) ;DELUXE;6400000;2240000
9391;SRG II_Tendon-Achilles (Lower Limb),Disruption,Repair;DELUXE;13000000;4550000
9392;SRG II_Testis,Inguinal,Hydrocele,High Ligation Surgery;DELUXE;9230000;3230000
9393;SRG II_Testis,Undescended/Ectopic (Bilateral),Orchidopexy/Transplantation with Hernia Repair;DELUXE;16240000;5690000
9394;SRG II_Testis,Undescended/Ectopic (Unilateral),Orchidopexy/Transplantation with Hernia Repair;DELUXE;11600000;4060000
9395;SRG II_Testis,Variocoele,Spermatic Vein Embolisation;DELUXE;9830000;3440000
9396;SRG II_Testis,Various Lesions,Exploration/Repair;DELUXE;4640000;1620000
9397;SRG II_Testis,Various Lesions,Orchidectomy (Simple - Laparoscopy);DELUXE;17640000;6170000
9398;SRG II_Testis,Various Lesions,Orchidectomy (Simple);DELUXE;12600000;4410000
9399;SRG II_Thorax,,Decortication (Laparoscopy);DELUXE;27920000;9770000
9400;SRG II_Thorax,Effusion/Fluid/Abscess Collection,Imaging Guided Percutaneous Aspiration/Diagnostic Tap;DELUXE;7450000;2610000
9401;SRG II_Thorax,Pleural Effusion,Aspiration;DELUXE;2460000;860000
9402;SRG II_Thorax,Pleural Effusion,Biopsy;DELUXE;3080000;1080000
9403;SRG II_Thorax,Tumor (Mediastinal),Complex Resection;DELUXE;28860000;10100000
9404;SRG II_Thorax,Tumor (Mediastinal),Resection;DELUXE;22920000;8020000
9405;SRG II_Thorax,Various Lesions,Intercostal Drain (Insertion without Resection Of Rib);DELUXE;9350000;3270000
9406;SRG II_Thorax,Various Lesions,Thoracotomy (Exploration) with/without Biopsy;DELUXE;13230000;4630000
9407;SRG II_Thyroglossal Duct,Cyst Fistula,Excision;DELUXE;7880000;2760000
9408;SRG II_Thyroid,Various Lesions,Hemithyroidectomy/Partial Thyroidectomy;DELUXE;17650000;6180000
9409;SRG II_Thyroid,Various Lesions,Total/Subtotal Thyroidectomy;DELUXE;17750000;6210000
9410;SRG II_Thyroid,Various Lesions,Total/Subtotal Thyroidectomy with Neck Dissection (Unilateral);DELUXE;35310000;12360000
9411;SRG II_Tibia,Fracture,Open Reduction And Internal Fixation with Plates And Screws (Comminuted);DELUXE;24510000;8580000
9412;SRG II_Tibia,Fracture,Open Reduction and Internal Fixation with Plates And Screws (Simple);DELUXE;18850000;6600000
9413;SRG II_Tibia,Tibial Plateau,Tibia Plateau Unicondylar ORIF;DELUXE;18850000;6600000
9414;SRG II_Tongue,Tumor,Glossectomy with Radical Neck Dissection;DELUXE;18850000;6600000
9415;SRG II_Tongue,Tumor,Hemi-Glossectomy;DELUXE;9230000;3230000
9416;SRG II_Tongue,Tumor,Total Glossectomy;DELUXE;10400000;3640000
9417;SRG II_Tonsils,Abscess,Drainage;DELUXE;1690000;590000
9418;SRG II_Tonsils,Various Lesions,Removal;DELUXE;8640000;3020000
9419;SRG II_Trachea,Tracheostomy,Revision And Reinsertion;DELUXE;11270000;3940000
9420;SRG II_Trachea,Various Lesions,Trachea Reconstruction;DELUXE;17500000;6120000
9421;SRG II_Trachea,Various Lesions,Tracheostomy;DELUXE;8150000;2850000
9422;SRG II_Upper Limb,Fracture/Dislocation,Manipulation And Reduction;DELUXE;5200000;1820000
9423;SRG II_Ureter,,Anastomosis End To End Ureter;DELUXE;10610000;3720000
9424;SRG II_Ureter,,Cystoscopy And Insertion Of Double J Stent;DELUXE;10610000;3720000
9425;SRG II_Ureter,,Extra Corporeal Shockwave Lithotripsy (ESWL) For Ureteric Stone;DELUXE;13260000;4640000
9426;SRG II_Ureter,,Ureteroscopy;DELUXE;8410000;2940000
9427;SRG II_Ureter,Calculus,Ureteroscopy And Lithotripsy with/without Ultrasound;DELUXE;15250000;5340000
9428;SRG II_Ureter,Calculus,Ureteroscopy And Lithotripsy with/without Ultrasound (Laser);DELUXE;21680000;7590000
9429;SRG II_Ureter,Various Lesions,Intestinal Conduit;DELUXE;20570000;7200000
9430;SRG II_Ureter,Various Lesions,Reimplantation (Bilateral);DELUXE;21680000;7590000
9431;SRG II_Ureter,Various Lesions,Reimplantation (Unilateral);DELUXE;15250000;5340000
9432;SRG II_Ureter,Various Lesions,Reimplantation,Laparoscopy (Unilateral);DELUXE;21680000;7590000
9433;SRG II_Ureter,Various Lesions,Ureterotomy/Insertion Of Double J Stent;DELUXE;11230000;3930000
9434;SRG II_Urethra,,Ureteroscopy;DELUXE;7020000;2460000
9435;SRG II_Urethra,Hypospadias,Meatoplasty;DELUXE;3890000;1360000
9436;SRG II_Urethra,Injury,Repair/Urethroplasty Of Anterior Urethra;DELUXE;11230000;3930000
9437;SRG II_Urethra,Meatal Stenosis,Meatotomy;DELUXE;4030000;1410000
9438;SRG II_Urethra,Various Lesions,Sachse Internal Urethrotomy;DELUXE;15250000;5340000
9439;SRG II_Urethra,Various Lesions,Staged Urethroplasty (Each Stage);DELUXE;15250000;5340000
9440;SRG II_Uterus,,Sub-Total/Total Hysterectomy with/without Salpingo-Oophorectomy;DELUXE;17560000;6150000
9441;SRG II_Uterus,Endometriosis,Hysterectomy with Salpingo-Oophorectomy;DELUXE;18850000;6600000
9442;SRG II_Uterus,Endometriosis,Hysterectomy without Salpingo-Oophorectomy;DELUXE;13260000;4640000
9443;SRG II_Uterus,Fibroids,Myomectomy (Complicated >5cm/Multiple >2/Challenging Location);DELUXE;16640000;5820000
9444;SRG II_Uterus,Fibroids,Myomectomy (Simple <5cm - Laparoscopy);DELUXE;19200000;6720000
9445;SRG II_Uterus,Fibroids,Myomectomy (Simple <5cm - Open);DELUXE;13720000;4800000
9446;SRG II_Uterus,Malignant Condition,Radical Hysterectomy with/without Lymphadenectomy;DELUXE;20660000;7230000
9447;SRG II_Uterus,Malignant Condition,Radical Hysterectomy with/without Lymphadenectomy (Laparoscopy);DELUXE;28920000;10120000
9448;SRG II_Uterus,Malignant Condition,Total Hysterectomy with/without Salpingo-Oophorectomy with/without Lymph Node Dissection (Open);DELUXE;18850000;6600000
9449;SRG II_Uterus,Pregnancy And Multiparity,Uncomplicated Caesarean Section And Tubal Ligation;DELUXE;12390000;4340000
9450;SRG II_Uterus,Pregnancy,Caesarean Section with Hysterectomy;DELUXE;21020000;7360000
9451;SRG II_Uterus,Pregnancy,Uncomplicated Caesarean Section;DELUXE;10320000;3610000
9452;SRG II_Uterus,Various Lesions,Curettage with/without Dilatation;DELUXE;3380000;1180000
9453;SRG II_Uterus/Cervix,Hysteroscopy,Diagnostic with General Anesthesia;DELUXE;3800000;1330000
9454;SRG II_Vas Deferens,,Vasovasostomy;DELUXE;15250000;5340000
9455;SRG II_Vas Deferens,Various Lesions,Varicocelectomy (Microsurgical);DELUXE;15250000;5340000
9456;SRG II_Vas Deferens,Various Lesions,Vasectomy;DELUXE;6280000;2200000
9457;SRG II_Vein,Arterio-Venous Fistula,Dissection And Ligation;DELUXE;3690000;1290000
9458;SRG II_Vein,Bleeding Varicosities/Vascular Malformation,Image Guided Sclerotherapy Injection;DELUXE;11140000;3900000
9459;SRG II_Vein,Varicosity,High Ligation And Complete Stripping/Excision Of Long/Long And Short Saphenous Vein;DELUXE;13850000;4850000
9460;SRG II_Vulva,Abscess,Incision;DELUXE;3220000;1130000
9461;SRG II_Vulva,Bartholin Cyst,Incision/Marsupialization with/without Use Of Laser;DELUXE;3220000;1130000
9462;SRG II_Vulva,Malignant Condition,Radical Vulvectomy With Groin Dissection And With Or Without Skin Flap Closure;DELUXE;29580000;10350000
9463;SRG II_Wrist,Distal Or Radial Ulnar Joint (DRUJ) Instability,Complex Ligament Reconstruction;DELUXE;24080000;8430000
9464;SRG II_Wrist,Distal Radius Fracture,Open Reduction And Internal Fixation (ORIF) with Ulnar Head/Styloid Fixation/Tfcc Repair;DELUXE;18850000;6600000
9465;CABG;VIP;65000000;0
9466;DOKTER OPERATOR ODONTECTOMY A;VIP;4408000;1543000
9467;DOKTER OPERATOR ODONTECTOMY B;VIP;4959000;1736000
9468;DOKTER OPERATOR ODONTECTOMY C;VIP;5511000;1929000
9469;DOKTER OPERATOR _NEUROSURGERY;VIP;61800000;21630000
9470;DOKTER OPERATOR _NEUROSURGERY_1;VIP;15450000;5408000
9471;DOKTER OPERATOR _NEUROSURGERY_2;VIP;7725000;2704000
9472;DOKTER OPERATOR _TABLE _TARIF I _ 1;VIP;1690000;591500
9473;DOKTER OPERATOR _TABLE _TARIF I _ 2;VIP;3380000;1183000
9474;DOKTER OPERATOR _TABLE _TARIF I _ 3;VIP;7020000;2457000
9475;DOKTER OPERATOR _TABLE _TARIF I _ 4;VIP;9230000;3230500
9476;DOKTER OPERATOR _TABLE _TARIF I _ 5;VIP;13260000;4641000
9477;DOKTER OPERATOR _TABLE _TARIF I _ 6;VIP;18850000;6597500
9478;DOKTER OPERATOR _TABLE _TARIF I _ 7;VIP;27040000;9464000
9479;DOKTER OPERATOR _TABLE _TARIF  II _1  (SUB SPECIALIST / CONSULTANT / PROFESSOR);VIP;2197000;768950
9480;DOKTER OPERATOR _TABLE _TARIF  II _2  (SUB SPECIALIST / CONSULTANT / PROFESSOR);VIP;4394000;1537900
9481;DOKTER OPERATOR _TABLE _TARIF  II _3  (SUB SPECIALIST / CONSULTANT / PROFESSOR);VIP;9126000;3194100
9482;DOKTER OPERATOR _TABLE _TARIF  II _4  (SUB SPECIALIST / CONSULTANT / PROFESSOR);VIP;11999000;4199650
9483;DOKTER OPERATOR _TABLE _TARIF  II _5  (SUB SPECIALIST / CONSULTANT / PROFESSOR);VIP;17238000;6033300
9484;DOKTER OPERATOR _TABLE _TARIF  II _6  (SUB SPECIALIST / CONSULTANT / PROFESSOR);VIP;24505000;8576750
9485;DOKTER OPERATOR _TABLE _TARIF  II _7  (SUB SPECIALIST / CONSULTANT / PROFESSOR);VIP;35152000;12303200
9486;SRG I_Abdomen/Pelvis,Various Lesions,Insertion Of Peritoneal Dialysis Catheter;VIP;3120000;1100000
9487;SRG I_Abdomen/Pelvis,Various Lesions,Removal Of Peritoneal Dialysis Catheter;VIP;3120000;1100000
9488;SRG I_Abdominal Cavity,Adhesions,Lysis As Primary Procedure with/without Bowel Resection (Laparoscopy);VIP;12240000;4290000
9489;SRG I_Abdominal Cavity,Adhesions,Lysis As Primary Procedure with/without Bowel Resection (Open);VIP;9180000;3220000
9490;SRG I_Abdominal Cavity,Multiple Ruptures,Major Repair/Removal;VIP;23960000;8390000
9491;SRG I_Abdominal Cavity,Various Lesions,Colostomy/Enterostomy/Gastrostomy (Laparoscopy);VIP;16820000;5890000
9492;SRG I_Abdominal Cavity,Various Lesions,Colostomy/Enterostomy/Gastrostomy (Open);VIP;12010000;4210000
9493;SRG I_Abdominal Cavity,Various Lesions,Exploratory Laparotomy;VIP;8640000;3030000
9494;SRG I_Abdominal Wall,Epigastric/Umbilical Hernia,Repair (Open);VIP;7740000;2710000
9495;SRG I_Abdominal Wall,Inguinal Hernia (Infants & Children),Herniotomy (Bilateral);VIP;10840000;3800000
9496;SRG I_Abdominal Wall,Inguinal Hernia (Infants & Children),Herniotomy (Unilateral);VIP;7740000;2710000
9497;SRG I_Abdominal Wall,Inguinal/Femoral Hernia,Bilateral Herniorrhaphy (Laparoscopy);VIP;25970000;9090000
9498;SRG I_Abdominal Wall,Inguinal/Femoral Hernia,Bilateral Herniorrhaphy (Open);VIP;18550000;6500000
9499;SRG I_Abdominal Wall,Inguinal/Femoral Hernia,Unilateral Herniorrhaphy (Laparoscopy);VIP;18550000;6500000
9500;SRG I_Abdominal Wall,Inguinal/Femoral Hernia,Unilateral Herniorrhaphy (Open);VIP;13250000;4640000
9501;SRG I_Abdominal Wall,Strangulated/Obstructed Hernia,Repair with Bowel Resection;VIP;20040000;7020000
9502;SRG I_Abdominal Wall,Strangulated/Obstructed Hernia,Repair without Bowel Resection;VIP;16200000;5670000
9503;SRG I_Abdominal Wall,Ventral/Incisional/Recurrent Hernia,Repair (Open);VIP;18080000;6330000
9504;SRG I_Adenoids,Various Lesions,Removal;VIP;6840000;2400000
9505;SRG I_Adrenals,Various Lesions,Biopsy/Excision (Laparoscopy);VIP;20580000;7210000
9506;SRG I_Adrenals,Various Lesions,Biopsy/Excision (Open);VIP;14690000;5150000
9507;SRG I_Ankle,,Therapeutic Arthroscopy;VIP;18120000;6350000
9508;SRG I_Ankle,Ankle Fracture,Bimalleolar ORIF;VIP;21600000;7560000
9509;SRG I_Ankle,Ankle Fracture,Unimalleolar ORIF;VIP;14400000;5040000
9510;SRG I_Ankle,Dislocation,Open Reduction;VIP;11110000;3890000
9511;SRG I_Ankle,Various Lesions,Repair Of Ligaments;VIP;11160000;3910000
9512;SRG I_Anus,Fissure,Excision/Lateral Sphincterotomy;VIP;5980000;2100000
9513;SRG I_Anus,Fistula-In-Ano (High),Complex And Recurrent Fistulectomy;VIP;8860000;3100000
9514;SRG I_Anus,Fistula-In-Ano,Excision/ Fistulectomy;VIP;5980000;2100000
9515;SRG I_Anus,Fistula-In-Ano,Insertion Of Seton;VIP;9460000;3320000
9516;SRG I_Anus,Hemorrhoids,Hemorrhoidectomy with/without Sigmoidoscopy;VIP;6600000;2310000
9517;SRG I_Anus,Hemorrhoids,Laser Haemorrhoidectomy;VIP;12400000;4340000
9518;SRG I_Anus,Hemorrhoids,Removal Of External Anal Tags;VIP;2980000;1050000
9519;SRG I_Anus,Hemorrhoids,Stapled Haemorrhoidectomy;VIP;8860000;3100000
9520;SRG I_Anus,Hemorrhoids,Transanal Haemorrhoidal Dearterialization (THD);VIP;5760000;2020000
9521;SRG I_Anus,Perineal Abscess,Saucerisation/Drainage;VIP;6470000;2270000
9522;SRG I_Anus,Stricture,Dilatation;VIP;1560000;550000
9523;SRG I_Aorta,,Total Arch Replacement;VIP;86520000;30290000
9524;SRG I_Aorta,Aneurysm,Juxtarenal Type;VIP;22690000;7950000
9525;SRG I_Aorta,Ruptured Aortic Aneurysm (Thoracic Or Abdominal),Endo-Vascular Aortic Repair;VIP;36000000;12600000
9526;SRG I_Aorta,Thoraco-Abdominal Aneurysm,Excision And Insertion Of Graft;VIP;86520000;30290000
9527;SRG I_Aortic Dissection,,Endovascular Fenestration;VIP;6670000;2340000
9528;SRG I_Aortic Dissection,,Endovascular Stent Graft Repair;VIP;25620000;8970000
9529;SRG I_Appendix,Various Lesions/Abscess,Appendicectomy with/without Drainage (Laparoscopy);VIP;14690000;5150000
9530;SRG I_Appendix,Various Lesions/Abscess,Appendicectomy with/without Drainage (Open);VIP;11770000;4130000
9531;SRG I_Arteriovenous Fistula Graft,,Thrombectomy;VIP;9940000;3480000
9532;SRG I_Arteriovenous Fistula,,Angiogram;VIP;4800000;1680000
9533;SRG I_Arteriovenous Fistula,,Synthetic Graft;VIP;21160000;7410000
9534;SRG I_Artery,Intracranial,Thrombosis,Percutaneous Catheter Directed Thrombolysis/Thrombectomy;VIP;63970000;22400000
9535;SRG I_Artery,Various Lesions,Arterio-Venuous Fistula Creation;VIP;13180000;4620000
9536;SRG I_Bladder,Calculus,Vesicolithotomy/Litholapaxy/Ultrasonic Lithotripsy;VIP;14080000;4930000
9537;SRG I_Bladder,Cystoscopy with/without Biopsy;VIP;3720000;1310000
9538;SRG I_Bladder,Cystoscopy,Removal Of Foreign Body/Ureteric Stent;VIP;4350000;1530000
9539;SRG I_Bladder,Cystoscopy,with Endoscopic Resection/Incision Of Bladder Neck;VIP;8940000;3130000
9540;SRG I_Bladder,Retention Of Urine,Suprapubic Cystostomy;VIP;7040000;2470000
9541;SRG I_Bladder,Various Lesions,Total Radical Cystectomy,For Malignancy (Laparoscopy);VIP;28700000;10050000
9542;SRG I_Bladder,Various Lesions,Total Radical Cystectomy,For Malignancy (Open);VIP;20520000;7190000
9543;SRG I_Bladder,Vesico-Rectal Fistula,Correction;VIP;12240000;4290000
9544;SRG I_Bladder,Vesico-Vaginal Fistula,Correction;VIP;21190000;7420000
9545;SRG I_Bladder/Ureter,Cystoscopy,with Ureteric Catheterisation;VIP;5290000;1860000
9546;SRG I_Bladder/Urethra,,Transurethral Resection Of Bladder Tumour (<3cm);VIP;11930000;4180000
9547;SRG I_Bladder/Urethra,,Transurethral Resection Of Bladder Tumour (>3cm);VIP;17110000;5990000
9548;SRG I_Bladder/Urethra,Cystoscopy,with Urethral Dilatation;VIP;5290000;1860000
9549;SRG I_Blood Vessels,Subcutaneous Implanted Vascular Port,Insertion;VIP;6570000;2300000
9550;SRG I_Blood Vessels,Subcutaneous Implanted Vascular Port,Removal;VIP;3540000;1240000
9551;SRG I_Bone (Lower Limb),,Grade 1 And 2 Open Fractures/Open Dislocation Or Open Fracture-Dislocation Wound Debridement;VIP;6000000;2100000
9552;SRG I_Bone (Lower Limb),Deformities,Corrective Surgery with Internal Fixation with/without Fluoroscopy;VIP;19800000;6930000
9553;SRG I_Bone (Lower Limb),Deformities,Corrective Surgery with Osteotomy Alone;VIP;17400000;6090000
9554;SRG I_Bone (Lower Limb),Fracture/Dislocation,Manipulation And Kirschner Wire Fixation;VIP;11400000;3990000
9555;SRG I_Bone (Upper Limb),Grade 1 And 2 Open Fractures/Open Dislocation Or Open Fracture-Dislocation,Wound Debridement;VIP;6000000;2100000
9556;SRG I_Bone And Joints (Lower Limb),,Removal Of Simple Implants (Rush Rods/Wires/K-Wires/Pins/Screws);VIP;7680000;2690000
9557;SRG I_Bone And Joints (Lower Limb),Plates And Screws/Nails,Removal;VIP;13370000;4680000
9558;SRG I_Bone And Joints (Upper Limb),,Removal Of Simple Implants (Rush Rods/Wires/K-Wires/Pins/Screws);VIP;7680000;2690000
9559;SRG I_Bone And Joints (Upper Limb),Plates And Screws,Removal;VIP;13370000;4680000
9560;SRG I_Brain,,Deep Brain Stimulation (Unilateral);VIP;63970000;22400000
9561;SRG I_Brain,Aneurysm/Arterio-Venous Malformation,Clipping/Excision (Complex);VIP;63970000;22400000
9562;SRG I_Brain,Hydrocephalus And Other Lesions,Ventriculoatrial/Ventriculoperitoneal Shunt;VIP;63970000;22400000
9563;SRG I_Brain,Hydrocephalus,External Ventricular Drainage (Unilateral);VIP;63970000;22400000
9564;SRG I_Brain,Intracerebral Tumor,Biopsy And/Or Decompression/Removal Via Craniotomy (Complex);VIP;63970000;22400000
9565;SRG I_Brain,Intracerebral Tumor,Biopsy And/Or Decompression/Removal Via Craniotomy (Simple);VIP;63970000;22400000
9566;SRG I_Brain,Intracranial Abscess,Craniectomy And Drainage;VIP;63970000;22400000
9567;SRG I_Brain,Intracranial Extracerebral Tumor,Craniotomy/Hemispherectomy;VIP;63970000;22400000
9568;SRG I_Breast (Nipple),Various Lesions,Graft And/Or Flap Reconstruction (Bilateral);VIP;15680000;5490000
9569;SRG I_Breast (Nipple),Various Lesions,Graft And/Or Flap Reconstruction (Unilateral);VIP;11230000;3940000
9570;SRG I_Breast,Gynecomastia,Reduction (Unilateral);VIP;7420000;2600000
9571;SRG I_Breast,Lump (Single),Excision Biopsy;VIP;6060000;2130000
9572;SRG I_Breast,Lumps (Multiple/Bilateral),Excision Biopsy;VIP;9070000;3180000
9573;SRG I_Breast,Post Mastectomy,Reconstruction Using Free Flap (Unilateral);VIP;56860000;19900000
9574;SRG I_Breast,Post Mastectomy,Reconstruction Using Pedicled Transverse Rectus Abdominis Musculocutaneous Flap (Bilateral);VIP;39860000;13960000
9575;SRG I_Breast,Post Mastectomy,Reconstruction Using Pedicled Transverse Rectus Abdominis Musculocutaneous Flap (Unilateral);VIP;33250000;11640000
9576;SRG I_Breast,Tumor (Malignant),Radical Mastectomy with/without Axiliary Clearance;VIP;19330000;6770000
9577;SRG I_Breast,Tumor (Malignant),Simple Mastectomy;VIP;11640000;4080000
9578;SRG I_Breast,Tumor (Malignant),Simple Mastectomy with Sentinel Node Biopsy/ Axiliary Node Sampling;VIP;15600000;5460000
9579;SRG I_Breast,Tumor (Malignant),Wide Excision/ Lumpectomy/Segmental Mastectomy/ Partial Mastectomy;VIP;19080000;6680000
9580;SRG I_Breast,Tumor (Malignant),Wide Excision/ Lumpectomy/Segmental Mastectomy/ Partial Mastectomy with Axiliary Clearance with/without Sentinel Node Biopsy;VIP;19080000;6680000
9581;SRG I_Breast,Tumor (Malignant),Wide Excision/ Lumpectomy/Segmental Mastectomy/ Partial Mastectomy with Sentinel Node Biopsy/ Axiliary Node Sampling;VIP;19080000;6680000
9582;SRG I_Breast,Various Lesions,Subcutaneous Mastectomy Bilateral excluding Gynaecomastia;VIP;22220000;7780000
9583;SRG I_Breast,Various Lesions,Subcutaneous Mastectomy Unilateral excluding Gynaecomastia;VIP;11110000;3890000
9584;SRG I_Breast,Various Lesions,Trucut Biopsy,Ultrasound Guided Or Stereotactic (Single);VIP;1870000;660000
9585;SRG I_Breast,Various Lesions,Wire Localisation,Excision (Multiple);VIP;9830000;3440000
9586;SRG I_Bronchus/Lung,,Bronchoscopy with/without Biopsy;VIP;7810000;2740000
9587;SRG I_Carpus,Fracture/Dislocation,Open Reduction And Internal Fixation;VIP;17400000;6090000
9588;SRG I_Cervical Spine,Various Lesions,Anterior Decompression And Fusion Or Disc Replacement (1 Segment);VIP;30000000;10500000
9589;SRG I_Cervical Spine,Various Lesions,Anterior Decompression And Fusion Or Disc Replacement (2 Segments);VIP;42000000;14700000
9590;SRG I_Cervical Spine,Various Lesions,Anterior Decompression And Fusion Or Disc Replacement (3 Or More Segments);VIP;58800000;20580000
9591;SRG I_Cervical Spine,Various Lesions,Laminoplasty (without Instrumentation);VIP;42000000;14700000
9592;SRG I_Cervix,Cancer,Radical Trachelectomy with/without Lymphadenectomy;VIP;14690000;5150000
9593;SRG I_Cervix,Cervical Intraepithelial Neoplasia,Cone Biopsy with/without Laser;VIP;6480000;2270000
9594;SRG I_Cervix,Polyp,Excision/Erosion (Complicated) Includes D&C with Biopsy;VIP;7080000;2480000
9595;SRG I_Cervix,Polyp,Excision/Erosion (Simple) with Biopsy;VIP;2000000;710000
9596;SRG I_Cervix,Transcervical Resection (TCR) Polyp (<2cm),Hysteroscopic;VIP;5880000;2060000
9597;SRG I_Cervix,Transcervical Resection (TCR) Polyp (>2cm),Hysteroscopic;VIP;7780000;2730000
9598;SRG I_Cervix,Transcervical Resection (TCR) Septum,Hysteroscopic;VIP;7740000;2710000
9599;SRG I_Cervix,Various Lesions,Colposcopy Ablational/Excisional Treatment (Laser Vapourisation/Loop Electrosurgical Excision Procedure/Laser Excision Of Transformation Zone with Biopsy);VIP;6480000;2270000
9600;SRG I_Clavicle,Clavicle Fracture,Delayed Union/Revision And ORIF with/without Bone Grafting;VIP;17400000;6090000
9601;SRG I_Clavicle,Clavicle Fracture,Simple;VIP;17400000;6090000
9602;SRG I_Colon,,Anterior Resection (Laparoscopy);VIP;22320000;7820000
9603;SRG I_Colon,,Anterior Resection (Open);VIP;20080000;7030000
9604;SRG I_Colon,Various Lesions,Colostomy;VIP;13700000;4800000
9605;SRG I_Colon,Various Lesions,Right/Left Hemicolectomy (Laparoscopy);VIP;21590000;7560000
9606;SRG I_Colon,Various Lesions,Right/Left Hemicolectomy (Open);VIP;15420000;5400000
9607;SRG I_Conjunctiva,Pterygium,Excision (Bare Sclera);VIP;6670000;2340000
9608;SRG I_Creation Of Ileal Neobladder;VIP;20520000;7190000
9609;SRG I_Diaphragm,Tumor,Excision;VIP;12240000;4290000
9610;SRG I_Diaphragm,Tumor,Excision with Wedge Resection Of Lung;VIP;14050000;4920000
9611;SRG I_Digit(s),Nailbed Laceration,Nailbed Grafting;VIP;9600000;3360000
9612;SRG I_Ear (Middle),,Cochlear Implant;VIP;14690000;5150000
9613;SRG I_Ear (Middle),Abscess/Inflammation,Operation;VIP;2840000;1000000
9614;SRG I_Ear,Foreign Body,Complex Removal/Excision (Embedded/Large);VIP;5020000;1760000
9615;SRG I_Ear,Laceration (Full Thickness),Repair (> 3cm);VIP;7780000;2730000
9616;SRG I_Ear,Tympanic Membrane,Perforation,Cauterisation/Diathermy;VIP;1870000;660000
9617;SRG I_Ear,Tympanic Membrane,Perforation,Round Window Repair;VIP;15480000;5420000
9618;SRG I_Ear,Tympanic Membrane,Unilateral Myringotomy with Tube;VIP;6000000;2100000
9619;SRG I_Ear,Tympanic Membrane,Unilateral Myringotomy without Tube;VIP;4320000;1520000
9620;SRG I_Ear,Various Lesions,Myringoplasty (Simple);VIP;6820000;2390000
9621;SRG I_Ear,Various Lesions,Ossicular Chain Reconstruction with/without Myringoplasty;VIP;9800000;3440000
9622;SRG I_Elbow,,Therapeutic Arthroscopy;VIP;18120000;6350000
9623;SRG I_Elbow,Coronoid Fracture,ORIF;VIP;17400000;6090000
9624;SRG I_Elbow,Dislocation,Ligament Repair (Complex,with/without Implant);VIP;15840000;5550000
9625;SRG I_Elbow,Dislocation,Ligament Repair (Single);VIP;11160000;3910000
9626;SRG I_Elbow,Fracture/ Dislocation,Repair Of Ligaments/ ORIF;VIP;17400000;6090000
9627;SRG I_Elbow,Fracture/Dislocation,Open Reduction And Internal Fixation (ORIF);VIP;17400000;6090000
9628;SRG I_Elbow,Tennis Elbow,Release;VIP;5400000;1890000
9629;SRG I_Eyelids,Simple Laceration,Repair;VIP;3000000;1050000
9630;SRG I_Eyelids,Various Lesions,Upper Blepharoplasty (Unilateral);VIP;18100000;6340000
9631;SRG I_Fallopian Tube,,Removal Of Ectopic Gestation;VIP;9500000;3330000
9632;SRG I_Fallopian Tube,,Sterilization (Laparoscopy);VIP;7810000;2740000
9633;SRG I_Fallopian Tube,Completed Family,Division/Ligation;VIP;5880000;2060000
9634;SRG I_Fallopian Tube/Uterus/Ovary,,Therapeutic Laparoscopy;VIP;15360000;5380000
9635;SRG I_Femur,Fracture (Complex Intra-Articular),Open Reduction And Internal Fixation (ORIF) with Plate And Screws;VIP;22620000;7920000
9636;SRG I_Femur,Fracture (Intercondylar),Open Reduction And Internal Fixation (ORIF);VIP;20040000;7020000
9637;SRG I_Femur,Fracture (Single Condylar),Open Reduction And Internal Fixation (ORIF);VIP;17400000;6090000
9638;SRG I_Femur,Fracture,Open Reduction And Internal Fixation (ORIF) with Plate And Screws;VIP;18000000;6300000
9639;SRG I_Finger,Defect/Contracture (Multiple),Reconstruction;VIP;15000000;5250000
9640;SRG I_Finger,Defect/Contracture (Single),Reconstruction;VIP;9900000;3470000
9641;SRG I_Finger,Syndactyly (Multiple),Separation;VIP;21600000;7560000
9642;SRG I_Finger,Syndactyly (Single),Correction;VIP;12000000;4200000
9643;SRG I_Finger,Various Lesions,Amputation (Multiple);VIP;8400000;2940000
9644;SRG I_Finger,Various Lesions,Amputation (Single);VIP;6000000;2100000
9645;SRG I_Foot,,Achilles Tendon Reconstruction;VIP;17040000;5970000
9646;SRG I_Foot,Congenital Talipes Equinovarus (CTEV),Bilateral Release;VIP;20400000;7140000
9647;SRG I_Foot,Congenital Talipes Equinovarus (CTEV),Medial Release;VIP;9800000;3440000
9648;SRG I_Foot,Crush Injuries (Complex),Wound Debridement;VIP;7740000;2710000
9649;SRG I_Foot,Crush Injuries (Simple),Wound Debridement;VIP;4800000;1680000
9650;SRG I_Foot,Fractures,Open Reduction And Internal Fixation (Complex/Multiple Including Talus And Calcaneum);VIP;18000000;6300000
9651;SRG I_Foot,Hallux Valgus/Hammer Toe,Proximal Osteotomy with/without Soft Tissue Reconstruction;VIP;17400000;6090000
9652;SRG I_Gallbladder,Various Lesions,Cholecystectomy (Laparoscopy);VIP;20020000;7010000
9653;SRG I_Gallbladder,Various Lesions,Cholecystectomy (Open);VIP;14400000;5040000
9654;SRG I_Gallbladder,Various Lesions,Cholecystectomy And Repair Of Cholecysto-Enteric/ Cholecysto-Choledochal Fistula (Laparoscopy);VIP;26880000;9410000
9655;SRG I_Gallbladder,Various Lesions,Cholecystectomy And Repair Of Cholecysto-Enteric/ Cholecysto-Choledochal Fistula (Open);VIP;19200000;6720000
9656;SRG I_Gallbladder,Various Lesions,Cholecystectomy/Choledochotomy/Common Bile Duct Exploration with Choledocho-Duodenostomy (Laparoscopy);VIP;24360000;8530000
9657;SRG I_Gallbladder,Various Lesions,Cholecystectomy/Choledochotomy/Common Bile Duct Exploration with Choledocho-Duodenostomy (Open);VIP;17400000;6090000
9658;SRG I_Genital Tract,Cancer,Staging Under General Anesthesia (Includes Cystoscopy/Dilatation & Curettage/Biopsy);VIP;3740000;1320000
9659;SRG I_Genital,Fournier Gangrene,Debridement;VIP;8520000;2990000
9660;SRG I_Hand,Closed Fracture,ORIF (Multiple) Non-Joint;VIP;26100000;9140000
9661;SRG I_Hand,Closed Fracture,ORIF with K-Wire/Cerclage Wire Fixation;VIP;11400000;3990000
9662;SRG I_Hand,Closed Fracture,ORIF/Plate And Screws (Single) Joint/Non-Joint;VIP;17400000;6090000
9663;SRG I_Hand,Crush Injuries (Complex),Wound Debridement;VIP;8520000;2990000
9664;SRG I_Hand,Crush Injuries (Simple),Wound Debridement;VIP;4800000;1680000
9665;SRG I_Hand,Flexor Tendon,Trigger Finger (Multiple) Release;VIP;10800000;3780000
9666;SRG I_Hand,Flexor Tendon,Trigger Finger (Single) Release;VIP;5400000;1890000
9667;SRG I_Hand,Fractures/Dislocation,Open Reduction And Internal Fixation (Multiple);VIP;26100000;9140000
9668;SRG I_Hand,Open Fracture,Debridement And ORIF (Single) Joint;VIP;17400000;6090000
9669;SRG I_Hip,Various Lesions,Hemi-Arthroplasty;VIP;21720000;7610000
9670;SRG I_Hip,Various Lesions,Primary Total Joint Replacement (Lap/MIS/Navigated);VIP;30410000;10650000
9671;SRG I_Hip,Various Lesions,Primary Total Joint Replacement (Open);VIP;28800000;10080000
9672;SRG I_Hip,Various Lesions,Primary Total Joint Replacement with Augmentation Requiring Extra Implants Or Bone Grafts (Open);VIP;37440000;13110000
9673;SRG I_Hip,Various Lesions,Revision Hemi-Arthroplasty;VIP;28240000;9890000
9674;SRG I_Hip,Various Lesions,Revision Total Joint Replacement (MIS/Laparoscopy);VIP;52420000;18350000
9675;SRG I_Hip,Various Lesions,Revision Total Joint Replacement (Open);VIP;37440000;13110000
9676;SRG I_Hip/Knee,Therapeutic Arthroscopy,with/without Synovectomy/Labral Repair/FAI Resection For Hip;VIP;18120000;6350000
9677;SRG I_Humerus,Proximal Humerus Or Supracondylar Fracture,ORIF;VIP;17400000;6090000
9678;SRG I_Joints (Finger),Various Lesions,Replacement Arthroplasty;VIP;22220000;7780000
9679;SRG I_Joints (Lower Limb),Loose Bodies,Removal;VIP;11290000;3960000
9680;SRG I_Joints (Upper Limb),Vascular Injury,Major Vascular Reconstruction/Anastomosis/Graft;VIP;22220000;7780000
9681;SRG I_Joints,Arthroscopy,Diagnostic;VIP;9540000;3340000
9682;SRG I_Kidney,,Renovascular Reconstruction;VIP;20010000;7010000
9683;SRG I_Kidney,Blocked Nephrostomy Tube,Change;VIP;3120000;1100000
9684;SRG I_Kidney,Calculus,Extra Corporeal Shockwave Lithotripsy (ESWL);VIP;12240000;4290000
9685;SRG I_Kidney,Calculus,Nephrolithotomy/Pyelolithotomy;VIP;13420000;4700000
9686;SRG I_Kidney,Calculus,Percutaneous Nephrolithotomy Or Percutaneous Nephrostolithotomy (PCNL);VIP;22690000;7950000
9687;SRG I_Kidney,Cyst,Imaging Guided Percutaneous Aspiration;VIP;14080000;4930000
9688;SRG I_Kidney,Cyst,Sclerosing And Percutaneous Drainage;VIP;12240000;4290000
9689;SRG I_Kidney,Cyst,Unroofing/Deroofing;VIP;8520000;2990000
9690;SRG I_Kidney,Cyst,Unroofing/Deroofing (Laparoscopy);VIP;12240000;4290000
9691;SRG I_Kidney,Pyonephrosis,Drainage (Open);VIP;10640000;3730000
9692;SRG I_Kidney,Staghorn Calculus,Nephrolithotomy Or Percutaneous Nephrostolithotomy (PCNL);VIP;21190000;7420000
9693;SRG I_Kidney,Staghorn Calculus,Percutaneous Nephrostolithotomy (PCNL) Laser;VIP;28700000;10050000
9694;SRG I_Kidney,Various Lesion,Robotic Renal Biopsy;VIP;14080000;4930000
9695;SRG I_Kidney,Various Lesions,Biopsy (Closed);VIP;6480000;2270000
9696;SRG I_Kidney,Various Lesions,Partial Nephrectomy (Laparoscopy);VIP;33950000;11890000
9697;SRG I_Kidney,Various Lesions,Radical Nephrectomy (Laparoscopy);VIP;28700000;10050000
9698;SRG I_Kidney,Various Lesions,Simple Nephrectomy (Laparoscopy);VIP;20010000;7010000
9699;SRG I_Kidney/Ureter,,Pyeloplasty (Unilateral - Open/Laparoscopy);VIP;14080000;4930000
9700;SRG I_Kidney/Ureter,,Retrograde Intrarenal Surgery Or RIRS Using Flexible Ureteroscopy (Diagnostic);VIP;9800000;3430000
9701;SRG I_Kidney/Ureter,,Retrograde Intrarenal Surgery Or RIRS Using Flexible Ureteroscopy (Therapeutic - e.g. Lithotripsy And/Or Basket Extraction Of Stones);VIP;20010000;7010000
9702;SRG I_Knee Ligaments,Disruption,Reconstruction And Repair;VIP;22800000;7980000
9703;SRG I_Knee,Arthroscopy,Knee Ligament Reconstruction (1 Or More);VIP;19200000;6720000
9704;SRG I_Knee,Ligaments/Meniscus/Cartilage/Bone Combined,ACL Or PCL Reconstruction (MIS/Laparoscopy);VIP;28800000;10080000
9705;SRG I_Knee,Ligaments/Meniscus/Cartilage/Bone Combined,Ligament Reconstruction with Meniscal Repair (Laparoscopy);VIP;28800000;10080000
9706;SRG I_Knee,Meniscus/Cartilage,Meniscal Repair (Laparoscopy);VIP;22500000;7880000
9707;SRG I_Knee,Various Lesions,Meniscectomy with/without Arthroscopy;VIP;18120000;6350000
9708;SRG I_Knee,Various Lesions,Primary Total Joint Replacement (Unilateral - Open);VIP;24000000;8400000
9709;SRG I_Knee,Various Lesions,Primary Total Joint Replacement (Unilateral) (Lap/MIS/Navigated);VIP;33600000;11760000
9710;SRG I_Knee,Various Lesions,Primary Total Joint Replacement (Unilateral) with Augmentation Requiring Extra Implants Or Bone Grafts (Open);VIP;31200000;10920000
9711;SRG I_Knee,Various Lesions,Revision Total Joint Replacement (MIS/Laparoscopy);VIP;43680000;15290000
9712;SRG I_Knee,Various Lesions,Revision Total Joint Replacement (Open);VIP;31200000;10920000
9713;SRG I_Laparotomy Debulking (Advanced Disease,Primary/Recurrent);VIP;17400000;6090000
9714;SRG I_Laryngoscopy with Removal Of Tumour/Lesions,,Laryngoscopy with Removal Of Tumour/Lesions;VIP;13440000;4710000
9715;SRG I_Larynx And Pharynx,Various Lesions,Laser Application;VIP;10720000;3760000
9716;SRG I_Larynx,,Laryngectomy with Bilateral Neck Dissection;VIP;21220000;7430000
9717;SRG I_Larynx,Various Lesions,Hemi/Partial Laryngectomy;VIP;21220000;7430000
9718;SRG I_Larynx,Various Lesions,Hemi/Partial Laryngectomy with Radical Neck Dissection;VIP;24000000;8400000
9719;SRG I_Lens,,Complicated Cataract Extraction with Intraocular Lens Implant (Capsular Tension Ring/Capsular Tension Segment);VIP;9100000;3190000
9720;SRG I_Lens,Cataract,Extraction with Intra-Ocular Lens Implant (Unilateral);VIP;10870000;3810000
9721;SRG I_Lens,Cataract,Extraction with Intra-Ocular Lens Implant And Trabeculectomy with/without Antimetabolites;VIP;10870000;3810000
9722;SRG I_Liver,Abscess,Trans-Abdominal Drainage (Laparoscopy);VIP;11930000;4180000
9723;SRG I_Liver,Abscess,Trans-Abdominal Drainage (Open);VIP;8520000;2990000
9724;SRG I_Lower Limb,Ischemia,Fasciotomy;VIP;11160000;3910000
9725;SRG I_Lung,Various Lesions,Pneumonectomy/Lobectomy/Segmental Resection;VIP;24960000;8740000
9726;SRG I_Lung,Various Lesions,Repeat/Multiple/Complex Resections;VIP;21160000;7410000
9727;SRG I_Lung,Various Lesions,Wedge Resection;VIP;17950000;6290000
9728;SRG I_Lymph Node (Axillary),Various Lesions,Sentinel LN Biopsy Only;VIP;7780000;2730000
9729;SRG I_Lymph Node (Cervical),,Radical with Flap Reconstruction;VIP;30600000;10710000
9730;SRG I_Lymph Node (Cervical),Various Lesions,Biopsy;VIP;3880000;1360000
9731;SRG I_Lymph Node (Cervical),Various Lesions,Neck Dissection (Bilateral 3 Or Less Levels);VIP;15560000;5450000
9732;SRG I_Lymph Node (Cervical),Various Lesions,Neck Dissection (Unilateral 1-3 Levels);VIP;12280000;4300000
9733;SRG I_Lymph Node (Cervical),Various Lesions,Radical Neck Dissection;VIP;21600000;7560000
9734;SRG I_Lymph Node (Cervical),Various Lessions,Biopsy;VIP;6050000;2120000
9735;SRG I_Lymph Node (Inguinal),Various Lesions,Limited Excision;VIP;7780000;2730000
9736;SRG I_Lymph Node (Inguinal),Various Lesions,Radical Excision;VIP;10220000;3580000
9737;SRG I_Lymph Node (Pelvic) Dissection,,Dissection (Open);VIP;14920000;5230000
9738;SRG I_Lymph Node (Pelvic),,Dissection (Laparoscopy);VIP;20880000;7310000
9739;SRG I_Lymph Node (Retropharyngeal),,Neck Dissection (Open/Transoral);VIP;16630000;5830000
9740;SRG I_Lymph Node (Single),Various Lesions,Excision Biopsy (Laparoscopy);VIP;8350000;2930000
9741;SRG I_Lymph Node (Single),Various Lesions,Excision Biopsy (Open);VIP;5970000;2090000
9742;SRG I_Lymph Node,Various Lesions,Biopsy;VIP;5790000;2030000
9743;SRG I_Maxilla,Alveolar Cleft (Unilateral Complete),Bone Graft And Closure Of Naso Buccal Fistula;VIP;14400000;5040000
9744;SRG I_Maxilla,Fracture - Lefort II (Complex),Open Reduction And Fixation;VIP;16800000;5880000
9745;SRG I_Maxilla,Various Lesions,Ostectomy/Osteotomy (>1 Segment);VIP;16800000;5880000
9746;SRG I_Maxilla,Various Lesions,Resection/Hemimaxillectomy (Open Or Endoscopic Method);VIP;14400000;5040000
9747;SRG I_Mouth,Cleft Lip,Unilateral Primary Repair;VIP;8520000;2990000
9748;SRG I_Mouth,Tumor,Radical Excision Biopsy with Resection Of Mandible And Lymph Nodes And Reconstruction;VIP;24960000;8740000
9749;SRG I_Mucous Membrane,Tumor/Cyst/Ulcer/Scar,Excision;VIP;3720000;1310000
9750;SRG I_Nerve (Upper Limb),Carpal Tunnel Syndrome,Release with Endoneurolysis (Bilateral);VIP;29480000;10320000
9751;SRG I_Nerve (Upper Limb),Carpal Tunnel Syndrome,Release with Endoneurolysis (Unilateral);VIP;20150000;7060000
9752;SRG I_Nerve (Upper Limb),Entrapment Syndrome (Others),Decompression (Unilateral);VIP;18540000;6490000
9753;SRG I_Nerve (Upper Limb),Guyon's Tunnel Syndrome,Release (Unilateral);VIP;18540000;6490000
9754;SRG I_Nerve Root (Cervical),,Block (Injection Of Anaesthetic - Therapeutic Substance) (>1 level);VIP;21320000;7470000
9755;SRG I_Nerve Root (Lumbar/Thoracic),,Block (Injection Of Anaesthetic - Therapeutic Substance) (1 level);VIP;21320000;7470000
9756;SRG I_Nose,Hematoma/Abscess,Evacuation/Incision & Drainage;VIP;4320000;1520000
9757;SRG I_Nose,Various Lesions (Turbinates),Turbinectomy/Turbinoplasty/Submucous Resection (with/without Endoscopes);VIP;9650000;3380000
9758;SRG I_Nose,Various Lesions,Septoplasty/Submucous Resection;VIP;12000000;4200000
9759;SRG I_Ovary,Malignant Tumor/Cyst,Total Hysterectomy Bilateral Salpingo-Oophorectomy with Omentectomy,Surgical Staging with/without Lymphadenectomy (Laparoscopy);VIP;26040000;9120000
9760;SRG I_Ovary,Malignant Tumor/Cyst,Total Hysterectomy Bilateral Salpingo-Oophorectomy with Omentectomy,Surgical Staging with/without Lymphadenectomy (Open);VIP;18600000;6510000
9761;SRG I_Ovary,Tumor/Cyst,Cystectomy (Complicated >5cm - Laparoscopy);VIP;15620000;5470000
9762;SRG I_Ovary,Tumor/Cyst,Cystectomy (Complicated >5cm);VIP;11160000;3910000
9763;SRG I_Ovary,Tumor/Cyst,Cystectomy (Simple <5cm - Laparoscopy);VIP;13940000;4890000
9764;SRG I_Ovary,Tumor/Cyst,Cystectomy (Simple <5cm);VIP;9960000;3490000
9765;SRG I_Ovary,Tumor/Cyst,Oophorectomy/Salpingo-Oophorectomy (Complicated);VIP;13440000;4710000
9766;SRG I_Ovary,Tumor/Cyst,Oophorectomy/Salpingo-Oophorectomy (Simple);VIP;10010000;3510000
9767;SRG I_Paravertebral Region,Block,Anaesthetic (>2 levels);VIP;21320000;7470000
9768;SRG I_Parotid,,Total Parotidectomy with/without Preservation Of Facial Nerve;VIP;22690000;7950000
9769;SRG I_Parotid,Tumor,Superficial Parotidectomy;VIP;14690000;5150000
9770;SRG I_Pelvis,Fracture,Fixation Of Anterior And Posterior Ring;VIP;25800000;9030000
9771;SRG I_Penis,,Dorsumcision;VIP;5830000;2050000
9772;SRG I_Penis,,V. Spermatika Interna Ligation (Microsurgery);VIP;12240000;4290000
9773;SRG I_Penis,Buried Penis,Buried Penis Surgery;VIP;8520000;2990000
9774;SRG I_Penis,Congenital Organ Abnormality,Webbed Penis Excision;VIP;8520000;2990000
9775;SRG I_Penis,Glanular Hypospadias,Meatoplasty And Circumcision;VIP;5830000;2050000
9776;SRG I_Penis,Hypospadias,Correction Of Chordee;VIP;10020000;3510000
9777;SRG I_Penis,Hypospadias,Urethral Reconstruction;VIP;15960000;5590000
9778;SRG I_Penis,Hypospadias,Urethral Reconstruction & Correction Of Chordee;VIP;20010000;7010000
9779;SRG I_Penis,Paraphimosis/Phimosis/Reduction Prepuce,Circumcision;VIP;5830000;2050000
9780;SRG I_Penis,Penoscrotal Transposition,Reconstruction;VIP;20010000;7010000
9781;SRG I_Penis,Priapism,Priapism Operation (Winter Procedure);VIP;8520000;2990000
9782;SRG I_Penis,Trauma,Reconstruction (1st Stage);VIP;16900000;5920000
9783;SRG I_Penis,Trauma,Reconstruction (2nd Stage);VIP;16900000;5920000
9784;SRG I_Penis,Various Lesions,Insertion Of Penile Prosthesis;VIP;20020000;7010000
9785;SRG I_Peripheral Nerve,Block,Anaesthetic (Up To 2 Nerves);VIP;18540000;6490000
9786;SRG I_Prostate Gland,,Simple Prostatectomy (Laparoscopy);VIP;18820000;6590000
9787;SRG I_Prostate Gland,,Simple Prostatectomy (Open);VIP;13440000;4710000
9788;SRG I_Prostate Gland,Various Lesions,Biporal Transurethral Resection Of Prostate (Bipolar Turp);VIP;17400000;6090000
9789;SRG I_Prostate Gland,Various Lesions,Open Prostatectomy And Sectio Alta;VIP;8520000;2990000
9790;SRG I_Prostate Gland,Various Lesions,Radical Prostatectomy (Laparoscopy);VIP;30390000;10640000
9791;SRG I_Prostate Gland,Various Lesions,Radical Prostatectomy (Open);VIP;21710000;7600000
9792;SRG I_Prostate Gland,Various Lesions,Saturation Prostate Biopsy;VIP;5780000;2030000
9793;SRG I_Prostate Gland,Various Lesions,Trans-Rectal Ultrasound (TRUS);VIP;3120000;1100000
9794;SRG I_Prostate Gland,Various Lesions,Trans-Rectal Ultrasound (TRUS) Guided Biopsy;VIP;3120000;1100000
9795;SRG I_Prostate Gland,Various Lesions,Transurethral Resection Of Prostate (TURP) >30gm;VIP;14880000;5210000
9796;SRG I_Radius And Ulna,Fracture/Dislocation,Open Reduction And Internal Fixation with/without Bone Grafting;VIP;17400000;6090000
9797;SRG I_Rectum,,Ultra-Low Anterior Resection (Total Mesorectal Excision) with/without PLND;VIP;20080000;7030000
9798;SRG I_Scrotum,Hydrocele/Varicocele (Unilateral),Excision;VIP;7750000;2720000
9799;SRG I_Scrotum,Varicocele,Varicocelectomy (Palomo);VIP;6480000;2270000
9800;SRG I_Shoulder Fracture/Dislocation,,Open Reduction And Internal Fixation (3 Or More Part Fracture);VIP;17400000;6090000
9801;SRG I_Shoulder,,Acromioclavicular Joint Stabilisation/Reconstruction;VIP;17400000;6090000
9802;SRG I_Shoulder,,Therapeutic Arthroscopy;VIP;24000000;8400000
9803;SRG I_Shoulder,Shoulder Soft Tissue Injury,Decompression Alone (Open/Laparoscopy);VIP;22500000;7880000
9804;SRG I_Shoulder,Shoulder Soft Tissue Injury,Decompression with Cuff Repair (Open/Laparoscopy);VIP;25200000;8820000
9805;SRG I_Shoulder,Shoulder Soft Tissue Injury,MIS Repair With Superior Labrum From Anterior To Posterior (Slap) Repair/Rotator Cuff Repair;VIP;28800000;10080000
9806;SRG I_Shoulder,Shoulder Soft Tissue Injury,Open Bankart Repair With Superior Labrum From Anterior To Posterior (Slap) Repair/Rotator Cuff Repair;VIP;22220000;7780000
9807;SRG I_Shoulder,Various Lesions,Hemiarthroplasty;VIP;20020000;7010000
9808;SRG I_Sinuses,Nasal,Foreign Body/Other Lesions,Intranasal Operation/Removal Of Foreign Body;VIP;6480000;2270000
9809;SRG I_Sinuses,Nasal,Infection,Functional Sinuscopic Drainage Of Ethmoidal/ Maxillary Sinuses;VIP;13440000;4710000
9810;SRG I_Sinuses,Nasal,Infection,Functional Sinuscopic Ethmoidectomy (Bilateral);VIP;16750000;5870000
9811;SRG I_Sinuses,Nasal,Infection,Functional Sinuscopic Ethmoidectomy (Unilateral);VIP;11980000;4200000
9812;SRG I_Skin And Subcutaneous Tissue (Ear/Nose/Eyelid/Face),Complex Lacerations,Repair;VIP;8700000;3050000
9813;SRG I_Skin And Subcutaneous Tissue (Face And Neck),Scar (>3cm),Revision;VIP;5970000;2090000
9814;SRG I_Skin And Subcutaneous Tissue,Burns,Escharotomy (Extensive);VIP;3120000;1100000
9815;SRG I_Skin And Subcutaneous Tissue,Burns,Escharotomy (Limited);VIP;1560000;550000
9816;SRG I_Skin And Subcutaneous Tissue,Deep (>3cm)/Extensive Contaminated Wound,Debridement;VIP;7760000;2720000
9817;SRG I_Skin And Subcutaneous Tissue,Defect,Direct Flap (Cross Finger/Similar Flaps);VIP;12660000;4440000
9818;SRG I_Skin And Subcutaneous Tissue,Defect,Single Stage Local Flap (Complicated/Large);VIP;16260000;5700000
9819;SRG I_Skin And Subcutaneous Tissue,Hematoma/Carbuncle Cellulitis/Similar Lesion>3cm,Saucerisation/Incision with Drainage;VIP;5180000;1820000
9820;SRG I_Skin And Subcutaneous Tissue,Sinus (Shallow<3cm),Excision with/without Biopsy;VIP;1800000;630000
9821;SRG I_Skin And Subcutaneous Tissue,Tumor/Cyst/Ulcer/Scar,Excision Biopsy  (> 15mm diameter);VIP;3120000;1100000
9822;SRG I_Skin And Subcutaneous Tissue,Wound,Debridement (<3cm);VIP;1740000;610000
9823;SRG I_Skin,Burns (2% To 5%),Excision;VIP;5090000;1790000
9824;SRG I_Skin,Burns (More Than 10%),Dressing;VIP;5980000;2100000
9825;SRG I_Skin,Keratoses/Warts/Tags/Similar Lesions,Excision (6 - 10 Lesions);VIP;3120000;1100000
9826;SRG I_Skin,Keratoses/Warts/Tags/Similar Lesions,Excision (More Than10 Lesions);VIP;6480000;2270000
9827;SRG I_Skin,Keratoses/Warts/Tags/Similar Lesions,Excision (Not More Than 5 Lesions);VIP;1560000;550000
9828;SRG I_Skin,Plantar Wart,Excision Or Vaporisation By Laser;VIP;1560000;550000
9829;SRG I_Skull,Intracranial Hemorrhage,Osteoplastic Craniotomy/Extensive Craniectomy (Unilateral);VIP;63970000;22400000
9830;SRG I_Soft Tissue (Lower Limb),Contracture,Major Release;VIP;12240000;4290000
9831;SRG I_Soft Tissue (Lower Limb),Contracture,Minor Release;VIP;6480000;2270000
9832;SRG I_Soft Tissue (Lower Limb),Small Tumors (Benign),Excision Biopsy Under General Anesthesia;VIP;3970000;1400000
9833;SRG I_Soft Tissue (Lower Limb),Tumors (Benign),Wide Excision Biopsy;VIP;9780000;3430000
9834;SRG I_Soft Tissue (Upper Limb),Tumors (Benign),Major Excision Biopsy;VIP;9780000;3430000
9835;SRG I_Soft Tissue (Upper Limb),Tumors (Malignant),Wide Excision Biopsy;VIP;12480000;4370000
9836;SRG I_Soft Tissue,Tumor (Malignant),Wide Excision Biopsy <7cm Other Than Upper/Lower Limbs;VIP;7760000;2720000
9837;SRG I_Spermatic Cord,Spermatocele/Epididymal Cyst,Excision;VIP;7750000;2720000
9838;SRG I_Spine (exclude Cervical Spine),Various Lesions,Interbody Fusion (Single Segment) with Anterior/Posterior Instrumentation;VIP;43200000;15120000
9839;SRG I_Spine,,Facet Joint Block (Injection Of Anaesthetic Or Therapeutic Substance) up to 3 Joints;VIP;18540000;6490000
9840;SRG I_Spine,,Removal Of Spine Implants without Other Procedures (Anterior Approach);VIP;22220000;7780000
9841;SRG I_Spine,,Vertebroplasty Or Kyphoplasty (Multiple Levels);VIP;32040000;11220000
9842;SRG I_Spine,,Vertebroplasty Or Kyphoplasty (Single Level);VIP;21360000;7480000
9843;SRG I_Spine,Fracture-Dislocation,Open Reduction And Stabilisation;VIP;29660000;10390000
9844;SRG I_Spine,Infection,Posterior Drainage,Debridement And Removal Of Implants,without Fusion Or Other Procedures;VIP;22220000;7780000
9845;SRG I_Spine,Percutaneous Disc Ablation,2 Or More Levels (Intradiscal Electrothermal Annuloplasty/IDET);VIP;26100000;9140000
9846;SRG I_Spine,Percutaneous Disc Ablation,Single Level (Intradiscal Electrothermal Annuloplasty/IDET);VIP;17400000;6090000
9847;SRG I_Spine,Syringomyelia,Laminectomy And Drainage;VIP;29660000;10390000
9848;SRG I_Spleen,Trauma,Splenectomy;VIP;16440000;5760000
9849;SRG I_Spleen,Various Non-Traumatic Lesions,Splenectomy (Open);VIP;13440000;4710000
9850;SRG I_Tendon Sheath (Upper Limb),De Quervain's (Bilateral),Release;VIP;14880000;5210000
9851;SRG I_Tendon Sheath (Upper Limb),De Quervain's (Unilateral),Release;VIP;11160000;3910000
9852;SRG I_Tendon Sheath (Upper Limb),Ganglion/Villo-Nodular Synovitis,Excision;VIP;7220000;2530000
9853;SRG I_Tendon Sheath And Subcutaneous Tissue,Ganglion/Large Bursa,Excision Biopsy (>3cm) ;VIP;6480000;2270000
9854;SRG I_Tendon Sheath And Subcutaneous Tissue,Ganglion/Small Bursa,Excision Biopsy (<3cm) ;VIP;5900000;2070000
9855;SRG I_Tendon-Achilles (Lower Limb),Disruption,Repair;VIP;12000000;4200000
9856;SRG I_Testis,Inguinal,Hydrocele,High Ligation Surgery;VIP;8520000;2990000
9857;SRG I_Testis,Undescended/Ectopic (Bilateral),Orchidopexy/Transplantation with Hernia Repair;VIP;14990000;5250000
9858;SRG I_Testis,Undescended/Ectopic (Unilateral),Orchidopexy/Transplantation with Hernia Repair;VIP;10710000;3750000
9859;SRG I_Testis,Variocoele,Spermatic Vein Embolisation;VIP;9070000;3180000
9860;SRG I_Testis,Various Lesions,Exploration/Repair;VIP;4280000;1500000
9861;SRG I_Testis,Various Lesions,Orchidectomy (Simple - Laparoscopy);VIP;16280000;5700000
9862;SRG I_Testis,Various Lesions,Orchidectomy (Simple);VIP;11630000;4070000
9863;SRG I_Thorax,,Decortication (Laparoscopy);VIP;25780000;9030000
9864;SRG I_Thorax,Effusion/Fluid/Abscess Collection,Imaging Guided Percutaneous Aspiration/Diagnostic Tap;VIP;6880000;2410000
9865;SRG I_Thorax,Pleural Effusion,Aspiration;VIP;2270000;800000
9866;SRG I_Thorax,Pleural Effusion,Biopsy;VIP;2840000;1000000
9867;SRG I_Thorax,Tumor (Mediastinal),Complex Resection;VIP;26640000;9330000
9868;SRG I_Thorax,Tumor (Mediastinal),Resection;VIP;21160000;7410000
9869;SRG I_Thorax,Various Lesions,Intercostal Drain (Insertion without Resection Of Rib);VIP;8630000;3020000
9870;SRG I_Thorax,Various Lesions,Thoracotomy (Exploration) with/without Biopsy;VIP;12220000;4280000
9871;SRG I_Thyroglossal Duct,Cyst Fistula,Excision;VIP;7270000;2550000
9872;SRG I_Thyroid,Various Lesions,Hemithyroidectomy/Partial Thyroidectomy;VIP;16300000;5710000
9873;SRG I_Thyroid,Various Lesions,Total/Subtotal Thyroidectomy;VIP;16380000;5740000
9874;SRG I_Thyroid,Various Lesions,Total/Subtotal Thyroidectomy with Neck Dissection (Unilateral);VIP;32590000;11410000
9875;SRG I_Tibia,Fracture,Open Reduction And Internal Fixation with Plates And Screws (Comminuted);VIP;22620000;7920000
9876;SRG I_Tibia,Fracture,Open Reduction and Internal Fixation with Plates And Screws (Simple);VIP;17400000;6090000
9877;SRG I_Tibia,Tibial Plateau,Tibia Plateau Unicondylar ORIF;VIP;17400000;6090000
9878;SRG I_Tongue,Tumor,Glossectomy with Radical Neck Dissection;VIP;17400000;6090000
9879;SRG I_Tongue,Tumor,Hemi-Glossectomy;VIP;8520000;2990000
9880;SRG I_Tongue,Tumor,Total Glossectomy;VIP;9600000;3360000
9881;SRG I_Tonsils,Abscess,Drainage;VIP;1560000;550000
9882;SRG I_Tonsils,Various Lesions,Removal;VIP;7980000;2800000
9883;SRG I_Trachea,Tracheostomy,Revision And Reinsertion;VIP;10400000;3650000
9884;SRG I_Trachea,Various Lesions,Trachea Reconstruction;VIP;16150000;5660000
9885;SRG I_Trachea,Various Lesions,Tracheostomy;VIP;7520000;2640000
9886;SRG I_Upper Limb,Fracture/Dislocation,Manipulation And Reduction;VIP;4800000;1680000
9887;SRG I_Ureter,,Anastomosis End To End Ureter;VIP;9800000;3430000
9888;SRG I_Ureter,,Cystoscopy And Insertion Of Double J Stent;VIP;9800000;3430000
9889;SRG I_Ureter,,Extra Corporeal Shockwave Lithotripsy (ESWL) For Ureteric Stone;VIP;12240000;4290000
9890;SRG I_Ureter,,Ureteroscopy;VIP;7760000;2720000
9891;SRG I_Ureter,Calculus,Ureteroscopy And Lithotripsy with/without Ultrasound;VIP;14080000;4930000
9892;SRG I_Ureter,Calculus,Ureteroscopy And Lithotripsy with/without Ultrasound (Laser);VIP;20010000;7010000
9893;SRG I_Ureter,Various Lesions,Intestinal Conduit;VIP;18980000;6650000
9894;SRG I_Ureter,Various Lesions,Reimplantation (Bilateral);VIP;20010000;7010000
9895;SRG I_Ureter,Various Lesions,Reimplantation (Unilateral);VIP;14080000;4930000
9896;SRG I_Ureter,Various Lesions,Reimplantation,Laparoscopy (Unilateral);VIP;20010000;7010000
9897;SRG I_Ureter,Various Lesions,Ureterotomy/Insertion Of Double J Stent;VIP;10370000;3630000
9898;SRG I_Urethra,,Ureteroscopy;VIP;6480000;2270000
9899;SRG I_Urethra,Hypospadias,Meatoplasty;VIP;3590000;1260000
9900;SRG I_Urethra,Injury,Repair/Urethroplasty Of Anterior Urethra;VIP;10370000;3630000
9901;SRG I_Urethra,Meatal Stenosis,Meatotomy;VIP;3720000;1310000
9902;SRG I_Urethra,Various Lesions,Sachse Internal Urethrotomy;VIP;14080000;4930000
9903;SRG I_Urethra,Various Lesions,Staged Urethroplasty (Each Stage);VIP;14080000;4930000
9904;SRG I_Uterus,,Sub-Total/Total Hysterectomy with/without Salpingo-Oophorectomy;VIP;16210000;5680000
9905;SRG I_Uterus,Endometriosis,Hysterectomy with Salpingo-Oophorectomy;VIP;17400000;6090000
9906;SRG I_Uterus,Endometriosis,Hysterectomy without Salpingo-Oophorectomy;VIP;12240000;4290000
9907;SRG I_Uterus,Fibroids,Myomectomy (Complicated >5cm/Multiple >2/Challenging Location);VIP;15360000;5380000
9908;SRG I_Uterus,Fibroids,Myomectomy (Simple <5cm - Laparoscopy);VIP;17720000;6210000
9909;SRG I_Uterus,Fibroids,Myomectomy (Simple <5cm - Open);VIP;12660000;4440000
9910;SRG I_Uterus,Malignant Condition,Radical Hysterectomy with/without Lymphadenectomy;VIP;19070000;6680000
9911;SRG I_Uterus,Malignant Condition,Radical Hysterectomy with/without Lymphadenectomy (Laparoscopy);VIP;26700000;9350000
9912;SRG I_Uterus,Malignant Condition,Total Hysterectomy with/without Salpingo-Oophorectomy with/without Lymph Node Dissection (Open);VIP;17400000;6090000
9913;SRG I_Uterus,Pregnancy And Multiparity,Uncomplicated Caesarean Section And Tubal Ligation;VIP;11440000;4010000
9914;SRG I_Uterus,Pregnancy,Caesarean Section with Hysterectomy;VIP;19400000;6800000
9915;SRG I_Uterus,Pregnancy,Uncomplicated Caesarean Section;VIP;9520000;3340000
9916;SRG I_Uterus,Various Lesions,Curettage with/without Dilatation;VIP;3120000;1100000
9917;SRG I_Uterus/Cervix,Hysteroscopy,Diagnostic with General Anesthesia;VIP;3500000;1230000
9918;SRG I_Vas Deferens,,Vasovasostomy;VIP;14080000;4930000
9919;SRG I_Vas Deferens,Various Lesions,Varicocelectomy (Microsurgical);VIP;14080000;4930000
9920;SRG I_Vas Deferens,Various Lesions,Vasectomy;VIP;5800000;2030000
9921;SRG I_Vein,Arterio-Venous Fistula,Dissection And Ligation;VIP;3410000;1200000
9922;SRG I_Vein,Bleeding Varicosities/Vascular Malformation,Image Guided Sclerotherapy Injection;VIP;10280000;3600000
9923;SRG I_Vein,Varicosity,High Ligation And Complete Stripping/Excision Of Long/Long And Short Saphenous Vein;VIP;12780000;4480000
9924;SRG I_Vulva,Abscess,Incision;VIP;2980000;1050000
9925;SRG I_Vulva,Bartholin Cyst,Incision/Marsupialization with/without Use Of Laser;VIP;2980000;1050000
9926;SRG I_Vulva,Malignant Condition,Radical Vulvectomy With Groin Dissection And With Or Without Skin Flap Closure;VIP;27300000;9560000
9927;SRG I_Wrist,Distal Or Radial Ulnar Joint (DRUJ) Instability,Complex Ligament Reconstruction;VIP;22220000;7780000
9928;SRG I_Wrist,Distal Radius Fracture,Open Reduction And Internal Fixation (ORIF) with Ulnar Head/Styloid Fixation/Tfcc Repair;VIP;17400000;6090000
9929;SRG II_Abdomen/Pelvis,Various Lesions,Insertion Of Peritoneal Dialysis Catheter;VIP;4060000;1420000
9930;SRG II_Abdomen/Pelvis,Various Lesions,Removal Of Peritoneal Dialysis Catheter;VIP;4060000;1420000
9931;SRG II_Abdominal Cavity,Adhesions,Lysis As Primary Procedure with/without Bowel Resection (Laparoscopy);VIP;15910000;5570000
9932;SRG II_Abdominal Cavity,Adhesions,Lysis As Primary Procedure with/without Bowel Resection (Open);VIP;11930000;4180000
9933;SRG II_Abdominal Cavity,Multiple Ruptures,Major Repair/Removal;VIP;31150000;10900000
9934;SRG II_Abdominal Cavity,Various Lesions,Colostomy/Enterostomy/Gastrostomy (Laparoscopy);VIP;21860000;7650000
9935;SRG II_Abdominal Cavity,Various Lesions,Colostomy/Enterostomy/Gastrostomy (Open);VIP;15620000;5470000
9936;SRG II_Abdominal Cavity,Various Lesions,Exploratory Laparotomy;VIP;11230000;3930000
9937;SRG II_Abdominal Wall,Epigastric/Umbilical Hernia,Repair (Open);VIP;10070000;3520000
9938;SRG II_Abdominal Wall,Inguinal Hernia (Infants & Children),Herniotomy (Bilateral);VIP;14090000;4930000
9939;SRG II_Abdominal Wall,Inguinal Hernia (Infants & Children),Herniotomy (Unilateral);VIP;10070000;3520000
9940;SRG II_Abdominal Wall,Inguinal/Femoral Hernia,Bilateral Herniorrhaphy (Laparoscopy);VIP;33760000;11810000
9941;SRG II_Abdominal Wall,Inguinal/Femoral Hernia,Bilateral Herniorrhaphy (Open);VIP;24110000;8440000
9942;SRG II_Abdominal Wall,Inguinal/Femoral Hernia,Unilateral Herniorrhaphy (Laparoscopy);VIP;24110000;8440000
9943;SRG II_Abdominal Wall,Inguinal/Femoral Hernia,Unilateral Herniorrhaphy (Open);VIP;17220000;6030000
9944;SRG II_Abdominal Wall,Strangulated/Obstructed Hernia,Repair with Bowel Resection;VIP;26050000;9120000
9945;SRG II_Abdominal Wall,Strangulated/Obstructed Hernia,Repair without Bowel Resection;VIP;21060000;7370000
9946;SRG II_Abdominal Wall,Ventral/Incisional/Recurrent Hernia,Repair (Open);VIP;23510000;8230000
9947;SRG II_Adenoids,Various Lesions,Removal;VIP;8890000;3110000
9948;SRG II_Adrenals,Various Lesions,Biopsy/Excision (Laparoscopy);VIP;26750000;9360000
9949;SRG II_Adrenals,Various Lesions,Biopsy/Excision (Open);VIP;19090000;6680000
9950;SRG II_Ankle,,Therapeutic Arthroscopy;VIP;23560000;8240000
9951;SRG II_Ankle,Ankle Fracture,Bimalleolar ORIF;VIP;28080000;9830000
9952;SRG II_Ankle,Ankle Fracture,Unimalleolar ORIF;VIP;18720000;6550000
9953;SRG II_Ankle,Dislocation,Open Reduction;VIP;14450000;5060000
9954;SRG II_Ankle,Various Lesions,Repair Of Ligaments;VIP;14510000;5080000
9955;SRG II_Anus,Fissure,Excision/Lateral Sphincterotomy;VIP;7770000;2720000
9956;SRG II_Anus,Fistula-In-Ano (High),Complex And Recurrent Fistulectomy;VIP;11510000;4030000
9957;SRG II_Anus,Fistula-In-Ano,Excision/ Fistulectomy;VIP;7770000;2720000
9958;SRG II_Anus,Fistula-In-Ano,Insertion Of Seton;VIP;12290000;4300000
9959;SRG II_Anus,Hemorrhoids,Hemorrhoidectomy with/without Sigmoidoscopy;VIP;8580000;3000000
9960;SRG II_Anus,Hemorrhoids,Laser Haemorrhoidectomy;VIP;16120000;5640000
9961;SRG II_Anus,Hemorrhoids,Removal Of External Anal Tags;VIP;3870000;1350000
9962;SRG II_Anus,Hemorrhoids,Stapled Haemorrhoidectomy;VIP;11510000;4030000
9963;SRG II_Anus,Hemorrhoids,Transanal Haemorrhoidal Dearterialization (THD);VIP;7490000;2620000
9964;SRG II_Anus,Perineal Abscess,Saucerisation/Drainage;VIP;8410000;2940000
9965;SRG II_Anus,Stricture,Dilatation;VIP;2030000;710000
9966;SRG II_Aorta,,Total Arch Replacement;VIP;112480000;39370000
9967;SRG II_Aorta,Aneurysm,Juxtarenal Type;VIP;29500000;10320000
9968;SRG II_Aorta,Ruptured Aortic Aneurysm (Thoracic Or Abdominal),Endo-Vascular Aortic Repair;VIP;46800000;16380000
9969;SRG II_Aorta,Thoraco-Abdominal Aneurysm,Excision And Insertion Of Graft;VIP;112480000;39370000
9970;SRG II_Aortic Dissection,,Endovascular Fenestration;VIP;8670000;3040000
9971;SRG II_Aortic Dissection,,Endovascular Stent Graft Repair;VIP;33310000;11660000
9972;SRG II_Appendix,Various Lesions/Abscess,Appendicectomy with/without Drainage (Laparoscopy);VIP;19090000;6680000
9973;SRG II_Appendix,Various Lesions/Abscess,Appendicectomy with/without Drainage (Open);VIP;15300000;5360000
9974;SRG II_Arteriovenous Fistula Graft,,Thrombectomy;VIP;12920000;4520000
9975;SRG II_Arteriovenous Fistula,,Angiogram;VIP;6240000;2180000
9976;SRG II_Arteriovenous Fistula,,Synthetic Graft;VIP;27500000;9630000
9977;SRG II_Artery,Intracranial,Thrombosis,Percutaneous Catheter Directed Thrombolysis/Thrombectomy;VIP;83160000;29110000
9978;SRG II_Artery,Various Lesions,Arterio-Venuous Fistula Creation;VIP;17130000;6000000
9979;SRG II_Bladder,Calculus,Vesicolithotomy/Litholapaxy/Ultrasonic Lithotripsy;VIP;18300000;6400000
9980;SRG II_Bladder,Cystoscopy with/without Biopsy;VIP;4840000;1690000
9981;SRG II_Bladder,Cystoscopy,Removal Of Foreign Body/Ureteric Stent;VIP;5660000;1980000
9982;SRG II_Bladder,Cystoscopy,with Endoscopic Resection/Incision Of Bladder Neck;VIP;11620000;4070000
9983;SRG II_Bladder,Retention Of Urine,Suprapubic Cystostomy;VIP;9160000;3210000
9984;SRG II_Bladder,Various Lesions,Total Radical Cystectomy,For Malignancy (Laparoscopy);VIP;37320000;13060000
9985;SRG II_Bladder,Various Lesions,Total Radical Cystectomy,For Malignancy (Open);VIP;26680000;9340000
9986;SRG II_Bladder,Vesico-Rectal Fistula,Correction;VIP;15910000;5570000
9987;SRG II_Bladder,Vesico-Vaginal Fistula,Correction;VIP;27550000;9640000
9988;SRG II_Bladder/Ureter,Cystoscopy,with Ureteric Catheterisation;VIP;6880000;2410000
9989;SRG II_Bladder/Urethra,,Transurethral Resection Of Bladder Tumour (<3cm);VIP;15510000;5430000
9990;SRG II_Bladder/Urethra,,Transurethral Resection Of Bladder Tumour (>3cm);VIP;22250000;7790000
9991;SRG II_Bladder/Urethra,Cystoscopy,with Urethral Dilatation;VIP;6880000;2410000
9992;SRG II_Blood Vessels,Subcutaneous Implanted Vascular Port,Insertion;VIP;8540000;2990000
9993;SRG II_Blood Vessels,Subcutaneous Implanted Vascular Port,Removal;VIP;4600000;1610000
9994;SRG II_Bone (Lower Limb),,Grade 1 And 2 Open Fractures/Open Dislocation Or Open Fracture-Dislocation Wound Debridement;VIP;7800000;2730000
9995;SRG II_Bone (Lower Limb),Deformities,Corrective Surgery with Internal Fixation with/without Fluoroscopy;VIP;25740000;9010000
9996;SRG II_Bone (Lower Limb),Deformities,Corrective Surgery with Osteotomy Alone;VIP;22620000;7920000
9997;SRG II_Bone (Lower Limb),Fracture/Dislocation,Manipulation And Kirschner Wire Fixation;VIP;14820000;5190000
9998;SRG II_Bone (Upper Limb),Grade 1 And 2 Open Fractures/Open Dislocation Or Open Fracture-Dislocation,Wound Debridement;VIP;7800000;2730000
9999;SRG II_Bone And Joints (Lower Limb),,Removal Of Simple Implants (Rush Rods/Wires/K-Wires/Pins/Screws);VIP;9980000;3490000
10000;SRG II_Bone And Joints (Lower Limb),Plates And Screws/Nails,Removal;VIP;17380000;6080000
10001;SRG II_Bone And Joints (Upper Limb),,Removal Of Simple Implants (Rush Rods/Wires/K-Wires/Pins/Screws);VIP;9980000;3490000
10002;SRG II_Bone And Joints (Upper Limb),Plates And Screws,Removal;VIP;17380000;6080000
10003;SRG II_Brain,,Deep Brain Stimulation (Unilateral);VIP;83160000;29110000
10004;SRG II_Brain,Aneurysm/Arterio-Venous Malformation,Clipping/Excision (Complex);VIP;83160000;29110000
10005;SRG II_Brain,Hydrocephalus And Other Lesions,Ventriculoatrial/Ventriculoperitoneal Shunt;VIP;83160000;29110000
10006;SRG II_Brain,Hydrocephalus,External Ventricular Drainage (Unilateral);VIP;83160000;29110000
10007;SRG II_Brain,Intracerebral Tumor,Biopsy And/Or Decompression/Removal Via Craniotomy (Complex);VIP;83160000;29110000
10008;SRG II_Brain,Intracerebral Tumor,Biopsy And/Or Decompression/Removal Via Craniotomy (Simple);VIP;83160000;29110000
10009;SRG II_Brain,Intracranial Abscess,Craniectomy And Drainage;VIP;83160000;29110000
10010;SRG II_Brain,Intracranial Extracerebral Tumor,Craniotomy/Hemispherectomy;VIP;83160000;29110000
10011;SRG II_Breast (Nipple),Various Lesions,Graft And/Or Flap Reconstruction (Bilateral);VIP;20390000;7140000
10012;SRG II_Breast (Nipple),Various Lesions,Graft And/Or Flap Reconstruction (Unilateral);VIP;14600000;5110000
10013;SRG II_Breast,Gynecomastia,Reduction (Unilateral);VIP;9640000;3370000
10014;SRG II_Breast,Lump (Single),Excision Biopsy;VIP;7880000;2760000
10015;SRG II_Breast,Lumps (Multiple/Bilateral),Excision Biopsy;VIP;11790000;4130000
10016;SRG II_Breast,Post Mastectomy,Reconstruction Using Free Flap (Unilateral);VIP;73910000;25870000
10017;SRG II_Breast,Post Mastectomy,Reconstruction Using Pedicled Transverse Rectus Abdominis Musculocutaneous Flap (Bilateral);VIP;51820000;18140000
10018;SRG II_Breast,Post Mastectomy,Reconstruction Using Pedicled Transverse Rectus Abdominis Musculocutaneous Flap (Unilateral);VIP;43230000;15130000
10019;SRG II_Breast,Tumor (Malignant),Radical Mastectomy with/without Axiliary Clearance;VIP;25130000;8800000
10020;SRG II_Breast,Tumor (Malignant),Simple Mastectomy;VIP;15130000;5300000
10021;SRG II_Breast,Tumor (Malignant),Simple Mastectomy with Sentinel Node Biopsy/ Axiliary Node Sampling;VIP;20280000;7100000
10022;SRG II_Breast,Tumor (Malignant),Wide Excision/ Lumpectomy/Segmental Mastectomy/ Partial Mastectomy;VIP;24800000;8680000
10023;SRG II_Breast,Tumor (Malignant),Wide Excision/ Lumpectomy/Segmental Mastectomy/ Partial Mastectomy with Axiliary Clearance with/without Sentinel Node Biopsy;VIP;24800000;8680000
10024;SRG II_Breast,Tumor (Malignant),Wide Excision/ Lumpectomy/Segmental Mastectomy/ Partial Mastectomy with Sentinel Node Biopsy/ Axiliary Node Sampling;VIP;24800000;8680000
10025;SRG II_Breast,Various Lesions,Subcutaneous Mastectomy Bilateral excluding Gynaecomastia;VIP;28890000;10110000
10026;SRG II_Breast,Various Lesions,Subcutaneous Mastectomy Unilateral excluding Gynaecomastia;VIP;14450000;5060000
10027;SRG II_Breast,Various Lesions,Trucut Biopsy,Ultrasound Guided Or Stereotactic (Single);VIP;2430000;850000
10028;SRG II_Breast,Various Lesions,Wire Localisation,Excision (Multiple);VIP;12780000;4470000
10029;SRG II_Bronchus/Lung,,Bronchoscopy with/without Biopsy;VIP;10160000;3550000
10030;SRG II_Carpus,Fracture/Dislocation,Open Reduction And Internal Fixation;VIP;22620000;7920000
10031;SRG II_Cervical Spine,Various Lesions,Anterior Decompression And Fusion Or Disc Replacement (1 Segment);VIP;39000000;13650000
10032;SRG II_Cervical Spine,Various Lesions,Anterior Decompression And Fusion Or Disc Replacement (2 Segments);VIP;54600000;19110000
10033;SRG II_Cervical Spine,Various Lesions,Anterior Decompression And Fusion Or Disc Replacement (3 Or More Segments);VIP;76440000;26750000
10034;SRG II_Cervical Spine,Various Lesions,Laminoplasty (without Instrumentation);VIP;54600000;19110000
10035;SRG II_Cervix,Cancer,Radical Trachelectomy with/without Lymphadenectomy;VIP;19090000;6680000
10036;SRG II_Cervix,Cervical Intraepithelial Neoplasia,Cone Biopsy with/without Laser;VIP;8420000;2950000
10037;SRG II_Cervix,Polyp,Excision/Erosion (Complicated) Includes D&C with Biopsy;VIP;9200000;3220000
10038;SRG II_Cervix,Polyp,Excision/Erosion (Simple) with Biopsy;VIP;2610000;910000
10039;SRG II_Cervix,Transcervical Resection (TCR) Polyp (<2cm),Hysteroscopic;VIP;7640000;2680000
10040;SRG II_Cervix,Transcervical Resection (TCR) Polyp (>2cm),Hysteroscopic;VIP;10110000;3540000
10041;SRG II_Cervix,Transcervical Resection (TCR) Septum,Hysteroscopic;VIP;10060000;3520000
10042;SRG II_Cervix,Various Lesions,Colposcopy Ablational/Excisional Treatment (Laser Vapourisation/Loop Electrosurgical Excision Procedure/Laser Excision Of Transformation Zone with Biopsy);VIP;8420000;2950000
10043;SRG II_Clavicle,Clavicle Fracture,Delayed Union/Revision And ORIF with/without Bone Grafting;VIP;22620000;7920000
10044;SRG II_Clavicle,Clavicle Fracture,Simple;VIP;22620000;7920000
10045;SRG II_Colon,,Anterior Resection (Laparoscopy);VIP;29020000;10160000
10046;SRG II_Colon,,Anterior Resection (Open);VIP;26100000;9130000
10047;SRG II_Colon,Various Lesions,Colostomy;VIP;17820000;6240000
10048;SRG II_Colon,Various Lesions,Right/Left Hemicolectomy (Laparoscopy);VIP;28060000;9820000
10049;SRG II_Colon,Various Lesions,Right/Left Hemicolectomy (Open);VIP;20050000;7020000
10050;SRG II_Conjunctiva,Pterygium,Excision (Bare Sclera);VIP;8670000;3040000
10051;SRG II_Creation Of Ileal Neobladder;VIP;26680000;9340000
10052;SRG II_Diaphragm,Tumor,Excision;VIP;15910000;5570000
10053;SRG II_Diaphragm,Tumor,Excision with Wedge Resection Of Lung;VIP;18270000;6390000
10054;SRG II_Digit(s),Nailbed Laceration,Nailbed Grafting;VIP;12480000;4370000
10055;SRG II_Ear (Middle),,Cochlear Implant;VIP;19090000;6680000
10056;SRG II_Ear (Middle),Abscess/Inflammation,Operation;VIP;3700000;1290000
10057;SRG II_Ear,Foreign Body,Complex Removal/Excision (Embedded/Large);VIP;6520000;2280000
10058;SRG II_Ear,Laceration (Full Thickness),Repair (> 3cm);VIP;10110000;3540000
10059;SRG II_Ear,Tympanic Membrane,Perforation,Cauterisation/Diathermy;VIP;2430000;850000
10060;SRG II_Ear,Tympanic Membrane,Perforation,Round Window Repair;VIP;20120000;7040000
10061;SRG II_Ear,Tympanic Membrane,Unilateral Myringotomy with Tube;VIP;7800000;2730000
10062;SRG II_Ear,Tympanic Membrane,Unilateral Myringotomy without Tube;VIP;5620000;1970000
10063;SRG II_Ear,Various Lesions,Myringoplasty (Simple);VIP;8860000;3100000
10064;SRG II_Ear,Various Lesions,Ossicular Chain Reconstruction with/without Myringoplasty;VIP;12750000;4460000
10065;SRG II_Elbow,,Therapeutic Arthroscopy;VIP;23560000;8240000
10066;SRG II_Elbow,Coronoid Fracture,ORIF;VIP;22620000;7920000
10067;SRG II_Elbow,Dislocation,Ligament Repair (Complex,with/without Implant);VIP;20590000;7210000
10068;SRG II_Elbow,Dislocation,Ligament Repair (Single);VIP;14510000;5080000
10069;SRG II_Elbow,Fracture/ Dislocation,Repair Of Ligaments/ ORIF;VIP;22620000;7920000
10070;SRG II_Elbow,Fracture/Dislocation,Open Reduction And Internal Fixation (ORIF);VIP;22620000;7920000
10071;SRG II_Elbow,Tennis Elbow,Release;VIP;7020000;2460000
10072;SRG II_Eyelids,Simple Laceration,Repair;VIP;3900000;1370000
10073;SRG II_Eyelids,Various Lesions,Upper Blepharoplasty (Unilateral);VIP;23520000;8230000
10074;SRG II_Fallopian Tube,,Removal Of Ectopic Gestation;VIP;12360000;4320000
10075;SRG II_Fallopian Tube,,Sterilization (Laparoscopy);VIP;10160000;3550000
10076;SRG II_Fallopian Tube,Completed Family,Division/Ligation;VIP;7640000;2680000
10077;SRG II_Fallopian Tube/Uterus/Ovary,,Therapeutic Laparoscopy;VIP;19970000;6990000
10078;SRG II_Femur,Fracture (Complex Intra-Articular),Open Reduction And Internal Fixation (ORIF) with Plate And Screws;VIP;29410000;10290000
10079;SRG II_Femur,Fracture (Intercondylar),Open Reduction And Internal Fixation (ORIF);VIP;26050000;9120000
10080;SRG II_Femur,Fracture (Single Condylar),Open Reduction And Internal Fixation (ORIF);VIP;22620000;7920000
10081;SRG II_Femur,Fracture,Open Reduction And Internal Fixation (ORIF) with Plate And Screws;VIP;23400000;8190000
10082;SRG II_Finger,Defect/Contracture (Multiple),Reconstruction;VIP;19500000;6830000
10083;SRG II_Finger,Defect/Contracture (Single),Reconstruction;VIP;12870000;4500000
10084;SRG II_Finger,Syndactyly (Multiple),Separation;VIP;28080000;9830000
10085;SRG II_Finger,Syndactyly (Single),Correction;VIP;15600000;5460000
10086;SRG II_Finger,Various Lesions,Amputation (Multiple);VIP;10920000;3820000
10087;SRG II_Finger,Various Lesions,Amputation (Single);VIP;7800000;2730000
10088;SRG II_Foot,,Achilles Tendon Reconstruction;VIP;22150000;7750000
10089;SRG II_Foot,Congenital Talipes Equinovarus (CTEV),Bilateral Release;VIP;26520000;9280000
10090;SRG II_Foot,Congenital Talipes Equinovarus (CTEV),Medial Release;VIP;12750000;4460000
10091;SRG II_Foot,Crush Injuries (Complex),Wound Debridement;VIP;10070000;3520000
10092;SRG II_Foot,Crush Injuries (Simple),Wound Debridement;VIP;6240000;2180000
10093;SRG II_Foot,Fractures,Open Reduction And Internal Fixation (Complex/Multiple Including Talus And Calcaneum);VIP;23400000;8190000
10094;SRG II_Foot,Hallux Valgus/Hammer Toe,Proximal Osteotomy with/without Soft Tissue Reconstruction;VIP;22620000;7920000
10095;SRG II_Gallbladder,Various Lesions,Cholecystectomy (Laparoscopy);VIP;26020000;9110000
10096;SRG II_Gallbladder,Various Lesions,Cholecystectomy (Open);VIP;18720000;6550000
10097;SRG II_Gallbladder,Various Lesions,Cholecystectomy And Repair Of Cholecysto-Enteric/ Cholecysto-Choledochal Fistula (Laparoscopy);VIP;34940000;12230000
10098;SRG II_Gallbladder,Various Lesions,Cholecystectomy And Repair Of Cholecysto-Enteric/ Cholecysto-Choledochal Fistula (Open);VIP;24960000;8740000
10099;SRG II_Gallbladder,Various Lesions,Cholecystectomy/Choledochotomy/Common Bile Duct Exploration with Choledocho-Duodenostomy (Laparoscopy);VIP;31670000;11080000
10100;SRG II_Gallbladder,Various Lesions,Cholecystectomy/Choledochotomy/Common Bile Duct Exploration with Choledocho-Duodenostomy (Open);VIP;22620000;7920000
10101;SRG II_Genital Tract,Cancer,Staging Under General Anesthesia (Includes Cystoscopy/Dilatation & Curettage/Biopsy);VIP;4870000;1700000
10102;SRG II_Genital,Fournier Gangrene,Debridement;VIP;11080000;3880000
10103;SRG II_Hand,Closed Fracture,ORIF (Multiple) Non-Joint;VIP;33930000;11880000
10104;SRG II_Hand,Closed Fracture,ORIF with K-Wire/Cerclage Wire Fixation;VIP;14820000;5190000
10105;SRG II_Hand,Closed Fracture,ORIF/Plate And Screws (Single) Joint/Non-Joint;VIP;22620000;7920000
10106;SRG II_Hand,Crush Injuries (Complex),Wound Debridement;VIP;11080000;3880000
10107;SRG II_Hand,Crush Injuries (Simple),Wound Debridement;VIP;6240000;2180000
10108;SRG II_Hand,Flexor Tendon,Trigger Finger (Multiple) Release;VIP;14040000;4910000
10109;SRG II_Hand,Flexor Tendon,Trigger Finger (Single) Release;VIP;7020000;2460000
10110;SRG II_Hand,Fractures/Dislocation,Open Reduction And Internal Fixation (Multiple);VIP;33930000;11880000
10111;SRG II_Hand,Open Fracture,Debridement And ORIF (Single) Joint;VIP;22620000;7920000
10112;SRG II_Hip,Various Lesions,Hemi-Arthroplasty;VIP;28240000;9880000
10113;SRG II_Hip,Various Lesions,Primary Total Joint Replacement (Lap/MIS/Navigated);VIP;39530000;13840000
10114;SRG II_Hip,Various Lesions,Primary Total Joint Replacement (Open);VIP;37440000;13100000
10115;SRG II_Hip,Various Lesions,Primary Total Joint Replacement with Augmentation Requiring Extra Implants Or Bone Grafts (Open);VIP;48670000;17040000
10116;SRG II_Hip,Various Lesions,Revision Hemi-Arthroplasty;VIP;36710000;12850000
10117;SRG II_Hip,Various Lesions,Revision Total Joint Replacement (MIS/Laparoscopy);VIP;68140000;23850000
10118;SRG II_Hip,Various Lesions,Revision Total Joint Replacement (Open);VIP;48670000;17040000
10119;SRG II_Hip/Knee,Therapeutic Arthroscopy,with/without Synovectomy/Labral Repair/FAI Resection For Hip;VIP;23560000;8240000
10120;SRG II_Humerus,Proximal Humerus Or Supracondylar Fracture,ORIF;VIP;22620000;7920000
10121;SRG II_Joints (Finger),Various Lesions,Replacement Arthroplasty;VIP;28890000;10110000
10122;SRG II_Joints (Lower Limb),Loose Bodies,Removal;VIP;14680000;5140000
10123;SRG II_Joints (Upper Limb),Vascular Injury,Major Vascular Reconstruction/Anastomosis/Graft;VIP;28890000;10110000
10124;SRG II_Joints,Arthroscopy,Diagnostic;VIP;12400000;4340000
10125;SRG II_Kidney,,Renovascular Reconstruction;VIP;26010000;9100000
10126;SRG II_Kidney,Blocked Nephrostomy Tube,Change;VIP;4060000;1420000
10127;SRG II_Kidney,Calculus,Extra Corporeal Shockwave Lithotripsy (ESWL);VIP;15910000;5570000
10128;SRG II_Kidney,Calculus,Nephrolithotomy/Pyelolithotomy;VIP;17440000;6100000
10129;SRG II_Kidney,Calculus,Percutaneous Nephrolithotomy Or Percutaneous Nephrostolithotomy (PCNL);VIP;29500000;10320000
10130;SRG II_Kidney,Cyst,Imaging Guided Percutaneous Aspiration;VIP;18300000;6400000
10131;SRG II_Kidney,Cyst,Sclerosing And Percutaneous Drainage;VIP;15910000;5570000
10132;SRG II_Kidney,Cyst,Unroofing/Deroofing;VIP;11080000;3880000
10133;SRG II_Kidney,Cyst,Unroofing/Deroofing (Laparoscopy);VIP;15910000;5570000
10134;SRG II_Kidney,Pyonephrosis,Drainage (Open);VIP;13840000;4840000
10135;SRG II_Kidney,Staghorn Calculus,Nephrolithotomy Or Percutaneous Nephrostolithotomy (PCNL);VIP;27550000;9640000
10136;SRG II_Kidney,Staghorn Calculus,Percutaneous Nephrostolithotomy (PCNL) Laser;VIP;37320000;13060000
10137;SRG II_Kidney,Various Lesion,Robotic Renal Biopsy;VIP;18300000;6400000
10138;SRG II_Kidney,Various Lesions,Biopsy (Closed);VIP;8420000;2950000
10139;SRG II_Kidney,Various Lesions,Partial Nephrectomy (Laparoscopy);VIP;44130000;15450000
10140;SRG II_Kidney,Various Lesions,Radical Nephrectomy (Laparoscopy);VIP;37320000;13060000
10141;SRG II_Kidney,Various Lesions,Simple Nephrectomy (Laparoscopy);VIP;26010000;9100000
10142;SRG II_Kidney/Ureter,,Pyeloplasty (Unilateral - Open/Laparoscopy);VIP;18300000;6400000
10143;SRG II_Kidney/Ureter,,Retrograde Intrarenal Surgery Or RIRS Using Flexible Ureteroscopy (Diagnostic);VIP;12740000;4460000
10144;SRG II_Kidney/Ureter,,Retrograde Intrarenal Surgery Or RIRS Using Flexible Ureteroscopy (Therapeutic - e.g. Lithotripsy And/Or Basket Extraction Of Stones);VIP;26010000;9100000
10145;SRG II_Knee Ligaments,Disruption,Reconstruction And Repair;VIP;29640000;10370000
10146;SRG II_Knee,Arthroscopy,Knee Ligament Reconstruction (1 Or More);VIP;24960000;8740000
10147;SRG II_Knee,Ligaments/Meniscus/Cartilage/Bone Combined,ACL Or PCL Reconstruction (MIS/Laparoscopy);VIP;37440000;13100000
10148;SRG II_Knee,Ligaments/Meniscus/Cartilage/Bone Combined,Ligament Reconstruction with Meniscal Repair (Laparoscopy);VIP;37440000;13100000
10149;SRG II_Knee,Meniscus/Cartilage,Meniscal Repair (Laparoscopy);VIP;29250000;10240000
10150;SRG II_Knee,Various Lesions,Meniscectomy with/without Arthroscopy;VIP;23560000;8240000
10151;SRG II_Knee,Various Lesions,Primary Total Joint Replacement (Unilateral - Open);VIP;31200000;10920000
10152;SRG II_Knee,Various Lesions,Primary Total Joint Replacement (Unilateral) (Lap/MIS/Navigated);VIP;43680000;15290000
10153;SRG II_Knee,Various Lesions,Primary Total Joint Replacement (Unilateral) with Augmentation Requiring Extra Implants Or Bone Grafts (Open);VIP;40560000;14200000
10154;SRG II_Knee,Various Lesions,Revision Total Joint Replacement (MIS/Laparoscopy);VIP;56780000;19870000
10155;SRG II_Knee,Various Lesions,Revision Total Joint Replacement (Open);VIP;40560000;14200000
10156;SRG II_Laparotomy Debulking (Advanced Disease,Primary/Recurrent);VIP;22620000;7920000
10157;SRG II_Laryngoscopy with Removal Of Tumour/Lesions,,Laryngoscopy with Removal Of Tumour/Lesions;VIP;17470000;6120000
10158;SRG II_Larynx And Pharynx,Various Lesions,Laser Application;VIP;13930000;4880000
10159;SRG II_Larynx,,Laryngectomy with Bilateral Neck Dissection;VIP;27580000;9650000
10160;SRG II_Larynx,Various Lesions,Hemi/Partial Laryngectomy;VIP;27580000;9650000
10161;SRG II_Larynx,Various Lesions,Hemi/Partial Laryngectomy with Radical Neck Dissection;VIP;31200000;10920000
10162;SRG II_Lens,,Complicated Cataract Extraction with Intraocular Lens Implant (Capsular Tension Ring/Capsular Tension Segment);VIP;11820000;4140000
10163;SRG II_Lens,Cataract,Extraction with Intra-Ocular Lens Implant (Unilateral);VIP;14130000;4950000
10164;SRG II_Lens,Cataract,Extraction with Intra-Ocular Lens Implant And Trabeculectomy with/without Antimetabolites;VIP;14130000;4950000
10165;SRG II_Liver,Abscess,Trans-Abdominal Drainage (Laparoscopy);VIP;15510000;5430000
10166;SRG II_Liver,Abscess,Trans-Abdominal Drainage (Open);VIP;11080000;3880000
10167;SRG II_Lower Limb,Ischemia,Fasciotomy;VIP;14510000;5080000
10168;SRG II_Lung,Various Lesions,Pneumonectomy/Lobectomy/Segmental Resection;VIP;32450000;11360000
10169;SRG II_Lung,Various Lesions,Repeat/Multiple/Complex Resections;VIP;27500000;9630000
10170;SRG II_Lung,Various Lesions,Wedge Resection;VIP;23340000;8170000
10171;SRG II_Lymph Node (Axillary),Various Lesions,Sentinel LN Biopsy Only;VIP;10110000;3540000
10172;SRG II_Lymph Node (Cervical),,Radical with Flap Reconstruction;VIP;39780000;13920000
10173;SRG II_Lymph Node (Cervical),Various Lesions,Biopsy;VIP;5040000;1760000
10174;SRG II_Lymph Node (Cervical),Various Lesions,Neck Dissection (Bilateral 3 Or Less Levels);VIP;20230000;7080000
10175;SRG II_Lymph Node (Cervical),Various Lesions,Neck Dissection (Unilateral 1-3 Levels);VIP;15970000;5590000
10176;SRG II_Lymph Node (Cervical),Various Lesions,Radical Neck Dissection;VIP;28080000;9830000
10177;SRG II_Lymph Node (Cervical),Various Lessions,Biopsy;VIP;7860000;2750000
10178;SRG II_Lymph Node (Inguinal),Various Lesions,Limited Excision;VIP;10110000;3540000
10179;SRG II_Lymph Node (Inguinal),Various Lesions,Radical Excision;VIP;13290000;4650000
10180;SRG II_Lymph Node (Pelvic) Dissection,,Dissection (Open);VIP;19390000;6790000
10181;SRG II_Lymph Node (Pelvic),,Dissection (Laparoscopy);VIP;27140000;9500000
10182;SRG II_Lymph Node (Retropharyngeal),,Neck Dissection (Open/Transoral);VIP;21620000;7570000
10183;SRG II_Lymph Node (Single),Various Lesions,Excision Biopsy (Laparoscopy);VIP;10860000;3800000
10184;SRG II_Lymph Node (Single),Various Lesions,Excision Biopsy (Open);VIP;7760000;2710000
10185;SRG II_Lymph Node,Various Lesions,Biopsy;VIP;7530000;2640000
10186;SRG II_Maxilla,Alveolar Cleft (Unilateral Complete),Bone Graft And Closure Of Naso Buccal Fistula;VIP;18720000;6550000
10187;SRG II_Maxilla,Fracture - Lefort II (Complex),Open Reduction And Fixation;VIP;21840000;7640000
10188;SRG II_Maxilla,Various Lesions,Ostectomy/Osteotomy (>1 Segment);VIP;21840000;7640000
10189;SRG II_Maxilla,Various Lesions,Resection/Hemimaxillectomy (Open Or Endoscopic Method);VIP;18720000;6550000
10190;SRG II_Mouth,Cleft Lip,Unilateral Primary Repair;VIP;11080000;3880000
10191;SRG II_Mouth,Tumor,Radical Excision Biopsy with Resection Of Mandible And Lymph Nodes And Reconstruction;VIP;32450000;11360000
10192;SRG II_Mucous Membrane,Tumor/Cyst/Ulcer/Scar,Excision;VIP;4840000;1690000
10193;SRG II_Nerve (Upper Limb),Carpal Tunnel Syndrome,Release with Endoneurolysis (Bilateral);VIP;38330000;13420000
10194;SRG II_Nerve (Upper Limb),Carpal Tunnel Syndrome,Release with Endoneurolysis (Unilateral);VIP;26190000;9170000
10195;SRG II_Nerve (Upper Limb),Entrapment Syndrome (Others),Decompression (Unilateral);VIP;24100000;8440000
10196;SRG II_Nerve (Upper Limb),Guyon's Tunnel Syndrome,Release (Unilateral);VIP;24100000;8440000
10197;SRG II_Nerve Root (Cervical),,Block (Injection Of Anaesthetic - Therapeutic Substance) (>1 level);VIP;27720000;9700000
10198;SRG II_Nerve Root (Lumbar/Thoracic),,Block (Injection Of Anaesthetic - Therapeutic Substance) (1 level);VIP;27720000;9700000
10199;SRG II_Nose,Hematoma/Abscess,Evacuation/Incision & Drainage;VIP;5620000;1970000
10200;SRG II_Nose,Various Lesions (Turbinates),Turbinectomy/Turbinoplasty/Submucous Resection (with/without Endoscopes);VIP;12540000;4390000
10201;SRG II_Nose,Various Lesions,Septoplasty/Submucous Resection;VIP;15600000;5460000
10202;SRG II_Ovary,Malignant Tumor/Cyst,Total Hysterectomy Bilateral Salpingo-Oophorectomy with Omentectomy,Surgical Staging with/without Lymphadenectomy (Laparoscopy);VIP;33850000;11850000
10203;SRG II_Ovary,Malignant Tumor/Cyst,Total Hysterectomy Bilateral Salpingo-Oophorectomy with Omentectomy,Surgical Staging with/without Lymphadenectomy (Open);VIP;24180000;8460000
10204;SRG II_Ovary,Tumor/Cyst,Cystectomy (Complicated >5cm - Laparoscopy);VIP;20310000;7110000
10205;SRG II_Ovary,Tumor/Cyst,Cystectomy (Complicated >5cm);VIP;14510000;5080000
10206;SRG II_Ovary,Tumor/Cyst,Cystectomy (Simple <5cm - Laparoscopy);VIP;18130000;6340000
10207;SRG II_Ovary,Tumor/Cyst,Cystectomy (Simple <5cm);VIP;12950000;4530000
10208;SRG II_Ovary,Tumor/Cyst,Oophorectomy/Salpingo-Oophorectomy (Complicated);VIP;17470000;6120000
10209;SRG II_Ovary,Tumor/Cyst,Oophorectomy/Salpingo-Oophorectomy (Simple);VIP;13010000;4550000
10210;SRG II_Paravertebral Region,Block,Anaesthetic (>2 levels);VIP;27720000;9700000
10211;SRG II_Parotid,,Total Parotidectomy with/without Preservation Of Facial Nerve;VIP;29490000;10320000
10212;SRG II_Parotid,Tumor,Superficial Parotidectomy;VIP;19090000;6680000
10213;SRG II_Pelvis,Fracture,Fixation Of Anterior And Posterior Ring;VIP;33540000;11740000
10214;SRG II_Penis,,Dorsumcision;VIP;7580000;2650000
10215;SRG II_Penis,,V. Spermatika Interna Ligation (Microsurgery);VIP;15910000;5570000
10216;SRG II_Penis,Buried Penis,Buried Penis Surgery;VIP;11080000;3880000
10217;SRG II_Penis,Congenital Organ Abnormality,Webbed Penis Excision;VIP;11080000;3880000
10218;SRG II_Penis,Glanular Hypospadias,Meatoplasty And Circumcision;VIP;7580000;2650000
10219;SRG II_Penis,Hypospadias,Correction Of Chordee;VIP;13030000;4560000
10220;SRG II_Penis,Hypospadias,Urethral Reconstruction;VIP;20750000;7260000
10221;SRG II_Penis,Hypospadias,Urethral Reconstruction & Correction Of Chordee;VIP;26010000;9100000
10222;SRG II_Penis,Paraphimosis/Phimosis/Reduction Prepuce,Circumcision;VIP;7580000;2650000
10223;SRG II_Penis,Penoscrotal Transposition,Reconstruction;VIP;26010000;9100000
10224;SRG II_Penis,Priapism,Priapism Operation (Winter Procedure);VIP;11080000;3880000
10225;SRG II_Penis,Trauma,Reconstruction (1st Stage);VIP;21960000;7690000
10226;SRG II_Penis,Trauma,Reconstruction (2nd Stage);VIP;21960000;7690000
10227;SRG II_Penis,Various Lesions,Insertion Of Penile Prosthesis;VIP;26020000;9110000
10228;SRG II_Peripheral Nerve,Block,Anaesthetic (Up To 2 Nerves);VIP;24100000;8440000
10229;SRG II_Prostate Gland,,Simple Prostatectomy (Laparoscopy);VIP;24460000;8560000
10230;SRG II_Prostate Gland,,Simple Prostatectomy (Open);VIP;17470000;6120000
10231;SRG II_Prostate Gland,Various Lesions,Biporal Transurethral Resection Of Prostate (Bipolar Turp);VIP;22620000;7920000
10232;SRG II_Prostate Gland,Various Lesions,Open Prostatectomy And Sectio Alta;VIP;11080000;3880000
10233;SRG II_Prostate Gland,Various Lesions,Radical Prostatectomy (Laparoscopy);VIP;39510000;13830000
10234;SRG II_Prostate Gland,Various Lesions,Radical Prostatectomy (Open);VIP;28220000;9880000
10235;SRG II_Prostate Gland,Various Lesions,Saturation Prostate Biopsy;VIP;7520000;2630000
10236;SRG II_Prostate Gland,Various Lesions,Trans-Rectal Ultrasound (TRUS);VIP;4060000;1420000
10237;SRG II_Prostate Gland,Various Lesions,Trans-Rectal Ultrasound (TRUS) Guided Biopsy;VIP;4060000;1420000
10238;SRG II_Prostate Gland,Various Lesions,Transurethral Resection Of Prostate (TURP) >30gm;VIP;19340000;6770000
10239;SRG II_Radius And Ulna,Fracture/Dislocation,Open Reduction And Internal Fixation with/without Bone Grafting;VIP;22620000;7920000
10240;SRG II_Rectum,,Ultra-Low Anterior Resection (Total Mesorectal Excision) with/without PLND;VIP;26100000;9130000
10241;SRG II_Scrotum,Hydrocele/Varicocele (Unilateral),Excision;VIP;10080000;3530000
10242;SRG II_Scrotum,Varicocele,Varicocelectomy (Palomo);VIP;8420000;2950000
10243;SRG II_Shoulder Fracture/Dislocation,,Open Reduction And Internal Fixation (3 Or More Part Fracture);VIP;22620000;7920000
10244;SRG II_Shoulder,,Acromioclavicular Joint Stabilisation/Reconstruction;VIP;22620000;7920000
10245;SRG II_Shoulder,,Therapeutic Arthroscopy;VIP;31200000;10920000
10246;SRG II_Shoulder,Shoulder Soft Tissue Injury,Decompression Alone (Open/Laparoscopy);VIP;29250000;10240000
10247;SRG II_Shoulder,Shoulder Soft Tissue Injury,Decompression with Cuff Repair (Open/Laparoscopy);VIP;32760000;11470000
10248;SRG II_Shoulder,Shoulder Soft Tissue Injury,MIS Repair With Superior Labrum From Anterior To Posterior (Slap) Repair/Rotator Cuff Repair;VIP;37440000;13100000
10249;SRG II_Shoulder,Shoulder Soft Tissue Injury,Open Bankart Repair With Superior Labrum From Anterior To Posterior (Slap) Repair/Rotator Cuff Repair;VIP;28890000;10110000
10250;SRG II_Shoulder,Various Lesions,Hemiarthroplasty;VIP;26020000;9110000
10251;SRG II_Sinuses,Nasal,Foreign Body/Other Lesions,Intranasal Operation/Removal Of Foreign Body;VIP;8420000;2950000
10252;SRG II_Sinuses,Nasal,Infection,Functional Sinuscopic Drainage Of Ethmoidal/ Maxillary Sinuses;VIP;17470000;6120000
10253;SRG II_Sinuses,Nasal,Infection,Functional Sinuscopic Ethmoidectomy (Bilateral);VIP;21780000;7620000
10254;SRG II_Sinuses,Nasal,Infection,Functional Sinuscopic Ethmoidectomy (Unilateral);VIP;15570000;5450000
10255;SRG II_Skin And Subcutaneous Tissue (Ear/Nose/Eyelid/Face),Complex Lacerations,Repair;VIP;11310000;3960000
10256;SRG II_Skin And Subcutaneous Tissue (Face And Neck),Scar (>3cm),Revision;VIP;7760000;2710000
10257;SRG II_Skin And Subcutaneous Tissue,Burns,Escharotomy (Extensive);VIP;4060000;1420000
10258;SRG II_Skin And Subcutaneous Tissue,Burns,Escharotomy (Limited);VIP;2030000;710000
10259;SRG II_Skin And Subcutaneous Tissue,Deep (>3cm)/Extensive Contaminated Wound,Debridement;VIP;10080000;3530000
10260;SRG II_Skin And Subcutaneous Tissue,Defect,Direct Flap (Cross Finger/Similar Flaps);VIP;16460000;5760000
10261;SRG II_Skin And Subcutaneous Tissue,Defect,Single Stage Local Flap (Complicated/Large);VIP;21140000;7400000
10262;SRG II_Skin And Subcutaneous Tissue,Hematoma/Carbuncle Cellulitis/Similar Lesion>3cm,Saucerisation/Incision with Drainage;VIP;6740000;2360000
10263;SRG II_Skin And Subcutaneous Tissue,Sinus (Shallow<3cm),Excision with/without Biopsy;VIP;2340000;820000
10264;SRG II_Skin And Subcutaneous Tissue,Tumor/Cyst/Ulcer/Scar,Excision Biopsy  (> 15mm diameter);VIP;4060000;1420000
10265;SRG II_Skin And Subcutaneous Tissue,Wound,Debridement (<3cm);VIP;2260000;790000
10266;SRG II_Skin,Burns (2% To 5%),Excision;VIP;6610000;2320000
10267;SRG II_Skin,Burns (More Than 10%),Dressing;VIP;7770000;2720000
10268;SRG II_Skin,Keratoses/Warts/Tags/Similar Lesions,Excision (6 - 10 Lesions);VIP;4060000;1420000
10269;SRG II_Skin,Keratoses/Warts/Tags/Similar Lesions,Excision (More Than10 Lesions);VIP;8420000;2950000
10270;SRG II_Skin,Keratoses/Warts/Tags/Similar Lesions,Excision (Not More Than 5 Lesions);VIP;2030000;710000
10271;SRG II_Skin,Plantar Wart,Excision Or Vaporisation By Laser;VIP;2030000;710000
10272;SRG II_Skull,Intracranial Hemorrhage,Osteoplastic Craniotomy/Extensive Craniectomy (Unilateral);VIP;83160000;29110000
10273;SRG II_Soft Tissue (Lower Limb),Contracture,Major Release;VIP;15910000;5570000
10274;SRG II_Soft Tissue (Lower Limb),Contracture,Minor Release;VIP;8420000;2950000
10275;SRG II_Soft Tissue (Lower Limb),Small Tumors (Benign),Excision Biopsy Under General Anesthesia;VIP;5160000;1810000
10276;SRG II_Soft Tissue (Lower Limb),Tumors (Benign),Wide Excision Biopsy;VIP;12710000;4450000
10277;SRG II_Soft Tissue (Upper Limb),Tumors (Benign),Major Excision Biopsy;VIP;12710000;4450000
10278;SRG II_Soft Tissue (Upper Limb),Tumors (Malignant),Wide Excision Biopsy;VIP;16220000;5680000
10279;SRG II_Soft Tissue,Tumor (Malignant),Wide Excision Biopsy <7cm Other Than Upper/Lower Limbs;VIP;10080000;3530000
10280;SRG II_Spermatic Cord,Spermatocele/Epididymal Cyst,Excision;VIP;10080000;3530000
10281;SRG II_Spine (exclude Cervical Spine),Various Lesions,Interbody Fusion (Single Segment) with Anterior/Posterior Instrumentation;VIP;56160000;19660000
10282;SRG II_Spine,,Facet Joint Block (Injection Of Anaesthetic Or Therapeutic Substance) up to 3 Joints;VIP;24100000;8440000
10283;SRG II_Spine,,Removal Of Spine Implants without Other Procedures (Anterior Approach);VIP;28890000;10110000
10284;SRG II_Spine,,Vertebroplasty Or Kyphoplasty (Multiple Levels);VIP;41650000;14580000
10285;SRG II_Spine,,Vertebroplasty Or Kyphoplasty (Single Level);VIP;27770000;9720000
10286;SRG II_Spine,Fracture-Dislocation,Open Reduction And Stabilisation;VIP;38560000;13500000
10287;SRG II_Spine,Infection,Posterior Drainage,Debridement And Removal Of Implants,without Fusion Or Other Procedures;VIP;28890000;10110000
10288;SRG II_Spine,Percutaneous Disc Ablation,2 Or More Levels (Intradiscal Electrothermal Annuloplasty/IDET);VIP;33930000;11880000
10289;SRG II_Spine,Percutaneous Disc Ablation,Single Level (Intradiscal Electrothermal Annuloplasty/IDET);VIP;22620000;7920000
10290;SRG II_Spine,Syringomyelia,Laminectomy And Drainage;VIP;38560000;13500000
10291;SRG II_Spleen,Trauma,Splenectomy;VIP;21370000;7480000
10292;SRG II_Spleen,Various Non-Traumatic Lesions,Splenectomy (Open);VIP;17470000;6120000
10293;SRG II_Tendon Sheath (Upper Limb),De Quervain's (Bilateral),Release;VIP;19340000;6770000
10294;SRG II_Tendon Sheath (Upper Limb),De Quervain's (Unilateral),Release;VIP;14510000;5080000
10295;SRG II_Tendon Sheath (Upper Limb),Ganglion/Villo-Nodular Synovitis,Excision;VIP;9390000;3290000
10296;SRG II_Tendon Sheath And Subcutaneous Tissue,Ganglion/Large Bursa,Excision Biopsy (>3cm) ;VIP;8420000;2950000
10297;SRG II_Tendon Sheath And Subcutaneous Tissue,Ganglion/Small Bursa,Excision Biopsy (<3cm) ;VIP;7680000;2690000
10298;SRG II_Tendon-Achilles (Lower Limb),Disruption,Repair;VIP;15600000;5460000
10299;SRG II_Testis,Inguinal,Hydrocele,High Ligation Surgery;VIP;11080000;3880000
10300;SRG II_Testis,Undescended/Ectopic (Bilateral),Orchidopexy/Transplantation with Hernia Repair;VIP;19490000;6820000
10301;SRG II_Testis,Undescended/Ectopic (Unilateral),Orchidopexy/Transplantation with Hernia Repair;VIP;13920000;4870000
10302;SRG II_Testis,Variocoele,Spermatic Vein Embolisation;VIP;11790000;4130000
10303;SRG II_Testis,Various Lesions,Exploration/Repair;VIP;5570000;1950000
10304;SRG II_Testis,Various Lesions,Orchidectomy (Simple - Laparoscopy);VIP;21170000;7410000
10305;SRG II_Testis,Various Lesions,Orchidectomy (Simple);VIP;15120000;5290000
10306;SRG II_Thorax,,Decortication (Laparoscopy);VIP;33510000;11730000
10307;SRG II_Thorax,Effusion/Fluid/Abscess Collection,Imaging Guided Percutaneous Aspiration/Diagnostic Tap;VIP;8940000;3130000
10308;SRG II_Thorax,Pleural Effusion,Aspiration;VIP;2950000;1030000
10309;SRG II_Thorax,Pleural Effusion,Biopsy;VIP;3700000;1290000
10310;SRG II_Thorax,Tumor (Mediastinal),Complex Resection;VIP;34630000;12120000
10311;SRG II_Thorax,Tumor (Mediastinal),Resection;VIP;27500000;9630000
10312;SRG II_Thorax,Various Lesions,Intercostal Drain (Insertion without Resection Of Rib);VIP;11220000;3930000
10313;SRG II_Thorax,Various Lesions,Thoracotomy (Exploration) with/without Biopsy;VIP;15880000;5560000
10314;SRG II_Thyroglossal Duct,Cyst Fistula,Excision;VIP;9450000;3310000
10315;SRG II_Thyroid,Various Lesions,Hemithyroidectomy/Partial Thyroidectomy;VIP;21180000;7410000
10316;SRG II_Thyroid,Various Lesions,Total/Subtotal Thyroidectomy;VIP;21290000;7450000
10317;SRG II_Thyroid,Various Lesions,Total/Subtotal Thyroidectomy with Neck Dissection (Unilateral);VIP;42370000;14830000
10318;SRG II_Tibia,Fracture,Open Reduction And Internal Fixation with Plates And Screws (Comminuted);VIP;29410000;10290000
10319;SRG II_Tibia,Fracture,Open Reduction and Internal Fixation with Plates And Screws (Simple);VIP;22620000;7920000
10320;SRG II_Tibia,Tibial Plateau,Tibia Plateau Unicondylar ORIF;VIP;22620000;7920000
10321;SRG II_Tongue,Tumor,Glossectomy with Radical Neck Dissection;VIP;22620000;7920000
10322;SRG II_Tongue,Tumor,Hemi-Glossectomy;VIP;11080000;3880000
10323;SRG II_Tongue,Tumor,Total Glossectomy;VIP;12480000;4370000
10324;SRG II_Tonsils,Abscess,Drainage;VIP;2030000;710000
10325;SRG II_Tonsils,Various Lesions,Removal;VIP;10370000;3630000
10326;SRG II_Trachea,Tracheostomy,Revision And Reinsertion;VIP;13530000;4730000
10327;SRG II_Trachea,Various Lesions,Trachea Reconstruction;VIP;21000000;7350000
10328;SRG II_Trachea,Various Lesions,Tracheostomy;VIP;9780000;3420000
10329;SRG II_Upper Limb,Fracture/Dislocation,Manipulation And Reduction;VIP;6240000;2180000
10330;SRG II_Ureter,,Anastomosis End To End Ureter;VIP;12740000;4460000
10331;SRG II_Ureter,,Cystoscopy And Insertion Of Double J Stent;VIP;12740000;4460000
10332;SRG II_Ureter,,Extra Corporeal Shockwave Lithotripsy (ESWL) For Ureteric Stone;VIP;15910000;5570000
10333;SRG II_Ureter,,Ureteroscopy;VIP;10090000;3530000
10334;SRG II_Ureter,Calculus,Ureteroscopy And Lithotripsy with/without Ultrasound;VIP;18300000;6400000
10335;SRG II_Ureter,Calculus,Ureteroscopy And Lithotripsy with/without Ultrasound (Laser);VIP;26010000;9100000
10336;SRG II_Ureter,Various Lesions,Intestinal Conduit;VIP;24680000;8640000
10337;SRG II_Ureter,Various Lesions,Reimplantation (Bilateral);VIP;26010000;9100000
10338;SRG II_Ureter,Various Lesions,Reimplantation (Unilateral);VIP;18300000;6400000
10339;SRG II_Ureter,Various Lesions,Reimplantation,Laparoscopy (Unilateral);VIP;26010000;9100000
10340;SRG II_Ureter,Various Lesions,Ureterotomy/Insertion Of Double J Stent;VIP;13480000;4720000
10341;SRG II_Urethra,,Ureteroscopy;VIP;8420000;2950000
10342;SRG II_Urethra,Hypospadias,Meatoplasty;VIP;4660000;1630000
10343;SRG II_Urethra,Injury,Repair/Urethroplasty Of Anterior Urethra;VIP;13480000;4720000
10344;SRG II_Urethra,Meatal Stenosis,Meatotomy;VIP;4840000;1690000
10345;SRG II_Urethra,Various Lesions,Sachse Internal Urethrotomy;VIP;18300000;6400000
10346;SRG II_Urethra,Various Lesions,Staged Urethroplasty (Each Stage);VIP;18300000;6400000
10347;SRG II_Uterus,,Sub-Total/Total Hysterectomy with/without Salpingo-Oophorectomy;VIP;21080000;7380000
10348;SRG II_Uterus,Endometriosis,Hysterectomy with Salpingo-Oophorectomy;VIP;22620000;7920000
10349;SRG II_Uterus,Endometriosis,Hysterectomy without Salpingo-Oophorectomy;VIP;15910000;5570000
10350;SRG II_Uterus,Fibroids,Myomectomy (Complicated >5cm/Multiple >2/Challenging Location);VIP;19970000;6990000
10351;SRG II_Uterus,Fibroids,Myomectomy (Simple <5cm - Laparoscopy);VIP;23040000;8060000
10352;SRG II_Uterus,Fibroids,Myomectomy (Simple <5cm - Open);VIP;16460000;5760000
10353;SRG II_Uterus,Malignant Condition,Radical Hysterectomy with/without Lymphadenectomy;VIP;24790000;8680000
10354;SRG II_Uterus,Malignant Condition,Radical Hysterectomy with/without Lymphadenectomy (Laparoscopy);VIP;34700000;12150000
10355;SRG II_Uterus,Malignant Condition,Total Hysterectomy with/without Salpingo-Oophorectomy with/without Lymph Node Dissection (Open);VIP;22620000;7920000
10356;SRG II_Uterus,Pregnancy And Multiparity,Uncomplicated Caesarean Section And Tubal Ligation;VIP;14870000;5200000
10357;SRG II_Uterus,Pregnancy,Caesarean Section with Hysterectomy;VIP;25230000;8830000
10358;SRG II_Uterus,Pregnancy,Uncomplicated Caesarean Section;VIP;12380000;4330000
10359;SRG II_Uterus,Various Lesions,Curettage with/without Dilatation;VIP;4060000;1420000
10360;SRG II_Uterus/Cervix,Hysteroscopy,Diagnostic with General Anesthesia;VIP;4560000;1590000
10361;SRG II_Vas Deferens,,Vasovasostomy;VIP;18300000;6400000
10362;SRG II_Vas Deferens,Various Lesions,Varicocelectomy (Microsurgical);VIP;18300000;6400000
10363;SRG II_Vas Deferens,Various Lesions,Vasectomy;VIP;7530000;2640000
10364;SRG II_Vein,Arterio-Venous Fistula,Dissection And Ligation;VIP;4430000;1550000
10365;SRG II_Vein,Bleeding Varicosities/Vascular Malformation,Image Guided Sclerotherapy Injection;VIP;13370000;4680000
10366;SRG II_Vein,Varicosity,High Ligation And Complete Stripping/Excision Of Long/Long And Short Saphenous Vein;VIP;16610000;5810000
10367;SRG II_Vulva,Abscess,Incision;VIP;3870000;1350000
10368;SRG II_Vulva,Bartholin Cyst,Incision/Marsupialization with/without Use Of Laser;VIP;3870000;1350000
10369;SRG II_Vulva,Malignant Condition,Radical Vulvectomy With Groin Dissection And With Or Without Skin Flap Closure;VIP;35490000;12420000
10370;SRG II_Wrist,Distal Or Radial Ulnar Joint (DRUJ) Instability,Complex Ligament Reconstruction;VIP;28890000;10110000
10371;SRG II_Wrist,Distal Radius Fracture,Open Reduction And Internal Fixation (ORIF) with Ulnar Head/Styloid Fixation/Tfcc Repair;VIP;22620000;7920000
10372;DOCTORS PROCEDURE TABLE 1;ODC;0;0
10373;DOCTORS PROCEDURE TABLE 2;ODC;0;0
10374;DOCTORS PROCEDURE TABLE 3;ODC;0;0
10375;DOKTER OPERATOR ODONTECTOMY A;ODC;4408000;1543000
10376;DOKTER OPERATOR ODONTECTOMY B;ODC;4959000;1736000
10377;DOKTER OPERATOR ODONTECTOMY C;ODC;5511000;1929000
10378;DOKTER OPERATOR _NEUROSURGERY;ODC;46350000;16223000
10379;DOKTER OPERATOR _NEUROSURGERY_1;ODC;15450000;5408000
10380;DOKTER OPERATOR _NEUROSURGERY_2;ODC;7725000;2704000
10381;DOKTER OPERATOR _TABLE _TARIF I _ 1;ODC;1300000;455000
10382;DOKTER OPERATOR _TABLE _TARIF I _ 2;ODC;2600000;910000
10383;DOKTER OPERATOR _TABLE _TARIF I _ 3;ODC;5400000;1890000
10384;DOKTER OPERATOR _TABLE _TARIF I _ 4;ODC;7100000;2485000
10385;DOKTER OPERATOR _TABLE _TARIF I _ 5;ODC;10200000;3570000
10386;DOKTER OPERATOR _TABLE _TARIF I _ 6;ODC;14500000;5075000
10387;DOKTER OPERATOR _TABLE _TARIF I _ 7;ODC;20800000;7280000
10388;SRG I_Abdomen/Pelvis,Various Lesions,Insertion Of Peritoneal Dialysis Catheter;ODC;1510000;530000
10389;SRG I_Abdomen/Pelvis,Various Lesions,Removal Of Peritoneal Dialysis Catheter;ODC;1510000;530000
10390;SRG I_Abdominal Cavity,Adhesions,Lysis As Primary Procedure with/without Bowel Resection (Laparoscopy);ODC;5920000;2080000
10391;SRG I_Abdominal Cavity,Adhesions,Lysis As Primary Procedure with/without Bowel Resection (Open);ODC;4440000;1560000
10392;SRG I_Abdominal Cavity,Multiple Ruptures,Major Repair/Removal;ODC;11580000;4060000
10393;SRG I_Abdominal Cavity,Various Lesions,Colostomy/Enterostomy/Gastrostomy (Laparoscopy);ODC;8130000;2850000
10394;SRG I_Abdominal Cavity,Various Lesions,Colostomy/Enterostomy/Gastrostomy (Open);ODC;5810000;2040000
10395;SRG I_Abdominal Cavity,Various Lesions,Exploratory Laparotomy;ODC;4180000;1470000
10396;SRG I_Abdominal Wall,Epigastric/Umbilical Hernia,Repair (Open);ODC;3740000;1310000
10397;SRG I_Abdominal Wall,Inguinal Hernia (Infants & Children),Herniotomy (Bilateral);ODC;5240000;1840000
10398;SRG I_Abdominal Wall,Inguinal Hernia (Infants & Children),Herniotomy (Unilateral);ODC;3740000;1310000
10399;SRG I_Abdominal Wall,Inguinal/Femoral Hernia,Bilateral Herniorrhaphy (Laparoscopy);ODC;12550000;4400000
10400;SRG I_Abdominal Wall,Inguinal/Femoral Hernia,Bilateral Herniorrhaphy (Open);ODC;8960000;3140000
10401;SRG I_Abdominal Wall,Inguinal/Femoral Hernia,Unilateral Herniorrhaphy (Laparoscopy);ODC;8960000;3140000
10402;SRG I_Abdominal Wall,Inguinal/Femoral Hernia,Unilateral Herniorrhaphy (Open);ODC;6400000;2250000
10403;SRG I_Abdominal Wall,Strangulated/Obstructed Hernia,Repair with Bowel Resection;ODC;9690000;3400000
10404;SRG I_Abdominal Wall,Strangulated/Obstructed Hernia,Repair without Bowel Resection;ODC;7830000;2750000
10405;SRG I_Abdominal Wall,Ventral/Incisional/Recurrent Hernia,Repair (Open);ODC;8740000;3060000
10406;SRG I_Adenoids,Various Lesions,Removal;ODC;3310000;1160000
10407;SRG I_Adrenals,Various Lesions,Biopsy/Excision (Laparoscopy);ODC;9950000;3490000
10408;SRG I_Adrenals,Various Lesions,Biopsy/Excision (Open);ODC;7100000;2490000
10409;SRG I_Ankle,,Therapeutic Arthroscopy;ODC;8760000;3070000
10410;SRG I_Ankle,Ankle Fracture,Bimalleolar ORIF;ODC;10440000;3660000
10411;SRG I_Ankle,Ankle Fracture,Unimalleolar ORIF;ODC;6960000;2440000
10412;SRG I_Ankle,Dislocation,Open Reduction;ODC;5370000;1880000
10413;SRG I_Ankle,Various Lesions,Repair Of Ligaments;ODC;5390000;1890000
10414;SRG I_Anus,Fissure,Excision/Lateral Sphincterotomy;ODC;2890000;1020000
10415;SRG I_Anus,Fistula-In-Ano (High),Complex And Recurrent Fistulectomy;ODC;4280000;1500000
10416;SRG I_Anus,Fistula-In-Ano,Excision/ Fistulectomy;ODC;2890000;1020000
10417;SRG I_Anus,Fistula-In-Ano,Insertion Of Seton;ODC;4570000;1600000
10418;SRG I_Anus,Hemorrhoids,Hemorrhoidectomy with/without Sigmoidoscopy;ODC;3190000;1120000
10419;SRG I_Anus,Hemorrhoids,Laser Haemorrhoidectomy;ODC;5990000;2100000
10420;SRG I_Anus,Hemorrhoids,Removal Of External Anal Tags;ODC;1440000;510000
10421;SRG I_Anus,Hemorrhoids,Stapled Haemorrhoidectomy;ODC;4280000;1500000
10422;SRG I_Anus,Hemorrhoids,Transanal Haemorrhoidal Dearterialization (THD);ODC;2780000;980000
10423;SRG I_Anus,Perineal Abscess,Saucerisation/Drainage;ODC;3130000;1100000
10424;SRG I_Anus,Stricture,Dilatation;ODC;750000;270000
10425;SRG I_Aorta,,Total Arch Replacement;ODC;41820000;14640000
10426;SRG I_Aorta,Aneurysm,Juxtarenal Type;ODC;10970000;3840000
10427;SRG I_Aorta,Ruptured Aortic Aneurysm (Thoracic Or Abdominal),Endo-Vascular Aortic Repair;ODC;17400000;6090000
10428;SRG I_Aorta,Thoraco-Abdominal Aneurysm,Excision And Insertion Of Graft;ODC;41820000;14640000
10429;SRG I_Aortic Dissection,,Endovascular Fenestration;ODC;3220000;1130000
10430;SRG I_Aortic Dissection,,Endovascular Stent Graft Repair;ODC;12380000;4340000
10431;SRG I_Appendix,Various Lesions/Abscess,Appendicectomy with/without Drainage (Laparoscopy);ODC;7100000;2490000
10432;SRG I_Appendix,Various Lesions/Abscess,Appendicectomy with/without Drainage (Open);ODC;5690000;2000000
10433;SRG I_Arteriovenous Fistula Graft,,Thrombectomy;ODC;4800000;1690000
10434;SRG I_Arteriovenous Fistula,,Angiogram;ODC;2320000;820000
10435;SRG I_Arteriovenous Fistula,,Synthetic Graft;ODC;10230000;3580000
10436;SRG I_Artery,Intracranial,Thrombosis,Percutaneous Catheter Directed Thrombolysis/Thrombectomy;ODC;30920000;10830000
10437;SRG I_Artery,Various Lesions,Arterio-Venuous Fistula Creation;ODC;6370000;2230000
10438;SRG I_Bladder,Calculus,Vesicolithotomy/Litholapaxy/Ultrasonic Lithotripsy;ODC;6800000;2390000
10439;SRG I_Bladder,Cystoscopy with/without Biopsy;ODC;1800000;630000
10440;SRG I_Bladder,Cystoscopy,Removal Of Foreign Body/Ureteric Stent;ODC;2100000;740000
10441;SRG I_Bladder,Cystoscopy,with Endoscopic Resection/Incision Of Bladder Neck;ODC;4320000;1520000
10442;SRG I_Bladder,Retention Of Urine,Suprapubic Cystostomy;ODC;3400000;1200000
10443;SRG I_Bladder,Various Lesions,Total Radical Cystectomy,For Malignancy (Laparoscopy);ODC;13870000;4860000
10444;SRG I_Bladder,Various Lesions,Total Radical Cystectomy,For Malignancy (Open);ODC;9920000;3480000
10445;SRG I_Bladder,Vesico-Rectal Fistula,Correction;ODC;5920000;2080000
10446;SRG I_Bladder,Vesico-Vaginal Fistula,Correction;ODC;10240000;3590000
10447;SRG I_Bladder/Ureter,Cystoscopy,with Ureteric Catheterisation;ODC;2560000;900000
10448;SRG I_Bladder/Urethra,,Transurethral Resection Of Bladder Tumour (<3cm);ODC;5770000;2020000
10449;SRG I_Bladder/Urethra,,Transurethral Resection Of Bladder Tumour (>3cm);ODC;8270000;2900000
10450;SRG I_Bladder/Urethra,Cystoscopy,with Urethral Dilatation;ODC;2560000;900000
10451;SRG I_Blood Vessels,Subcutaneous Implanted Vascular Port,Insertion;ODC;3180000;1120000
10452;SRG I_Blood Vessels,Subcutaneous Implanted Vascular Port,Removal;ODC;1710000;600000
10453;SRG I_Bone (Lower Limb),,Grade 1 And 2 Open Fractures/Open Dislocation Or Open Fracture-Dislocation Wound Debridement;ODC;2900000;1020000
10454;SRG I_Bone (Lower Limb),Deformities,Corrective Surgery with Internal Fixation with/without Fluoroscopy;ODC;9570000;3350000
10455;SRG I_Bone (Lower Limb),Deformities,Corrective Surgery with Osteotomy Alone;ODC;8410000;2950000
10456;SRG I_Bone (Lower Limb),Fracture/Dislocation,Manipulation And Kirschner Wire Fixation;ODC;5510000;1930000
10457;SRG I_Bone (Upper Limb),Grade 1 And 2 Open Fractures/Open Dislocation Or Open Fracture-Dislocation,Wound Debridement;ODC;2900000;1020000
10458;SRG I_Bone And Joints (Lower Limb),,Removal Of Simple Implants (Rush Rods/Wires/K-Wires/Pins/Screws);ODC;3710000;1300000
10459;SRG I_Bone And Joints (Lower Limb),Plates And Screws/Nails,Removal;ODC;6460000;2270000
10460;SRG I_Bone And Joints (Upper Limb),,Removal Of Simple Implants (Rush Rods/Wires/K-Wires/Pins/Screws);ODC;3710000;1300000
10461;SRG I_Bone And Joints (Upper Limb),Plates And Screws,Removal;ODC;6460000;2270000
10462;SRG I_Brain,,Deep Brain Stimulation (Unilateral);ODC;30920000;10830000
10463;SRG I_Brain,Aneurysm/Arterio-Venous Malformation,Clipping/Excision (Complex);ODC;30920000;10830000
10464;SRG I_Brain,Hydrocephalus And Other Lesions,Ventriculoatrial/Ventriculoperitoneal Shunt;ODC;30920000;10830000
10465;SRG I_Brain,Hydrocephalus,External Ventricular Drainage (Unilateral);ODC;30920000;10830000
10466;SRG I_Brain,Intracerebral Tumor,Biopsy And/Or Decompression/Removal Via Craniotomy (Complex);ODC;30920000;10830000
10467;SRG I_Brain,Intracerebral Tumor,Biopsy And/Or Decompression/Removal Via Craniotomy (Simple);ODC;30920000;10830000
10468;SRG I_Brain,Intracranial Abscess,Craniectomy And Drainage;ODC;30920000;10830000
10469;SRG I_Brain,Intracranial Extracerebral Tumor,Craniotomy/Hemispherectomy;ODC;30920000;10830000
10470;SRG I_Breast (Nipple),Various Lesions,Graft And/Or Flap Reconstruction (Bilateral);ODC;7580000;2660000
10471;SRG I_Breast (Nipple),Various Lesions,Graft And/Or Flap Reconstruction (Unilateral);ODC;5430000;1910000
10472;SRG I_Breast,Gynecomastia,Reduction (Unilateral);ODC;3580000;1260000
10473;SRG I_Breast,Lump (Single),Excision Biopsy;ODC;2930000;1030000
10474;SRG I_Breast,Lumps (Multiple/Bilateral),Excision Biopsy;ODC;4380000;1540000
10475;SRG I_Breast,Post Mastectomy,Reconstruction Using Free Flap (Unilateral);ODC;27480000;9620000
10476;SRG I_Breast,Post Mastectomy,Reconstruction Using Pedicled Transverse Rectus Abdominis Musculocutaneous Flap (Bilateral);ODC;19270000;6750000
10477;SRG I_Breast,Post Mastectomy,Reconstruction Using Pedicled Transverse Rectus Abdominis Musculocutaneous Flap (Unilateral);ODC;16070000;5630000
10478;SRG I_Breast,Tumor (Malignant),Radical Mastectomy with/without Axiliary Clearance;ODC;9340000;3280000
10479;SRG I_Breast,Tumor (Malignant),Simple Mastectomy;ODC;5630000;1970000
10480;SRG I_Breast,Tumor (Malignant),Simple Mastectomy with Sentinel Node Biopsy/ Axiliary Node Sampling;ODC;7540000;2640000
10481;SRG I_Breast,Tumor (Malignant),Wide Excision/ Lumpectomy/Segmental Mastectomy/ Partial Mastectomy;ODC;9220000;3230000
10482;SRG I_Breast,Tumor (Malignant),Wide Excision/ Lumpectomy/Segmental Mastectomy/ Partial Mastectomy with Axiliary Clearance with/without Sentinel Node Biopsy;ODC;9220000;3230000
10483;SRG I_Breast,Tumor (Malignant),Wide Excision/ Lumpectomy/Segmental Mastectomy/ Partial Mastectomy with Sentinel Node Biopsy/ Axiliary Node Sampling;ODC;9220000;3230000
10484;SRG I_Breast,Various Lesions,Subcutaneous Mastectomy Bilateral excluding Gynaecomastia;ODC;10740000;3760000
10485;SRG I_Breast,Various Lesions,Subcutaneous Mastectomy Unilateral excluding Gynaecomastia;ODC;5370000;1880000
10486;SRG I_Breast,Various Lesions,Trucut Biopsy,Ultrasound Guided Or Stereotactic (Single);ODC;900000;320000
10487;SRG I_Breast,Various Lesions,Wire Localisation,Excision (Multiple);ODC;4750000;1670000
10488;SRG I_Bronchus/Lung,,Bronchoscopy with/without Biopsy;ODC;3780000;1330000
10489;SRG I_Carpus,Fracture/Dislocation,Open Reduction And Internal Fixation;ODC;8410000;2950000
10490;SRG I_Cervical Spine,Various Lesions,Anterior Decompression And Fusion Or Disc Replacement (1 Segment);ODC;14500000;5080000
10491;SRG I_Cervical Spine,Various Lesions,Anterior Decompression And Fusion Or Disc Replacement (2 Segments);ODC;20300000;7110000
10492;SRG I_Cervical Spine,Various Lesions,Anterior Decompression And Fusion Or Disc Replacement (3 Or More Segments);ODC;28420000;9950000
10493;SRG I_Cervical Spine,Various Lesions,Laminoplasty (without Instrumentation);ODC;20300000;7110000
10494;SRG I_Cervix,Cancer,Radical Trachelectomy with/without Lymphadenectomy;ODC;7100000;2490000
10495;SRG I_Cervix,Cervical Intraepithelial Neoplasia,Cone Biopsy with/without Laser;ODC;3130000;1100000
10496;SRG I_Cervix,Polyp,Excision/Erosion (Complicated) Includes D&C with Biopsy;ODC;3420000;1200000
10497;SRG I_Cervix,Polyp,Excision/Erosion (Simple) with Biopsy;ODC;970000;340000
10498;SRG I_Cervix,Transcervical Resection (TCR) Polyp (<2cm),Hysteroscopic;ODC;2840000;1000000
10499;SRG I_Cervix,Transcervical Resection (TCR) Polyp (>2cm),Hysteroscopic;ODC;3760000;1320000
10500;SRG I_Cervix,Transcervical Resection (TCR) Septum,Hysteroscopic;ODC;3740000;1310000
10501;SRG I_Cervix,Various Lesions,Colposcopy Ablational/Excisional Treatment (Laser Vapourisation/Loop Electrosurgical Excision Procedure/Laser Excision Of Transformation Zone with Biopsy);ODC;3130000;1100000
10502;SRG I_Clavicle,Clavicle Fracture,Delayed Union/Revision And ORIF with/without Bone Grafting;ODC;8410000;2950000
10503;SRG I_Clavicle,Clavicle Fracture,Simple;ODC;8410000;2950000
10504;SRG I_Colon,,Anterior Resection (Laparoscopy);ODC;10790000;3780000
10505;SRG I_Colon,,Anterior Resection (Open);ODC;9700000;3400000
10506;SRG I_Colon,Various Lesions,Colostomy;ODC;6620000;2320000
10507;SRG I_Colon,Various Lesions,Right/Left Hemicolectomy (Laparoscopy);ODC;10430000;3660000
10508;SRG I_Colon,Various Lesions,Right/Left Hemicolectomy (Open);ODC;7450000;2610000
10509;SRG I_Conjunctiva,Pterygium,Excision (Bare Sclera);ODC;3220000;1130000
10510;SRG I_Creation Of Ileal Neobladder;ODC;9920000;3480000
10511;SRG I_Diaphragm,Tumor,Excision;ODC;5920000;2080000
10512;SRG I_Diaphragm,Tumor,Excision with Wedge Resection Of Lung;ODC;6790000;2380000
10513;SRG I_Digit(s),Nailbed Laceration,Nailbed Grafting;ODC;4640000;1630000
10514;SRG I_Ear (Middle),,Cochlear Implant;ODC;7100000;2490000
10515;SRG I_Ear (Middle),Abscess/Inflammation,Operation;ODC;1370000;490000
10516;SRG I_Ear,Foreign Body,Complex Removal/Excision (Embedded/Large);ODC;2420000;850000
10517;SRG I_Ear,Laceration (Full Thickness),Repair (> 3cm);ODC;3760000;1320000
10518;SRG I_Ear,Tympanic Membrane,Perforation,Cauterisation/Diathermy;ODC;900000;320000
10519;SRG I_Ear,Tympanic Membrane,Perforation,Round Window Repair;ODC;7480000;2620000
10520;SRG I_Ear,Tympanic Membrane,Unilateral Myringotomy with Tube;ODC;2900000;1020000
10521;SRG I_Ear,Tympanic Membrane,Unilateral Myringotomy without Tube;ODC;2090000;740000
10522;SRG I_Ear,Various Lesions,Myringoplasty (Simple);ODC;3290000;1160000
10523;SRG I_Ear,Various Lesions,Ossicular Chain Reconstruction with/without Myringoplasty;ODC;4740000;1660000
10524;SRG I_Elbow,,Therapeutic Arthroscopy;ODC;8760000;3070000
10525;SRG I_Elbow,Coronoid Fracture,ORIF;ODC;8410000;2950000
10526;SRG I_Elbow,Dislocation,Ligament Repair (Complex,with/without Implant);ODC;7660000;2680000
10527;SRG I_Elbow,Dislocation,Ligament Repair (Single);ODC;5390000;1890000
10528;SRG I_Elbow,Fracture/ Dislocation,Repair Of Ligaments/ ORIF;ODC;8410000;2950000
10529;SRG I_Elbow,Fracture/Dislocation,Open Reduction And Internal Fixation (ORIF);ODC;8410000;2950000
10530;SRG I_Elbow,Tennis Elbow,Release;ODC;2610000;920000
10531;SRG I_Eyelids,Simple Laceration,Repair;ODC;1450000;510000
10532;SRG I_Eyelids,Various Lesions,Upper Blepharoplasty (Unilateral);ODC;8750000;3070000
10533;SRG I_Fallopian Tube,,Removal Of Ectopic Gestation;ODC;4590000;1610000
10534;SRG I_Fallopian Tube,,Sterilization (Laparoscopy);ODC;3780000;1330000
10535;SRG I_Fallopian Tube,Completed Family,Division/Ligation;ODC;2840000;1000000
10536;SRG I_Fallopian Tube/Uterus/Ovary,,Therapeutic Laparoscopy;ODC;7420000;2600000
10537;SRG I_Femur,Fracture (Complex Intra-Articular),Open Reduction And Internal Fixation (ORIF) with Plate And Screws;ODC;10930000;3830000
10538;SRG I_Femur,Fracture (Intercondylar),Open Reduction And Internal Fixation (ORIF);ODC;9690000;3400000
10539;SRG I_Femur,Fracture (Single Condylar),Open Reduction And Internal Fixation (ORIF);ODC;8410000;2950000
10540;SRG I_Femur,Fracture,Open Reduction And Internal Fixation (ORIF) with Plate And Screws;ODC;8700000;3050000
10541;SRG I_Finger,Defect/Contracture (Multiple),Reconstruction;ODC;7250000;2540000
10542;SRG I_Finger,Defect/Contracture (Single),Reconstruction;ODC;4790000;1680000
10543;SRG I_Finger,Syndactyly (Multiple),Separation;ODC;10440000;3660000
10544;SRG I_Finger,Syndactyly (Single),Correction;ODC;5800000;2030000
10545;SRG I_Finger,Various Lesions,Amputation (Multiple);ODC;4060000;1430000
10546;SRG I_Finger,Various Lesions,Amputation (Single);ODC;2900000;1020000
10547;SRG I_Foot,,Achilles Tendon Reconstruction;ODC;8240000;2890000
10548;SRG I_Foot,Congenital Talipes Equinovarus (CTEV),Bilateral Release;ODC;9860000;3460000
10549;SRG I_Foot,Congenital Talipes Equinovarus (CTEV),Medial Release;ODC;4740000;1660000
10550;SRG I_Foot,Crush Injuries (Complex),Wound Debridement;ODC;3740000;1310000
10551;SRG I_Foot,Crush Injuries (Simple),Wound Debridement;ODC;2320000;820000
10552;SRG I_Foot,Fractures,Open Reduction And Internal Fixation (Complex/Multiple Including Talus And Calcaneum);ODC;8700000;3050000
10553;SRG I_Foot,Hallux Valgus/Hammer Toe,Proximal Osteotomy with/without Soft Tissue Reconstruction;ODC;8410000;2950000
10554;SRG I_Gallbladder,Various Lesions,Cholecystectomy (Laparoscopy);ODC;9670000;3390000
10555;SRG I_Gallbladder,Various Lesions,Cholecystectomy (Open);ODC;6960000;2440000
10556;SRG I_Gallbladder,Various Lesions,Cholecystectomy And Repair Of Cholecysto-Enteric/ Cholecysto-Choledochal Fistula (Laparoscopy);ODC;12990000;4550000
10557;SRG I_Gallbladder,Various Lesions,Cholecystectomy And Repair Of Cholecysto-Enteric/ Cholecysto-Choledochal Fistula (Open);ODC;9280000;3250000
10558;SRG I_Gallbladder,Various Lesions,Cholecystectomy/Choledochotomy/Common Bile Duct Exploration with Choledocho-Duodenostomy (Laparoscopy);ODC;11770000;4130000
10559;SRG I_Gallbladder,Various Lesions,Cholecystectomy/Choledochotomy/Common Bile Duct Exploration with Choledocho-Duodenostomy (Open);ODC;8410000;2950000
10560;SRG I_Genital Tract,Cancer,Staging Under General Anesthesia (Includes Cystoscopy/Dilatation & Curettage/Biopsy);ODC;1810000;640000
10561;SRG I_Genital,Fournier Gangrene,Debridement;ODC;4120000;1450000
10562;SRG I_Hand,Closed Fracture,ORIF (Multiple) Non-Joint;ODC;12620000;4420000
10563;SRG I_Hand,Closed Fracture,ORIF with K-Wire/Cerclage Wire Fixation;ODC;5510000;1930000
10564;SRG I_Hand,Closed Fracture,ORIF/Plate And Screws (Single) Joint/Non-Joint;ODC;8410000;2950000
10565;SRG I_Hand,Crush Injuries (Complex),Wound Debridement;ODC;4120000;1450000
10566;SRG I_Hand,Crush Injuries (Simple),Wound Debridement;ODC;2320000;820000
10567;SRG I_Hand,Flexor Tendon,Trigger Finger (Multiple) Release;ODC;5220000;1830000
10568;SRG I_Hand,Flexor Tendon,Trigger Finger (Single) Release;ODC;2610000;920000
10569;SRG I_Hand,Fractures/Dislocation,Open Reduction And Internal Fixation (Multiple);ODC;12620000;4420000
10570;SRG I_Hand,Open Fracture,Debridement And ORIF (Single) Joint;ODC;8410000;2950000
10571;SRG I_Hip,Various Lesions,Hemi-Arthroplasty;ODC;10500000;3680000
10572;SRG I_Hip,Various Lesions,Primary Total Joint Replacement (Lap/MIS/Navigated);ODC;14700000;5150000
10573;SRG I_Hip,Various Lesions,Primary Total Joint Replacement (Open);ODC;13920000;4880000
10574;SRG I_Hip,Various Lesions,Primary Total Joint Replacement with Augmentation Requiring Extra Implants Or Bone Grafts (Open);ODC;18100000;6340000
10575;SRG I_Hip,Various Lesions,Revision Hemi-Arthroplasty;ODC;13650000;4780000
10576;SRG I_Hip,Various Lesions,Revision Total Joint Replacement (MIS/Laparoscopy);ODC;25330000;8870000
10577;SRG I_Hip,Various Lesions,Revision Total Joint Replacement (Open);ODC;18100000;6340000
10578;SRG I_Hip/Knee,Therapeutic Arthroscopy,with/without Synovectomy/Labral Repair/FAI Resection For Hip;ODC;8760000;3070000
10579;SRG I_Humerus,Proximal Humerus Or Supracondylar Fracture,ORIF;ODC;8410000;2950000
10580;SRG I_Joints (Finger),Various Lesions,Replacement Arthroplasty;ODC;10740000;3760000
10581;SRG I_Joints (Lower Limb),Loose Bodies,Removal;ODC;5460000;1920000
10582;SRG I_Joints (Upper Limb),Vascular Injury,Major Vascular Reconstruction/Anastomosis/Graft;ODC;10740000;3760000
10583;SRG I_Joints,Arthroscopy,Diagnostic;ODC;4610000;1620000
10584;SRG I_Kidney,,Renovascular Reconstruction;ODC;9670000;3390000
10585;SRG I_Kidney,Blocked Nephrostomy Tube,Change;ODC;1510000;530000
10586;SRG I_Kidney,Calculus,Extra Corporeal Shockwave Lithotripsy (ESWL);ODC;5920000;2080000
10587;SRG I_Kidney,Calculus,Nephrolithotomy/Pyelolithotomy;ODC;6480000;2270000
10588;SRG I_Kidney,Calculus,Percutaneous Nephrolithotomy Or Percutaneous Nephrostolithotomy (PCNL);ODC;10970000;3840000
10589;SRG I_Kidney,Cyst,Imaging Guided Percutaneous Aspiration;ODC;6800000;2390000
10590;SRG I_Kidney,Cyst,Sclerosing And Percutaneous Drainage;ODC;5920000;2080000
10591;SRG I_Kidney,Cyst,Unroofing/Deroofing;ODC;4120000;1450000
10592;SRG I_Kidney,Cyst,Unroofing/Deroofing (Laparoscopy);ODC;5920000;2080000
10593;SRG I_Kidney,Pyonephrosis,Drainage (Open);ODC;5140000;1810000
10594;SRG I_Kidney,Staghorn Calculus,Nephrolithotomy Or Percutaneous Nephrostolithotomy (PCNL);ODC;10240000;3590000
10595;SRG I_Kidney,Staghorn Calculus,Percutaneous Nephrostolithotomy (PCNL) Laser;ODC;13870000;4860000
10596;SRG I_Kidney,Various Lesion,Robotic Renal Biopsy;ODC;6800000;2390000
10597;SRG I_Kidney,Various Lesions,Biopsy (Closed);ODC;3130000;1100000
10598;SRG I_Kidney,Various Lesions,Partial Nephrectomy (Laparoscopy);ODC;16410000;5750000
10599;SRG I_Kidney,Various Lesions,Radical Nephrectomy (Laparoscopy);ODC;13870000;4860000
10600;SRG I_Kidney,Various Lesions,Simple Nephrectomy (Laparoscopy);ODC;9670000;3390000
10601;SRG I_Kidney/Ureter,,Pyeloplasty (Unilateral - Open/Laparoscopy);ODC;6800000;2390000
10602;SRG I_Kidney/Ureter,,Retrograde Intrarenal Surgery Or RIRS Using Flexible Ureteroscopy (Diagnostic);ODC;4740000;1660000
10603;SRG I_Kidney/Ureter,,Retrograde Intrarenal Surgery Or RIRS Using Flexible Ureteroscopy (Therapeutic - e.g. Lithotripsy And/Or Basket Extraction Of Stones);ODC;9670000;3390000
10604;SRG I_Knee Ligaments,Disruption,Reconstruction And Repair;ODC;11020000;3860000
10605;SRG I_Knee,Arthroscopy,Knee Ligament Reconstruction (1 Or More);ODC;9280000;3250000
10606;SRG I_Knee,Ligaments/Meniscus/Cartilage/Bone Combined,ACL Or PCL Reconstruction (MIS/Laparoscopy);ODC;13920000;4880000
10607;SRG I_Knee,Ligaments/Meniscus/Cartilage/Bone Combined,Ligament Reconstruction with Meniscal Repair (Laparoscopy);ODC;13920000;4880000
10608;SRG I_Knee,Meniscus/Cartilage,Meniscal Repair (Laparoscopy);ODC;10880000;3810000
10609;SRG I_Knee,Various Lesions,Meniscectomy with/without Arthroscopy;ODC;8760000;3070000
10610;SRG I_Knee,Various Lesions,Primary Total Joint Replacement (Unilateral - Open);ODC;11600000;4060000
10611;SRG I_Knee,Various Lesions,Primary Total Joint Replacement (Unilateral) (Lap/MIS/Navigated);ODC;16240000;5690000
10612;SRG I_Knee,Various Lesions,Primary Total Joint Replacement (Unilateral) with Augmentation Requiring Extra Implants Or Bone Grafts (Open);ODC;15080000;5280000
10613;SRG I_Knee,Various Lesions,Revision Total Joint Replacement (MIS/Laparoscopy);ODC;21110000;7390000
10614;SRG I_Knee,Various Lesions,Revision Total Joint Replacement (Open);ODC;15080000;5280000
10615;SRG I_Laparotomy Debulking (Advanced Disease,Primary/Recurrent);ODC;8410000;2950000
10616;SRG I_Laryngoscopy with Removal Of Tumour/Lesions,,Laryngoscopy with Removal Of Tumour/Lesions;ODC;6500000;2280000
10617;SRG I_Larynx And Pharynx,Various Lesions,Laser Application;ODC;5180000;1820000
10618;SRG I_Larynx,,Laryngectomy with Bilateral Neck Dissection;ODC;10250000;3590000
10619;SRG I_Larynx,Various Lesions,Hemi/Partial Laryngectomy;ODC;10250000;3590000
10620;SRG I_Larynx,Various Lesions,Hemi/Partial Laryngectomy with Radical Neck Dissection;ODC;11600000;4060000
10621;SRG I_Lens,,Complicated Cataract Extraction with Intraocular Lens Implant (Capsular Tension Ring/Capsular Tension Segment);ODC;4400000;1540000
10622;SRG I_Lens,Cataract,Extraction with Intra-Ocular Lens Implant (Unilateral);ODC;5250000;1840000
10623;SRG I_Lens,Cataract,Extraction with Intra-Ocular Lens Implant And Trabeculectomy with/without Antimetabolites;ODC;5250000;1840000
10624;SRG I_Liver,Abscess,Trans-Abdominal Drainage (Laparoscopy);ODC;5770000;2020000
10625;SRG I_Liver,Abscess,Trans-Abdominal Drainage (Open);ODC;4120000;1450000
10626;SRG I_Lower Limb,Ischemia,Fasciotomy;ODC;5390000;1890000
10627;SRG I_Lung,Various Lesions,Pneumonectomy/Lobectomy/Segmental Resection;ODC;12060000;4230000
10628;SRG I_Lung,Various Lesions,Repeat/Multiple/Complex Resections;ODC;10230000;3580000
10629;SRG I_Lung,Various Lesions,Wedge Resection;ODC;8680000;3040000
10630;SRG I_Lymph Node (Axillary),Various Lesions,Sentinel LN Biopsy Only;ODC;3760000;1320000
10631;SRG I_Lymph Node (Cervical),,Radical with Flap Reconstruction;ODC;14790000;5180000
10632;SRG I_Lymph Node (Cervical),Various Lesions,Biopsy;ODC;1870000;660000
10633;SRG I_Lymph Node (Cervical),Various Lesions,Neck Dissection (Bilateral 3 Or Less Levels);ODC;7520000;2640000
10634;SRG I_Lymph Node (Cervical),Various Lesions,Neck Dissection (Unilateral 1-3 Levels);ODC;5940000;2080000
10635;SRG I_Lymph Node (Cervical),Various Lesions,Radical Neck Dissection;ODC;10440000;3660000
10636;SRG I_Lymph Node (Cervical),Various Lessions,Biopsy;ODC;2920000;1030000
10637;SRG I_Lymph Node (Inguinal),Various Lesions,Limited Excision;ODC;3760000;1320000
10638;SRG I_Lymph Node (Inguinal),Various Lesions,Radical Excision;ODC;4940000;1730000
10639;SRG I_Lymph Node (Pelvic) Dissection,,Dissection (Open);ODC;7210000;2530000
10640;SRG I_Lymph Node (Pelvic),,Dissection (Laparoscopy);ODC;10090000;3540000
10641;SRG I_Lymph Node (Retropharyngeal),,Neck Dissection (Open/Transoral);ODC;8040000;2820000
10642;SRG I_Lymph Node (Single),Various Lesions,Excision Biopsy (Laparoscopy);ODC;4040000;1420000
10643;SRG I_Lymph Node (Single),Various Lesions,Excision Biopsy (Open);ODC;2880000;1010000
10644;SRG I_Lymph Node,Various Lesions,Biopsy;ODC;2800000;980000
10645;SRG I_Maxilla,Alveolar Cleft (Unilateral Complete),Bone Graft And Closure Of Naso Buccal Fistula;ODC;6960000;2440000
10646;SRG I_Maxilla,Fracture - Lefort II (Complex),Open Reduction And Fixation;ODC;8120000;2850000
10647;SRG I_Maxilla,Various Lesions,Ostectomy/Osteotomy (>1 Segment);ODC;8120000;2850000
10648;SRG I_Maxilla,Various Lesions,Resection/Hemimaxillectomy (Open Or Endoscopic Method);ODC;6960000;2440000
10649;SRG I_Mouth,Cleft Lip,Unilateral Primary Repair;ODC;4120000;1450000
10650;SRG I_Mouth,Tumor,Radical Excision Biopsy with Resection Of Mandible And Lymph Nodes And Reconstruction;ODC;12060000;4230000
10651;SRG I_Mucous Membrane,Tumor/Cyst/Ulcer/Scar,Excision;ODC;1800000;630000
10652;SRG I_Nerve (Upper Limb),Carpal Tunnel Syndrome,Release with Endoneurolysis (Bilateral);ODC;14250000;4990000
10653;SRG I_Nerve (Upper Limb),Carpal Tunnel Syndrome,Release with Endoneurolysis (Unilateral);ODC;9740000;3410000
10654;SRG I_Nerve (Upper Limb),Entrapment Syndrome (Others),Decompression (Unilateral);ODC;8960000;3140000
10655;SRG I_Nerve (Upper Limb),Guyon's Tunnel Syndrome,Release (Unilateral);ODC;8960000;3140000
10656;SRG I_Nerve Root (Cervical),,Block (Injection Of Anaesthetic - Therapeutic Substance) (>1 level);ODC;10310000;3610000
10657;SRG I_Nerve Root (Lumbar/Thoracic),,Block (Injection Of Anaesthetic - Therapeutic Substance) (1 level);ODC;10310000;3610000
10658;SRG I_Nose,Hematoma/Abscess,Evacuation/Incision & Drainage;ODC;2090000;740000
10659;SRG I_Nose,Various Lesions (Turbinates),Turbinectomy/Turbinoplasty/Submucous Resection (with/without Endoscopes);ODC;4660000;1640000
10660;SRG I_Nose,Various Lesions,Septoplasty/Submucous Resection;ODC;5800000;2030000
10661;SRG I_Ovary,Malignant Tumor/Cyst,Total Hysterectomy Bilateral Salpingo-Oophorectomy with Omentectomy,Surgical Staging with/without Lymphadenectomy (Laparoscopy);ODC;12590000;4410000
10662;SRG I_Ovary,Malignant Tumor/Cyst,Total Hysterectomy Bilateral Salpingo-Oophorectomy with Omentectomy,Surgical Staging with/without Lymphadenectomy (Open);ODC;8990000;3150000
10663;SRG I_Ovary,Tumor/Cyst,Cystectomy (Complicated >5cm - Laparoscopy);ODC;7550000;2650000
10664;SRG I_Ovary,Tumor/Cyst,Cystectomy (Complicated >5cm);ODC;5390000;1890000
10665;SRG I_Ovary,Tumor/Cyst,Cystectomy (Simple <5cm - Laparoscopy);ODC;6740000;2360000
10666;SRG I_Ovary,Tumor/Cyst,Cystectomy (Simple <5cm);ODC;4810000;1690000
10667;SRG I_Ovary,Tumor/Cyst,Oophorectomy/Salpingo-Oophorectomy (Complicated);ODC;6500000;2280000
10668;SRG I_Ovary,Tumor/Cyst,Oophorectomy/Salpingo-Oophorectomy (Simple);ODC;4840000;1700000
10669;SRG I_Paravertebral Region,Block,Anaesthetic (>2 levels);ODC;10310000;3610000
10670;SRG I_Parotid,,Total Parotidectomy with/without Preservation Of Facial Nerve;ODC;10960000;3840000
10671;SRG I_Parotid,Tumor,Superficial Parotidectomy;ODC;7100000;2490000
10672;SRG I_Pelvis,Fracture,Fixation Of Anterior And Posterior Ring;ODC;12470000;4370000
10673;SRG I_Penis,,Dorsumcision;ODC;2820000;990000
10674;SRG I_Penis,,V. Spermatika Interna Ligation (Microsurgery);ODC;5920000;2080000
10675;SRG I_Penis,Buried Penis,Buried Penis Surgery;ODC;4120000;1450000
10676;SRG I_Penis,Congenital Organ Abnormality,Webbed Penis Excision;ODC;4120000;1450000
10677;SRG I_Penis,Glanular Hypospadias,Meatoplasty And Circumcision;ODC;2820000;990000
10678;SRG I_Penis,Hypospadias,Correction Of Chordee;ODC;4840000;1700000
10679;SRG I_Penis,Hypospadias,Urethral Reconstruction;ODC;7710000;2700000
10680;SRG I_Penis,Hypospadias,Urethral Reconstruction & Correction Of Chordee;ODC;9670000;3390000
10681;SRG I_Penis,Paraphimosis/Phimosis/Reduction Prepuce,Circumcision;ODC;2820000;990000
10682;SRG I_Penis,Penoscrotal Transposition,Reconstruction;ODC;9670000;3390000
10683;SRG I_Penis,Priapism,Priapism Operation (Winter Procedure);ODC;4120000;1450000
10684;SRG I_Penis,Trauma,Reconstruction (1st Stage);ODC;8170000;2860000
10685;SRG I_Penis,Trauma,Reconstruction (2nd Stage);ODC;8170000;2860000
10686;SRG I_Penis,Various Lesions,Insertion Of Penile Prosthesis;ODC;9670000;3390000
10687;SRG I_Peripheral Nerve,Block,Anaesthetic (Up To 2 Nerves);ODC;8960000;3140000
10688;SRG I_Prostate Gland,,Simple Prostatectomy (Laparoscopy);ODC;9090000;3190000
10689;SRG I_Prostate Gland,,Simple Prostatectomy (Open);ODC;6500000;2280000
10690;SRG I_Prostate Gland,Various Lesions,Biporal Transurethral Resection Of Prostate (Bipolar Turp);ODC;8410000;2950000
10691;SRG I_Prostate Gland,Various Lesions,Open Prostatectomy And Sectio Alta;ODC;4120000;1450000
10692;SRG I_Prostate Gland,Various Lesions,Radical Prostatectomy (Laparoscopy);ODC;14690000;5150000
10693;SRG I_Prostate Gland,Various Lesions,Radical Prostatectomy (Open);ODC;10490000;3680000
10694;SRG I_Prostate Gland,Various Lesions,Saturation Prostate Biopsy;ODC;2800000;980000
10695;SRG I_Prostate Gland,Various Lesions,Trans-Rectal Ultrasound (TRUS);ODC;1510000;530000
10696;SRG I_Prostate Gland,Various Lesions,Trans-Rectal Ultrasound (TRUS) Guided Biopsy;ODC;1510000;530000
10697;SRG I_Prostate Gland,Various Lesions,Transurethral Resection Of Prostate (TURP) >30gm;ODC;7190000;2520000
10698;SRG I_Radius And Ulna,Fracture/Dislocation,Open Reduction And Internal Fixation with/without Bone Grafting;ODC;8410000;2950000
10699;SRG I_Rectum,,Ultra-Low Anterior Resection (Total Mesorectal Excision) with/without PLND;ODC;9700000;3400000
10700;SRG I_Scrotum,Hydrocele/Varicocele (Unilateral),Excision;ODC;3750000;1320000
10701;SRG I_Scrotum,Varicocele,Varicocelectomy (Palomo);ODC;3130000;1100000
10702;SRG I_Shoulder Fracture/Dislocation,,Open Reduction And Internal Fixation (3 Or More Part Fracture);ODC;8410000;2950000
10703;SRG I_Shoulder,,Acromioclavicular Joint Stabilisation/Reconstruction;ODC;8410000;2950000
10704;SRG I_Shoulder,,Therapeutic Arthroscopy;ODC;11600000;4060000
10705;SRG I_Shoulder,Shoulder Soft Tissue Injury,Decompression Alone (Open/Laparoscopy);ODC;10880000;3810000
10706;SRG I_Shoulder,Shoulder Soft Tissue Injury,Decompression with Cuff Repair (Open/Laparoscopy);ODC;12180000;4270000
10707;SRG I_Shoulder,Shoulder Soft Tissue Injury,MIS Repair With Superior Labrum From Anterior To Posterior (Slap) Repair/Rotator Cuff Repair;ODC;13920000;4880000
10708;SRG I_Shoulder,Shoulder Soft Tissue Injury,Open Bankart Repair With Superior Labrum From Anterior To Posterior (Slap) Repair/Rotator Cuff Repair;ODC;10740000;3760000
10709;SRG I_Shoulder,Various Lesions,Hemiarthroplasty;ODC;9670000;3390000
10710;SRG I_Sinuses,Nasal,Foreign Body/Other Lesions,Intranasal Operation/Removal Of Foreign Body;ODC;3130000;1100000
10711;SRG I_Sinuses,Nasal,Infection,Functional Sinuscopic Drainage Of Ethmoidal/ Maxillary Sinuses;ODC;6500000;2280000
10712;SRG I_Sinuses,Nasal,Infection,Functional Sinuscopic Ethmoidectomy (Bilateral);ODC;8100000;2840000
10713;SRG I_Sinuses,Nasal,Infection,Functional Sinuscopic Ethmoidectomy (Unilateral);ODC;5790000;2030000
10714;SRG I_Skin And Subcutaneous Tissue (Ear/Nose/Eyelid/Face),Complex Lacerations,Repair;ODC;4210000;1480000
10715;SRG I_Skin And Subcutaneous Tissue (Face And Neck),Scar (>3cm),Revision;ODC;2880000;1010000
10716;SRG I_Skin And Subcutaneous Tissue,Burns,Escharotomy (Extensive);ODC;1510000;530000
10717;SRG I_Skin And Subcutaneous Tissue,Burns,Escharotomy (Limited);ODC;750000;270000
10718;SRG I_Skin And Subcutaneous Tissue,Deep (>3cm)/Extensive Contaminated Wound,Debridement;ODC;3750000;1320000
10719;SRG I_Skin And Subcutaneous Tissue,Defect,Direct Flap (Cross Finger/Similar Flaps);ODC;6120000;2150000
10720;SRG I_Skin And Subcutaneous Tissue,Defect,Single Stage Local Flap (Complicated/Large);ODC;7860000;2760000
10721;SRG I_Skin And Subcutaneous Tissue,Hematoma/Carbuncle Cellulitis/Similar Lesion>3cm,Saucerisation/Incision with Drainage;ODC;2510000;880000
10722;SRG I_Skin And Subcutaneous Tissue,Sinus (Shallow<3cm),Excision with/without Biopsy;ODC;870000;310000
10723;SRG I_Skin And Subcutaneous Tissue,Tumor/Cyst/Ulcer/Scar,Excision Biopsy  (> 15mm diameter);ODC;1510000;530000
10724;SRG I_Skin And Subcutaneous Tissue,Wound,Debridement (<3cm);ODC;840000;300000
10725;SRG I_Skin,Burns (2% To 5%),Excision;ODC;2460000;870000
10726;SRG I_Skin,Burns (More Than 10%),Dressing;ODC;2890000;1020000
10727;SRG I_Skin,Keratoses/Warts/Tags/Similar Lesions,Excision (6 - 10 Lesions);ODC;1510000;530000
10728;SRG I_Skin,Keratoses/Warts/Tags/Similar Lesions,Excision (More Than10 Lesions);ODC;3130000;1100000
10729;SRG I_Skin,Keratoses/Warts/Tags/Similar Lesions,Excision (Not More Than 5 Lesions);ODC;750000;270000
10730;SRG I_Skin,Plantar Wart,Excision Or Vaporisation By Laser;ODC;750000;270000
10731;SRG I_Skull,Intracranial Hemorrhage,Osteoplastic Craniotomy/Extensive Craniectomy (Unilateral);ODC;30920000;10830000
10732;SRG I_Soft Tissue (Lower Limb),Contracture,Major Release;ODC;5920000;2080000
10733;SRG I_Soft Tissue (Lower Limb),Contracture,Minor Release;ODC;3130000;1100000
10734;SRG I_Soft Tissue (Lower Limb),Small Tumors (Benign),Excision Biopsy Under General Anesthesia;ODC;1920000;680000
10735;SRG I_Soft Tissue (Lower Limb),Tumors (Benign),Wide Excision Biopsy;ODC;4730000;1660000
10736;SRG I_Soft Tissue (Upper Limb),Tumors (Benign),Major Excision Biopsy;ODC;4730000;1660000
10737;SRG I_Soft Tissue (Upper Limb),Tumors (Malignant),Wide Excision Biopsy;ODC;6030000;2120000
10738;SRG I_Soft Tissue,Tumor (Malignant),Wide Excision Biopsy <7cm Other Than Upper/Lower Limbs;ODC;3750000;1320000
10739;SRG I_Spermatic Cord,Spermatocele/Epididymal Cyst,Excision;ODC;3750000;1320000
10740;SRG I_Spine (exclude Cervical Spine),Various Lesions,Interbody Fusion (Single Segment) with Anterior/Posterior Instrumentation;ODC;20880000;7310000
10741;SRG I_Spine,,Facet Joint Block (Injection Of Anaesthetic Or Therapeutic Substance) up to 3 Joints;ODC;8960000;3140000
10742;SRG I_Spine,,Removal Of Spine Implants without Other Procedures (Anterior Approach);ODC;10740000;3760000
10743;SRG I_Spine,,Vertebroplasty Or Kyphoplasty (Multiple Levels);ODC;15490000;5430000
10744;SRG I_Spine,,Vertebroplasty Or Kyphoplasty (Single Level);ODC;10320000;3620000
10745;SRG I_Spine,Fracture-Dislocation,Open Reduction And Stabilisation;ODC;14340000;5020000
10746;SRG I_Spine,Infection,Posterior Drainage,Debridement And Removal Of Implants,without Fusion Or Other Procedures;ODC;10740000;3760000
10747;SRG I_Spine,Percutaneous Disc Ablation,2 Or More Levels (Intradiscal Electrothermal Annuloplasty/IDET);ODC;12620000;4420000
10748;SRG I_Spine,Percutaneous Disc Ablation,Single Level (Intradiscal Electrothermal Annuloplasty/IDET);ODC;8410000;2950000
10749;SRG I_Spine,Syringomyelia,Laminectomy And Drainage;ODC;14340000;5020000
10750;SRG I_Spleen,Trauma,Splenectomy;ODC;7950000;2790000
10751;SRG I_Spleen,Various Non-Traumatic Lesions,Splenectomy (Open);ODC;6500000;2280000
10752;SRG I_Tendon Sheath (Upper Limb),De Quervain's (Bilateral),Release;ODC;7190000;2520000
10753;SRG I_Tendon Sheath (Upper Limb),De Quervain's (Unilateral),Release;ODC;5390000;1890000
10754;SRG I_Tendon Sheath (Upper Limb),Ganglion/Villo-Nodular Synovitis,Excision;ODC;3490000;1230000
10755;SRG I_Tendon Sheath And Subcutaneous Tissue,Ganglion/Large Bursa,Excision Biopsy (>3cm) ;ODC;3130000;1100000
10756;SRG I_Tendon Sheath And Subcutaneous Tissue,Ganglion/Small Bursa,Excision Biopsy (<3cm) ;ODC;2850000;1000000
10757;SRG I_Tendon-Achilles (Lower Limb),Disruption,Repair;ODC;5800000;2030000
10758;SRG I_Testis,Inguinal,Hydrocele,High Ligation Surgery;ODC;4120000;1450000
10759;SRG I_Testis,Undescended/Ectopic (Bilateral),Orchidopexy/Transplantation with Hernia Repair;ODC;7250000;2540000
10760;SRG I_Testis,Undescended/Ectopic (Unilateral),Orchidopexy/Transplantation with Hernia Repair;ODC;5180000;1820000
10761;SRG I_Testis,Variocoele,Spermatic Vein Embolisation;ODC;4380000;1540000
10762;SRG I_Testis,Various Lesions,Exploration/Repair;ODC;2070000;730000
10763;SRG I_Testis,Various Lesions,Orchidectomy (Simple - Laparoscopy);ODC;7870000;2760000
10764;SRG I_Testis,Various Lesions,Orchidectomy (Simple);ODC;5620000;1970000
10765;SRG I_Thorax,,Decortication (Laparoscopy);ODC;12460000;4370000
10766;SRG I_Thorax,Effusion/Fluid/Abscess Collection,Imaging Guided Percutaneous Aspiration/Diagnostic Tap;ODC;3320000;1170000
10767;SRG I_Thorax,Pleural Effusion,Aspiration;ODC;1100000;390000
10768;SRG I_Thorax,Pleural Effusion,Biopsy;ODC;1370000;490000
10769;SRG I_Thorax,Tumor (Mediastinal),Complex Resection;ODC;12880000;4510000
10770;SRG I_Thorax,Tumor (Mediastinal),Resection;ODC;10230000;3580000
10771;SRG I_Thorax,Various Lesions,Intercostal Drain (Insertion without Resection Of Rib);ODC;4170000;1460000
10772;SRG I_Thorax,Various Lesions,Thoracotomy (Exploration) with/without Biopsy;ODC;5900000;2070000
10773;SRG I_Thyroglossal Duct,Cyst Fistula,Excision;ODC;3510000;1240000
10774;SRG I_Thyroid,Various Lesions,Hemithyroidectomy/Partial Thyroidectomy;ODC;7880000;2760000
10775;SRG I_Thyroid,Various Lesions,Total/Subtotal Thyroidectomy;ODC;7920000;2780000
10776;SRG I_Thyroid,Various Lesions,Total/Subtotal Thyroidectomy with Neck Dissection (Unilateral);ODC;15750000;5520000
10777;SRG I_Tibia,Fracture,Open Reduction And Internal Fixation with Plates And Screws (Comminuted);ODC;10930000;3830000
10778;SRG I_Tibia,Fracture,Open Reduction and Internal Fixation with Plates And Screws (Simple);ODC;8410000;2950000
10779;SRG I_Tibia,Tibial Plateau,Tibia Plateau Unicondylar ORIF;ODC;8410000;2950000
10780;SRG I_Tongue,Tumor,Glossectomy with Radical Neck Dissection;ODC;8410000;2950000
10781;SRG I_Tongue,Tumor,Hemi-Glossectomy;ODC;4120000;1450000
10782;SRG I_Tongue,Tumor,Total Glossectomy;ODC;4640000;1630000
10783;SRG I_Tonsils,Abscess,Drainage;ODC;750000;270000
10784;SRG I_Tonsils,Various Lesions,Removal;ODC;3850000;1350000
10785;SRG I_Trachea,Tracheostomy,Revision And Reinsertion;ODC;5030000;1770000
10786;SRG I_Trachea,Various Lesions,Trachea Reconstruction;ODC;7810000;2740000
10787;SRG I_Trachea,Various Lesions,Tracheostomy;ODC;3640000;1280000
10788;SRG I_Upper Limb,Fracture/Dislocation,Manipulation And Reduction;ODC;2320000;820000
10789;SRG I_Ureter,,Anastomosis End To End Ureter;ODC;4740000;1660000
10790;SRG I_Ureter,,Cystoscopy And Insertion Of Double J Stent;ODC;4740000;1660000
10791;SRG I_Ureter,,Extra Corporeal Shockwave Lithotripsy (ESWL) For Ureteric Stone;ODC;5920000;2080000
10792;SRG I_Ureter,,Ureteroscopy;ODC;3750000;1320000
10793;SRG I_Ureter,Calculus,Ureteroscopy And Lithotripsy with/without Ultrasound;ODC;6800000;2390000
10794;SRG I_Ureter,Calculus,Ureteroscopy And Lithotripsy with/without Ultrasound (Laser);ODC;9670000;3390000
10795;SRG I_Ureter,Various Lesions,Intestinal Conduit;ODC;9180000;3220000
10796;SRG I_Ureter,Various Lesions,Reimplantation (Bilateral);ODC;9670000;3390000
10797;SRG I_Ureter,Various Lesions,Reimplantation (Unilateral);ODC;6800000;2390000
10798;SRG I_Ureter,Various Lesions,Reimplantation,Laparoscopy (Unilateral);ODC;9670000;3390000
10799;SRG I_Ureter,Various Lesions,Ureterotomy/Insertion Of Double J Stent;ODC;5010000;1760000
10800;SRG I_Urethra,,Ureteroscopy;ODC;3130000;1100000
10801;SRG I_Urethra,Hypospadias,Meatoplasty;ODC;1730000;610000
10802;SRG I_Urethra,Injury,Repair/Urethroplasty Of Anterior Urethra;ODC;5010000;1760000
10803;SRG I_Urethra,Meatal Stenosis,Meatotomy;ODC;1800000;630000
10804;SRG I_Urethra,Various Lesions,Sachse Internal Urethrotomy;ODC;6800000;2390000
10805;SRG I_Urethra,Various Lesions,Staged Urethroplasty (Each Stage);ODC;6800000;2390000
10806;SRG I_Uterus,,Sub-Total/Total Hysterectomy with/without Salpingo-Oophorectomy;ODC;7840000;2750000
10807;SRG I_Uterus,Endometriosis,Hysterectomy with Salpingo-Oophorectomy;ODC;8410000;2950000
10808;SRG I_Uterus,Endometriosis,Hysterectomy without Salpingo-Oophorectomy;ODC;5920000;2080000
10809;SRG I_Uterus,Fibroids,Myomectomy (Complicated >5cm/Multiple >2/Challenging Location);ODC;7420000;2600000
10810;SRG I_Uterus,Fibroids,Myomectomy (Simple <5cm - Laparoscopy);ODC;8570000;3000000
10811;SRG I_Uterus,Fibroids,Myomectomy (Simple <5cm - Open);ODC;6120000;2150000
10812;SRG I_Uterus,Malignant Condition,Radical Hysterectomy with/without Lymphadenectomy;ODC;9220000;3230000
10813;SRG I_Uterus,Malignant Condition,Radical Hysterectomy with/without Lymphadenectomy (Laparoscopy);ODC;12900000;4520000
10814;SRG I_Uterus,Malignant Condition,Total Hysterectomy with/without Salpingo-Oophorectomy with/without Lymph Node Dissection (Open);ODC;8410000;2950000
10815;SRG I_Uterus,Pregnancy And Multiparity,Uncomplicated Caesarean Section And Tubal Ligation;ODC;5530000;1940000
10816;SRG I_Uterus,Pregnancy,Caesarean Section with Hysterectomy;ODC;9380000;3290000
10817;SRG I_Uterus,Pregnancy,Uncomplicated Caesarean Section;ODC;4600000;1620000
10818;SRG I_Uterus,Various Lesions,Curettage with/without Dilatation;ODC;1510000;530000
10819;SRG I_Uterus/Cervix,Hysteroscopy,Diagnostic with General Anesthesia;ODC;1690000;600000
10820;SRG I_Vas Deferens,,Vasovasostomy;ODC;6800000;2390000
10821;SRG I_Vas Deferens,Various Lesions,Varicocelectomy (Microsurgical);ODC;6800000;2390000
10822;SRG I_Vas Deferens,Various Lesions,Vasectomy;ODC;2800000;990000
10823;SRG I_Vein,Arterio-Venous Fistula,Dissection And Ligation;ODC;1650000;580000
10824;SRG I_Vein,Bleeding Varicosities/Vascular Malformation,Image Guided Sclerotherapy Injection;ODC;4970000;1740000
10825;SRG I_Vein,Varicosity,High Ligation And Complete Stripping/Excision Of Long/Long And Short Saphenous Vein;ODC;6180000;2170000
10826;SRG I_Vulva,Abscess,Incision;ODC;1440000;510000
10827;SRG I_Vulva,Bartholin Cyst,Incision/Marsupialization with/without Use Of Laser;ODC;1440000;510000
10828;SRG I_Vulva,Malignant Condition,Radical Vulvectomy With Groin Dissection And With Or Without Skin Flap Closure;ODC;13200000;4620000
10829;SRG I_Wrist,Distal Or Radial Ulnar Joint (DRUJ) Instability,Complex Ligament Reconstruction;ODC;10740000;3760000
10830;SRG I_Wrist,Distal Radius Fracture,Open Reduction And Internal Fixation (ORIF) with Ulnar Head/Styloid Fixation/Tfcc Repair;ODC;8410000;2950000
10831;SRG II_Abdomen/Pelvis,Various Lesions,Insertion Of Peritoneal Dialysis Catheter;ODC;1960000;690000
10832;SRG II_Abdomen/Pelvis,Various Lesions,Removal Of Peritoneal Dialysis Catheter;ODC;1960000;690000
10833;SRG II_Abdominal Cavity,Adhesions,Lysis As Primary Procedure with/without Bowel Resection (Laparoscopy);ODC;7690000;2690000
10834;SRG II_Abdominal Cavity,Adhesions,Lysis As Primary Procedure with/without Bowel Resection (Open);ODC;5770000;2020000
10835;SRG II_Abdominal Cavity,Multiple Ruptures,Major Repair/Removal;ODC;15060000;5270000
10836;SRG II_Abdominal Cavity,Various Lesions,Colostomy/Enterostomy/Gastrostomy (Laparoscopy);ODC;10570000;3700000
10837;SRG II_Abdominal Cavity,Various Lesions,Colostomy/Enterostomy/Gastrostomy (Open);ODC;7550000;2640000
10838;SRG II_Abdominal Cavity,Various Lesions,Exploratory Laparotomy;ODC;5430000;1900000
10839;SRG II_Abdominal Wall,Epigastric/Umbilical Hernia,Repair (Open);ODC;4860000;1700000
10840;SRG II_Abdominal Wall,Inguinal Hernia (Infants & Children),Herniotomy (Bilateral);ODC;6810000;2380000
10841;SRG II_Abdominal Wall,Inguinal Hernia (Infants & Children),Herniotomy (Unilateral);ODC;4860000;1700000
10842;SRG II_Abdominal Wall,Inguinal/Femoral Hernia,Bilateral Herniorrhaphy (Laparoscopy);ODC;16320000;5710000
10843;SRG II_Abdominal Wall,Inguinal/Femoral Hernia,Bilateral Herniorrhaphy (Open);ODC;11650000;4080000
10844;SRG II_Abdominal Wall,Inguinal/Femoral Hernia,Unilateral Herniorrhaphy (Laparoscopy);ODC;11650000;4080000
10845;SRG II_Abdominal Wall,Inguinal/Femoral Hernia,Unilateral Herniorrhaphy (Open);ODC;8320000;2910000
10846;SRG II_Abdominal Wall,Strangulated/Obstructed Hernia,Repair with Bowel Resection;ODC;12590000;4410000
10847;SRG II_Abdominal Wall,Strangulated/Obstructed Hernia,Repair without Bowel Resection;ODC;10180000;3560000
10848;SRG II_Abdominal Wall,Ventral/Incisional/Recurrent Hernia,Repair (Open);ODC;11360000;3980000
10849;SRG II_Adenoids,Various Lesions,Removal;ODC;4300000;1500000
10850;SRG II_Adrenals,Various Lesions,Biopsy/Excision (Laparoscopy);ODC;12930000;4530000
10851;SRG II_Adrenals,Various Lesions,Biopsy/Excision (Open);ODC;9230000;3230000
10852;SRG II_Ankle,,Therapeutic Arthroscopy;ODC;11390000;3980000
10853;SRG II_Ankle,Ankle Fracture,Bimalleolar ORIF;ODC;13570000;4750000
10854;SRG II_Ankle,Ankle Fracture,Unimalleolar ORIF;ODC;9050000;3170000
10855;SRG II_Ankle,Dislocation,Open Reduction;ODC;6980000;2440000
10856;SRG II_Ankle,Various Lesions,Repair Of Ligaments;ODC;7010000;2450000
10857;SRG II_Anus,Fissure,Excision/Lateral Sphincterotomy;ODC;3750000;1310000
10858;SRG II_Anus,Fistula-In-Ano (High),Complex And Recurrent Fistulectomy;ODC;5560000;1950000
10859;SRG II_Anus,Fistula-In-Ano,Excision/ Fistulectomy;ODC;3750000;1310000
10860;SRG II_Anus,Fistula-In-Ano,Insertion Of Seton;ODC;5940000;2080000
10861;SRG II_Anus,Hemorrhoids,Hemorrhoidectomy with/without Sigmoidoscopy;ODC;4150000;1450000
10862;SRG II_Anus,Hemorrhoids,Laser Haemorrhoidectomy;ODC;7790000;2730000
10863;SRG II_Anus,Hemorrhoids,Removal Of External Anal Tags;ODC;1870000;650000
10864;SRG II_Anus,Hemorrhoids,Stapled Haemorrhoidectomy;ODC;5560000;1950000
10865;SRG II_Anus,Hemorrhoids,Transanal Haemorrhoidal Dearterialization (THD);ODC;3620000;1270000
10866;SRG II_Anus,Perineal Abscess,Saucerisation/Drainage;ODC;4060000;1420000
10867;SRG II_Anus,Stricture,Dilatation;ODC;980000;340000
10868;SRG II_Aorta,,Total Arch Replacement;ODC;54360000;19030000
10869;SRG II_Aorta,Aneurysm,Juxtarenal Type;ODC;14260000;4990000
10870;SRG II_Aorta,Ruptured Aortic Aneurysm (Thoracic Or Abdominal),Endo-Vascular Aortic Repair;ODC;22620000;7920000
10871;SRG II_Aorta,Thoraco-Abdominal Aneurysm,Excision And Insertion Of Graft;ODC;54360000;19030000
10872;SRG II_Aortic Dissection,,Endovascular Fenestration;ODC;4190000;1470000
10873;SRG II_Aortic Dissection,,Endovascular Stent Graft Repair;ODC;16100000;5630000
10874;SRG II_Appendix,Various Lesions/Abscess,Appendicectomy with/without Drainage (Laparoscopy);ODC;9230000;3230000
10875;SRG II_Appendix,Various Lesions/Abscess,Appendicectomy with/without Drainage (Open);ODC;7400000;2590000
10876;SRG II_Arteriovenous Fistula Graft,,Thrombectomy;ODC;6240000;2190000
10877;SRG II_Arteriovenous Fistula,,Angiogram;ODC;3020000;1060000
10878;SRG II_Arteriovenous Fistula,,Synthetic Graft;ODC;13290000;4650000
10879;SRG II_Artery,Intracranial,Thrombosis,Percutaneous Catheter Directed Thrombolysis/Thrombectomy;ODC;40200000;14070000
10880;SRG II_Artery,Various Lesions,Arterio-Venuous Fistula Creation;ODC;8280000;2900000
10881;SRG II_Bladder,Calculus,Vesicolithotomy/Litholapaxy/Ultrasonic Lithotripsy;ODC;8840000;3100000
10882;SRG II_Bladder,Cystoscopy with/without Biopsy;ODC;2340000;820000
10883;SRG II_Bladder,Cystoscopy,Removal Of Foreign Body/Ureteric Stent;ODC;2730000;960000
10884;SRG II_Bladder,Cystoscopy,with Endoscopic Resection/Incision Of Bladder Neck;ODC;5620000;1970000
10885;SRG II_Bladder,Retention Of Urine,Suprapubic Cystostomy;ODC;4430000;1550000
10886;SRG II_Bladder,Various Lesions,Total Radical Cystectomy,For Malignancy (Laparoscopy);ODC;18040000;6310000
10887;SRG II_Bladder,Various Lesions,Total Radical Cystectomy,For Malignancy (Open);ODC;12890000;4510000
10888;SRG II_Bladder,Vesico-Rectal Fistula,Correction;ODC;7690000;2690000
10889;SRG II_Bladder,Vesico-Vaginal Fistula,Correction;ODC;13320000;4660000
10890;SRG II_Bladder/Ureter,Cystoscopy,with Ureteric Catheterisation;ODC;3330000;1160000
10891;SRG II_Bladder/Urethra,,Transurethral Resection Of Bladder Tumour (<3cm);ODC;7490000;2620000
10892;SRG II_Bladder/Urethra,,Transurethral Resection Of Bladder Tumour (>3cm);ODC;10750000;3760000
10893;SRG II_Bladder/Urethra,Cystoscopy,with Urethral Dilatation;ODC;3330000;1160000
10894;SRG II_Blood Vessels,Subcutaneous Implanted Vascular Port,Insertion;ODC;4130000;1440000
10895;SRG II_Blood Vessels,Subcutaneous Implanted Vascular Port,Removal;ODC;2220000;780000
10896;SRG II_Bone (Lower Limb),,Grade 1 And 2 Open Fractures/Open Dislocation Or Open Fracture-Dislocation Wound Debridement;ODC;3770000;1320000
10897;SRG II_Bone (Lower Limb),Deformities,Corrective Surgery with Internal Fixation with/without Fluoroscopy;ODC;12440000;4350000
10898;SRG II_Bone (Lower Limb),Deformities,Corrective Surgery with Osteotomy Alone;ODC;10930000;3830000
10899;SRG II_Bone (Lower Limb),Fracture/Dislocation,Manipulation And Kirschner Wire Fixation;ODC;7160000;2510000
10900;SRG II_Bone (Upper Limb),Grade 1 And 2 Open Fractures/Open Dislocation Or Open Fracture-Dislocation,Wound Debridement;ODC;3770000;1320000
10901;SRG II_Bone And Joints (Lower Limb),,Removal Of Simple Implants (Rush Rods/Wires/K-Wires/Pins/Screws);ODC;4830000;1690000
10902;SRG II_Bone And Joints (Lower Limb),Plates And Screws/Nails,Removal;ODC;8400000;2940000
10903;SRG II_Bone And Joints (Upper Limb),,Removal Of Simple Implants (Rush Rods/Wires/K-Wires/Pins/Screws);ODC;4830000;1690000
10904;SRG II_Bone And Joints (Upper Limb),Plates And Screws,Removal;ODC;8400000;2940000
10905;SRG II_Brain,,Deep Brain Stimulation (Unilateral);ODC;40200000;14070000
10906;SRG II_Brain,Aneurysm/Arterio-Venous Malformation,Clipping/Excision (Complex);ODC;40200000;14070000
10907;SRG II_Brain,Hydrocephalus And Other Lesions,Ventriculoatrial/Ventriculoperitoneal Shunt;ODC;40200000;14070000
10908;SRG II_Brain,Hydrocephalus,External Ventricular Drainage (Unilateral);ODC;40200000;14070000
10909;SRG II_Brain,Intracerebral Tumor,Biopsy And/Or Decompression/Removal Via Craniotomy (Complex);ODC;40200000;14070000
10910;SRG II_Brain,Intracerebral Tumor,Biopsy And/Or Decompression/Removal Via Craniotomy (Simple);ODC;40200000;14070000
10911;SRG II_Brain,Intracranial Abscess,Craniectomy And Drainage;ODC;40200000;14070000
10912;SRG II_Brain,Intracranial Extracerebral Tumor,Craniotomy/Hemispherectomy;ODC;40200000;14070000
10913;SRG II_Breast (Nipple),Various Lesions,Graft And/Or Flap Reconstruction (Bilateral);ODC;9850000;3450000
10914;SRG II_Breast (Nipple),Various Lesions,Graft And/Or Flap Reconstruction (Unilateral);ODC;7060000;2470000
10915;SRG II_Breast,Gynecomastia,Reduction (Unilateral);ODC;4660000;1630000
10916;SRG II_Breast,Lump (Single),Excision Biopsy;ODC;3810000;1330000
10917;SRG II_Breast,Lumps (Multiple/Bilateral),Excision Biopsy;ODC;5700000;2000000
10918;SRG II_Breast,Post Mastectomy,Reconstruction Using Free Flap (Unilateral);ODC;35720000;12500000
10919;SRG II_Breast,Post Mastectomy,Reconstruction Using Pedicled Transverse Rectus Abdominis Musculocutaneous Flap (Bilateral);ODC;25050000;8770000
10920;SRG II_Breast,Post Mastectomy,Reconstruction Using Pedicled Transverse Rectus Abdominis Musculocutaneous Flap (Unilateral);ODC;20890000;7310000
10921;SRG II_Breast,Tumor (Malignant),Radical Mastectomy with/without Axiliary Clearance;ODC;12150000;4250000
10922;SRG II_Breast,Tumor (Malignant),Simple Mastectomy;ODC;7310000;2560000
10923;SRG II_Breast,Tumor (Malignant),Simple Mastectomy with Sentinel Node Biopsy/ Axiliary Node Sampling;ODC;9800000;3430000
10924;SRG II_Breast,Tumor (Malignant),Wide Excision/ Lumpectomy/Segmental Mastectomy/ Partial Mastectomy;ODC;11990000;4200000
10925;SRG II_Breast,Tumor (Malignant),Wide Excision/ Lumpectomy/Segmental Mastectomy/ Partial Mastectomy with Axiliary Clearance with/without Sentinel Node Biopsy;ODC;11990000;4200000
10926;SRG II_Breast,Tumor (Malignant),Wide Excision/ Lumpectomy/Segmental Mastectomy/ Partial Mastectomy with Sentinel Node Biopsy/ Axiliary Node Sampling;ODC;11990000;4200000
10927;SRG II_Breast,Various Lesions,Subcutaneous Mastectomy Bilateral excluding Gynaecomastia;ODC;13960000;4890000
10928;SRG II_Breast,Various Lesions,Subcutaneous Mastectomy Unilateral excluding Gynaecomastia;ODC;6980000;2440000
10929;SRG II_Breast,Various Lesions,Trucut Biopsy,Ultrasound Guided Or Stereotactic (Single);ODC;1180000;410000
10930;SRG II_Breast,Various Lesions,Wire Localisation,Excision (Multiple);ODC;6180000;2160000
10931;SRG II_Bronchus/Lung,,Bronchoscopy with/without Biopsy;ODC;4910000;1720000
10932;SRG II_Carpus,Fracture/Dislocation,Open Reduction And Internal Fixation;ODC;10930000;3830000
10933;SRG II_Cervical Spine,Various Lesions,Anterior Decompression And Fusion Or Disc Replacement (1 Segment);ODC;18850000;6600000
10934;SRG II_Cervical Spine,Various Lesions,Anterior Decompression And Fusion Or Disc Replacement (2 Segments);ODC;26390000;9240000
10935;SRG II_Cervical Spine,Various Lesions,Anterior Decompression And Fusion Or Disc Replacement (3 Or More Segments);ODC;36950000;12930000
10936;SRG II_Cervical Spine,Various Lesions,Laminoplasty (without Instrumentation);ODC;26390000;9240000
10937;SRG II_Cervix,Cancer,Radical Trachelectomy with/without Lymphadenectomy;ODC;9230000;3230000
10938;SRG II_Cervix,Cervical Intraepithelial Neoplasia,Cone Biopsy with/without Laser;ODC;4070000;1430000
10939;SRG II_Cervix,Polyp,Excision/Erosion (Complicated) Includes D&C with Biopsy;ODC;4450000;1560000
10940;SRG II_Cervix,Polyp,Excision/Erosion (Simple) with Biopsy;ODC;1260000;440000
10941;SRG II_Cervix,Transcervical Resection (TCR) Polyp (<2cm),Hysteroscopic;ODC;3690000;1290000
10942;SRG II_Cervix,Transcervical Resection (TCR) Polyp (>2cm),Hysteroscopic;ODC;4890000;1710000
10943;SRG II_Cervix,Transcervical Resection (TCR) Septum,Hysteroscopic;ODC;4860000;1700000
10944;SRG II_Cervix,Various Lesions,Colposcopy Ablational/Excisional Treatment (Laser Vapourisation/Loop Electrosurgical Excision Procedure/Laser Excision Of Transformation Zone with Biopsy);ODC;4070000;1430000
10945;SRG II_Clavicle,Clavicle Fracture,Delayed Union/Revision And ORIF with/without Bone Grafting;ODC;10930000;3830000
10946;SRG II_Clavicle,Clavicle Fracture,Simple;ODC;10930000;3830000
10947;SRG II_Colon,,Anterior Resection (Laparoscopy);ODC;14020000;4910000
10948;SRG II_Colon,,Anterior Resection (Open);ODC;12610000;4420000
10949;SRG II_Colon,Various Lesions,Colostomy;ODC;8610000;3010000
10950;SRG II_Colon,Various Lesions,Right/Left Hemicolectomy (Laparoscopy);ODC;13560000;4750000
10951;SRG II_Colon,Various Lesions,Right/Left Hemicolectomy (Open);ODC;9690000;3390000
10952;SRG II_Conjunctiva,Pterygium,Excision (Bare Sclera);ODC;4190000;1470000
10953;SRG II_Creation Of Ileal Neobladder;ODC;12890000;4510000
10954;SRG II_Diaphragm,Tumor,Excision;ODC;7690000;2690000
10955;SRG II_Diaphragm,Tumor,Excision with Wedge Resection Of Lung;ODC;8830000;3090000
10956;SRG II_Digit(s),Nailbed Laceration,Nailbed Grafting;ODC;6030000;2110000
10957;SRG II_Ear (Middle),,Cochlear Implant;ODC;9230000;3230000
10958;SRG II_Ear (Middle),Abscess/Inflammation,Operation;ODC;1790000;630000
10959;SRG II_Ear,Foreign Body,Complex Removal/Excision (Embedded/Large);ODC;3150000;1100000
10960;SRG II_Ear,Laceration (Full Thickness),Repair (> 3cm);ODC;4890000;1710000
10961;SRG II_Ear,Tympanic Membrane,Perforation,Cauterisation/Diathermy;ODC;1180000;410000
10962;SRG II_Ear,Tympanic Membrane,Perforation,Round Window Repair;ODC;9730000;3400000
10963;SRG II_Ear,Tympanic Membrane,Unilateral Myringotomy with Tube;ODC;3770000;1320000
10964;SRG II_Ear,Tympanic Membrane,Unilateral Myringotomy without Tube;ODC;2710000;950000
10965;SRG II_Ear,Various Lesions,Myringoplasty (Simple);ODC;4280000;1500000
10966;SRG II_Ear,Various Lesions,Ossicular Chain Reconstruction with/without Myringoplasty;ODC;6160000;2160000
10967;SRG II_Elbow,,Therapeutic Arthroscopy;ODC;11390000;3980000
10968;SRG II_Elbow,Coronoid Fracture,ORIF;ODC;10930000;3830000
10969;SRG II_Elbow,Dislocation,Ligament Repair (Complex,with/without Implant);ODC;9950000;3480000
10970;SRG II_Elbow,Dislocation,Ligament Repair (Single);ODC;7010000;2450000
10971;SRG II_Elbow,Fracture/ Dislocation,Repair Of Ligaments/ ORIF;ODC;10930000;3830000
10972;SRG II_Elbow,Fracture/Dislocation,Open Reduction And Internal Fixation (ORIF);ODC;10930000;3830000
10973;SRG II_Elbow,Tennis Elbow,Release;ODC;3390000;1190000
10974;SRG II_Eyelids,Simple Laceration,Repair;ODC;1890000;660000
10975;SRG II_Eyelids,Various Lesions,Upper Blepharoplasty (Unilateral);ODC;11370000;3980000
10976;SRG II_Fallopian Tube,,Removal Of Ectopic Gestation;ODC;5970000;2090000
10977;SRG II_Fallopian Tube,,Sterilization (Laparoscopy);ODC;4910000;1720000
10978;SRG II_Fallopian Tube,Completed Family,Division/Ligation;ODC;3690000;1290000
10979;SRG II_Fallopian Tube/Uterus/Ovary,,Therapeutic Laparoscopy;ODC;9650000;3380000
10980;SRG II_Femur,Fracture (Complex Intra-Articular),Open Reduction And Internal Fixation (ORIF) with Plate And Screws;ODC;14210000;4970000
10981;SRG II_Femur,Fracture (Intercondylar),Open Reduction And Internal Fixation (ORIF);ODC;12590000;4410000
10982;SRG II_Femur,Fracture (Single Condylar),Open Reduction And Internal Fixation (ORIF);ODC;10930000;3830000
10983;SRG II_Femur,Fracture,Open Reduction And Internal Fixation (ORIF) with Plate And Screws;ODC;11310000;3960000
10984;SRG II_Finger,Defect/Contracture (Multiple),Reconstruction;ODC;9430000;3300000
10985;SRG II_Finger,Defect/Contracture (Single),Reconstruction;ODC;6220000;2180000
10986;SRG II_Finger,Syndactyly (Multiple),Separation;ODC;13570000;4750000
10987;SRG II_Finger,Syndactyly (Single),Correction;ODC;7540000;2640000
10988;SRG II_Finger,Various Lesions,Amputation (Multiple);ODC;5280000;1850000
10989;SRG II_Finger,Various Lesions,Amputation (Single);ODC;3770000;1320000
10990;SRG II_Foot,,Achilles Tendon Reconstruction;ODC;10710000;3750000
10991;SRG II_Foot,Congenital Talipes Equinovarus (CTEV),Bilateral Release;ODC;12820000;4490000
10992;SRG II_Foot,Congenital Talipes Equinovarus (CTEV),Medial Release;ODC;6160000;2160000
10993;SRG II_Foot,Crush Injuries (Complex),Wound Debridement;ODC;4860000;1700000
10994;SRG II_Foot,Crush Injuries (Simple),Wound Debridement;ODC;3020000;1060000
10995;SRG II_Foot,Fractures,Open Reduction And Internal Fixation (Complex/Multiple Including Talus And Calcaneum);ODC;11310000;3960000
10996;SRG II_Foot,Hallux Valgus/Hammer Toe,Proximal Osteotomy with/without Soft Tissue Reconstruction;ODC;10930000;3830000
10997;SRG II_Gallbladder,Various Lesions,Cholecystectomy (Laparoscopy);ODC;12580000;4400000
10998;SRG II_Gallbladder,Various Lesions,Cholecystectomy (Open);ODC;9050000;3170000
10999;SRG II_Gallbladder,Various Lesions,Cholecystectomy And Repair Of Cholecysto-Enteric/ Cholecysto-Choledochal Fistula (Laparoscopy);ODC;16890000;5910000
11000;SRG II_Gallbladder,Various Lesions,Cholecystectomy And Repair Of Cholecysto-Enteric/ Cholecysto-Choledochal Fistula (Open);ODC;12060000;4220000
11001;SRG II_Gallbladder,Various Lesions,Cholecystectomy/Choledochotomy/Common Bile Duct Exploration with Choledocho-Duodenostomy (Laparoscopy);ODC;15310000;5360000
11002;SRG II_Gallbladder,Various Lesions,Cholecystectomy/Choledochotomy/Common Bile Duct Exploration with Choledocho-Duodenostomy (Open);ODC;10930000;3830000
11003;SRG II_Genital Tract,Cancer,Staging Under General Anesthesia (Includes Cystoscopy/Dilatation & Curettage/Biopsy);ODC;2350000;820000
11004;SRG II_Genital,Fournier Gangrene,Debridement;ODC;5350000;1870000
11005;SRG II_Hand,Closed Fracture,ORIF (Multiple) Non-Joint;ODC;16400000;5740000
11006;SRG II_Hand,Closed Fracture,ORIF with K-Wire/Cerclage Wire Fixation;ODC;7160000;2510000
11007;SRG II_Hand,Closed Fracture,ORIF/Plate And Screws (Single) Joint/Non-Joint;ODC;10930000;3830000
11008;SRG II_Hand,Crush Injuries (Complex),Wound Debridement;ODC;5350000;1870000
11009;SRG II_Hand,Crush Injuries (Simple),Wound Debridement;ODC;3020000;1060000
11010;SRG II_Hand,Flexor Tendon,Trigger Finger (Multiple) Release;ODC;6790000;2380000
11011;SRG II_Hand,Flexor Tendon,Trigger Finger (Single) Release;ODC;3390000;1190000
11012;SRG II_Hand,Fractures/Dislocation,Open Reduction And Internal Fixation (Multiple);ODC;16400000;5740000
11013;SRG II_Hand,Open Fracture,Debridement And ORIF (Single) Joint;ODC;10930000;3830000
11014;SRG II_Hip,Various Lesions,Hemi-Arthroplasty;ODC;13650000;4780000
11015;SRG II_Hip,Various Lesions,Primary Total Joint Replacement (Lap/MIS/Navigated);ODC;19110000;6690000
11016;SRG II_Hip,Various Lesions,Primary Total Joint Replacement (Open);ODC;18100000;6330000
11017;SRG II_Hip,Various Lesions,Primary Total Joint Replacement with Augmentation Requiring Extra Implants Or Bone Grafts (Open);ODC;23520000;8230000
11018;SRG II_Hip,Various Lesions,Revision Hemi-Arthroplasty;ODC;17740000;6210000
11019;SRG II_Hip,Various Lesions,Revision Total Joint Replacement (MIS/Laparoscopy);ODC;32930000;11530000
11020;SRG II_Hip,Various Lesions,Revision Total Joint Replacement (Open);ODC;23520000;8230000
11021;SRG II_Hip/Knee,Therapeutic Arthroscopy,with/without Synovectomy/Labral Repair/FAI Resection For Hip;ODC;11390000;3980000
11022;SRG II_Humerus,Proximal Humerus Or Supracondylar Fracture,ORIF;ODC;10930000;3830000
11023;SRG II_Joints (Finger),Various Lesions,Replacement Arthroplasty;ODC;13960000;4890000
11024;SRG II_Joints (Lower Limb),Loose Bodies,Removal;ODC;7100000;2480000
11025;SRG II_Joints (Upper Limb),Vascular Injury,Major Vascular Reconstruction/Anastomosis/Graft;ODC;13960000;4890000
11026;SRG II_Joints,Arthroscopy,Diagnostic;ODC;5990000;2100000
11027;SRG II_Kidney,,Renovascular Reconstruction;ODC;12570000;4400000
11028;SRG II_Kidney,Blocked Nephrostomy Tube,Change;ODC;1960000;690000
11029;SRG II_Kidney,Calculus,Extra Corporeal Shockwave Lithotripsy (ESWL);ODC;7690000;2690000
11030;SRG II_Kidney,Calculus,Nephrolithotomy/Pyelolithotomy;ODC;8430000;2950000
11031;SRG II_Kidney,Calculus,Percutaneous Nephrolithotomy Or Percutaneous Nephrostolithotomy (PCNL);ODC;14260000;4990000
11032;SRG II_Kidney,Cyst,Imaging Guided Percutaneous Aspiration;ODC;8840000;3100000
11033;SRG II_Kidney,Cyst,Sclerosing And Percutaneous Drainage;ODC;7690000;2690000
11034;SRG II_Kidney,Cyst,Unroofing/Deroofing;ODC;5350000;1870000
11035;SRG II_Kidney,Cyst,Unroofing/Deroofing (Laparoscopy);ODC;7690000;2690000
11036;SRG II_Kidney,Pyonephrosis,Drainage (Open);ODC;6690000;2340000
11037;SRG II_Kidney,Staghorn Calculus,Nephrolithotomy Or Percutaneous Nephrostolithotomy (PCNL);ODC;13320000;4660000
11038;SRG II_Kidney,Staghorn Calculus,Percutaneous Nephrostolithotomy (PCNL) Laser;ODC;18040000;6310000
11039;SRG II_Kidney,Various Lesion,Robotic Renal Biopsy;ODC;8840000;3100000
11040;SRG II_Kidney,Various Lesions,Biopsy (Closed);ODC;4070000;1430000
11041;SRG II_Kidney,Various Lesions,Partial Nephrectomy (Laparoscopy);ODC;21330000;7470000
11042;SRG II_Kidney,Various Lesions,Radical Nephrectomy (Laparoscopy);ODC;18040000;6310000
11043;SRG II_Kidney,Various Lesions,Simple Nephrectomy (Laparoscopy);ODC;12570000;4400000
11044;SRG II_Kidney/Ureter,,Pyeloplasty (Unilateral - Open/Laparoscopy);ODC;8840000;3100000
11045;SRG II_Kidney/Ureter,,Retrograde Intrarenal Surgery Or RIRS Using Flexible Ureteroscopy (Diagnostic);ODC;6160000;2150000
11046;SRG II_Kidney/Ureter,,Retrograde Intrarenal Surgery Or RIRS Using Flexible Ureteroscopy (Therapeutic - e.g. Lithotripsy And/Or Basket Extraction Of Stones);ODC;12570000;4400000
11047;SRG II_Knee Ligaments,Disruption,Reconstruction And Repair;ODC;14330000;5010000
11048;SRG II_Knee,Arthroscopy,Knee Ligament Reconstruction (1 Or More);ODC;12060000;4220000
11049;SRG II_Knee,Ligaments/Meniscus/Cartilage/Bone Combined,ACL Or PCL Reconstruction (MIS/Laparoscopy);ODC;18100000;6330000
11050;SRG II_Knee,Ligaments/Meniscus/Cartilage/Bone Combined,Ligament Reconstruction with Meniscal Repair (Laparoscopy);ODC;18100000;6330000
11051;SRG II_Knee,Meniscus/Cartilage,Meniscal Repair (Laparoscopy);ODC;14140000;4950000
11052;SRG II_Knee,Various Lesions,Meniscectomy with/without Arthroscopy;ODC;11390000;3980000
11053;SRG II_Knee,Various Lesions,Primary Total Joint Replacement (Unilateral - Open);ODC;15080000;5280000
11054;SRG II_Knee,Various Lesions,Primary Total Joint Replacement (Unilateral) (Lap/MIS/Navigated);ODC;21110000;7390000
11055;SRG II_Knee,Various Lesions,Primary Total Joint Replacement (Unilateral) with Augmentation Requiring Extra Implants Or Bone Grafts (Open);ODC;19600000;6860000
11056;SRG II_Knee,Various Lesions,Revision Total Joint Replacement (MIS/Laparoscopy);ODC;27450000;9610000
11057;SRG II_Knee,Various Lesions,Revision Total Joint Replacement (Open);ODC;19600000;6860000
11058;SRG II_Laparotomy Debulking (Advanced Disease,Primary/Recurrent);ODC;10930000;3830000
11059;SRG II_Laryngoscopy with Removal Of Tumour/Lesions,,Laryngoscopy with Removal Of Tumour/Lesions;ODC;8440000;2960000
11060;SRG II_Larynx And Pharynx,Various Lesions,Laser Application;ODC;6730000;2360000
11061;SRG II_Larynx,,Laryngectomy with Bilateral Neck Dissection;ODC;13330000;4670000
11062;SRG II_Larynx,Various Lesions,Hemi/Partial Laryngectomy;ODC;13330000;4670000
11063;SRG II_Larynx,Various Lesions,Hemi/Partial Laryngectomy with Radical Neck Dissection;ODC;15080000;5280000
11064;SRG II_Lens,,Complicated Cataract Extraction with Intraocular Lens Implant (Capsular Tension Ring/Capsular Tension Segment);ODC;5720000;2000000
11065;SRG II_Lens,Cataract,Extraction with Intra-Ocular Lens Implant (Unilateral);ODC;6830000;2390000
11066;SRG II_Lens,Cataract,Extraction with Intra-Ocular Lens Implant And Trabeculectomy with/without Antimetabolites;ODC;6830000;2390000
11067;SRG II_Liver,Abscess,Trans-Abdominal Drainage (Laparoscopy);ODC;7490000;2620000
11068;SRG II_Liver,Abscess,Trans-Abdominal Drainage (Open);ODC;5350000;1870000
11069;SRG II_Lower Limb,Ischemia,Fasciotomy;ODC;7010000;2450000
11070;SRG II_Lung,Various Lesions,Pneumonectomy/Lobectomy/Segmental Resection;ODC;15680000;5490000
11071;SRG II_Lung,Various Lesions,Repeat/Multiple/Complex Resections;ODC;13290000;4650000
11072;SRG II_Lung,Various Lesions,Wedge Resection;ODC;11280000;3950000
11073;SRG II_Lymph Node (Axillary),Various Lesions,Sentinel LN Biopsy Only;ODC;4890000;1710000
11074;SRG II_Lymph Node (Cervical),,Radical with Flap Reconstruction;ODC;19230000;6730000
11075;SRG II_Lymph Node (Cervical),Various Lesions,Biopsy;ODC;2440000;850000
11076;SRG II_Lymph Node (Cervical),Various Lesions,Neck Dissection (Bilateral 3 Or Less Levels);ODC;9780000;3420000
11077;SRG II_Lymph Node (Cervical),Various Lesions,Neck Dissection (Unilateral 1-3 Levels);ODC;7720000;2700000
11078;SRG II_Lymph Node (Cervical),Various Lesions,Radical Neck Dissection;ODC;13570000;4750000
11079;SRG II_Lymph Node (Cervical),Various Lessions,Biopsy;ODC;3800000;1330000
11080;SRG II_Lymph Node (Inguinal),Various Lesions,Limited Excision;ODC;4890000;1710000
11081;SRG II_Lymph Node (Inguinal),Various Lesions,Radical Excision;ODC;6420000;2250000
11082;SRG II_Lymph Node (Pelvic) Dissection,,Dissection (Open);ODC;9370000;3280000
11083;SRG II_Lymph Node (Pelvic),,Dissection (Laparoscopy);ODC;13120000;4590000
11084;SRG II_Lymph Node (Retropharyngeal),,Neck Dissection (Open/Transoral);ODC;10450000;3660000
11085;SRG II_Lymph Node (Single),Various Lesions,Excision Biopsy (Laparoscopy);ODC;5250000;1840000
11086;SRG II_Lymph Node (Single),Various Lesions,Excision Biopsy (Open);ODC;3750000;1310000
11087;SRG II_Lymph Node,Various Lesions,Biopsy;ODC;3640000;1270000
11088;SRG II_Maxilla,Alveolar Cleft (Unilateral Complete),Bone Graft And Closure Of Naso Buccal Fistula;ODC;9050000;3170000
11089;SRG II_Maxilla,Fracture - Lefort II (Complex),Open Reduction And Fixation;ODC;10560000;3690000
11090;SRG II_Maxilla,Various Lesions,Ostectomy/Osteotomy (>1 Segment);ODC;10560000;3690000
11091;SRG II_Maxilla,Various Lesions,Resection/Hemimaxillectomy (Open Or Endoscopic Method);ODC;9050000;3170000
11092;SRG II_Mouth,Cleft Lip,Unilateral Primary Repair;ODC;5350000;1870000
11093;SRG II_Mouth,Tumor,Radical Excision Biopsy with Resection Of Mandible And Lymph Nodes And Reconstruction;ODC;15680000;5490000
11094;SRG II_Mucous Membrane,Tumor/Cyst/Ulcer/Scar,Excision;ODC;2340000;820000
11095;SRG II_Nerve (Upper Limb),Carpal Tunnel Syndrome,Release with Endoneurolysis (Bilateral);ODC;18530000;6480000
11096;SRG II_Nerve (Upper Limb),Carpal Tunnel Syndrome,Release with Endoneurolysis (Unilateral);ODC;12660000;4430000
11097;SRG II_Nerve (Upper Limb),Entrapment Syndrome (Others),Decompression (Unilateral);ODC;11650000;4080000
11098;SRG II_Nerve (Upper Limb),Guyon's Tunnel Syndrome,Release (Unilateral);ODC;11650000;4080000
11099;SRG II_Nerve Root (Cervical),,Block (Injection Of Anaesthetic - Therapeutic Substance) (>1 level);ODC;13400000;4690000
11100;SRG II_Nerve Root (Lumbar/Thoracic),,Block (Injection Of Anaesthetic - Therapeutic Substance) (1 level);ODC;13400000;4690000
11101;SRG II_Nose,Hematoma/Abscess,Evacuation/Incision & Drainage;ODC;2710000;950000
11102;SRG II_Nose,Various Lesions (Turbinates),Turbinectomy/Turbinoplasty/Submucous Resection (with/without Endoscopes);ODC;6060000;2120000
11103;SRG II_Nose,Various Lesions,Septoplasty/Submucous Resection;ODC;7540000;2640000
11104;SRG II_Ovary,Malignant Tumor/Cyst,Total Hysterectomy Bilateral Salpingo-Oophorectomy with Omentectomy,Surgical Staging with/without Lymphadenectomy (Laparoscopy);ODC;16360000;5730000
11105;SRG II_Ovary,Malignant Tumor/Cyst,Total Hysterectomy Bilateral Salpingo-Oophorectomy with Omentectomy,Surgical Staging with/without Lymphadenectomy (Open);ODC;11690000;4090000
11106;SRG II_Ovary,Tumor/Cyst,Cystectomy (Complicated >5cm - Laparoscopy);ODC;9820000;3440000
11107;SRG II_Ovary,Tumor/Cyst,Cystectomy (Complicated >5cm);ODC;7010000;2450000
11108;SRG II_Ovary,Tumor/Cyst,Cystectomy (Simple <5cm - Laparoscopy);ODC;8760000;3070000
11109;SRG II_Ovary,Tumor/Cyst,Cystectomy (Simple <5cm);ODC;6260000;2190000
11110;SRG II_Ovary,Tumor/Cyst,Oophorectomy/Salpingo-Oophorectomy (Complicated);ODC;8440000;2960000
11111;SRG II_Ovary,Tumor/Cyst,Oophorectomy/Salpingo-Oophorectomy (Simple);ODC;6290000;2200000
11112;SRG II_Paravertebral Region,Block,Anaesthetic (>2 levels);ODC;13400000;4690000
11113;SRG II_Parotid,,Total Parotidectomy with/without Preservation Of Facial Nerve;ODC;14250000;4990000
11114;SRG II_Parotid,Tumor,Superficial Parotidectomy;ODC;9230000;3230000
11115;SRG II_Pelvis,Fracture,Fixation Of Anterior And Posterior Ring;ODC;16210000;5670000
11116;SRG II_Penis,,Dorsumcision;ODC;3660000;1280000
11117;SRG II_Penis,,V. Spermatika Interna Ligation (Microsurgery);ODC;7690000;2690000
11118;SRG II_Penis,Buried Penis,Buried Penis Surgery;ODC;5350000;1870000
11119;SRG II_Penis,Congenital Organ Abnormality,Webbed Penis Excision;ODC;5350000;1870000
11120;SRG II_Penis,Glanular Hypospadias,Meatoplasty And Circumcision;ODC;3660000;1280000
11121;SRG II_Penis,Hypospadias,Correction Of Chordee;ODC;6300000;2200000
11122;SRG II_Penis,Hypospadias,Urethral Reconstruction;ODC;10030000;3510000
11123;SRG II_Penis,Hypospadias,Urethral Reconstruction & Correction Of Chordee;ODC;12570000;4400000
11124;SRG II_Penis,Paraphimosis/Phimosis/Reduction Prepuce,Circumcision;ODC;3660000;1280000
11125;SRG II_Penis,Penoscrotal Transposition,Reconstruction;ODC;12570000;4400000
11126;SRG II_Penis,Priapism,Priapism Operation (Winter Procedure);ODC;5350000;1870000
11127;SRG II_Penis,Trauma,Reconstruction (1st Stage);ODC;10620000;3720000
11128;SRG II_Penis,Trauma,Reconstruction (2nd Stage);ODC;10620000;3720000
11129;SRG II_Penis,Various Lesions,Insertion Of Penile Prosthesis;ODC;12580000;4400000
11130;SRG II_Peripheral Nerve,Block,Anaesthetic (Up To 2 Nerves);ODC;11650000;4080000
11131;SRG II_Prostate Gland,,Simple Prostatectomy (Laparoscopy);ODC;11820000;4140000
11132;SRG II_Prostate Gland,,Simple Prostatectomy (Open);ODC;8440000;2960000
11133;SRG II_Prostate Gland,Various Lesions,Biporal Transurethral Resection Of Prostate (Bipolar Turp);ODC;10930000;3830000
11134;SRG II_Prostate Gland,Various Lesions,Open Prostatectomy And Sectio Alta;ODC;5350000;1870000
11135;SRG II_Prostate Gland,Various Lesions,Radical Prostatectomy (Laparoscopy);ODC;19100000;6680000
11136;SRG II_Prostate Gland,Various Lesions,Radical Prostatectomy (Open);ODC;13640000;4770000
11137;SRG II_Prostate Gland,Various Lesions,Saturation Prostate Biopsy;ODC;3630000;1270000
11138;SRG II_Prostate Gland,Various Lesions,Trans-Rectal Ultrasound (TRUS);ODC;1960000;690000
11139;SRG II_Prostate Gland,Various Lesions,Trans-Rectal Ultrasound (TRUS) Guided Biopsy;ODC;1960000;690000
11140;SRG II_Prostate Gland,Various Lesions,Transurethral Resection Of Prostate (TURP) >30gm;ODC;9350000;3270000
11141;SRG II_Radius And Ulna,Fracture/Dislocation,Open Reduction And Internal Fixation with/without Bone Grafting;ODC;10930000;3830000
11142;SRG II_Rectum,,Ultra-Low Anterior Resection (Total Mesorectal Excision) with/without PLND;ODC;12610000;4420000
11143;SRG II_Scrotum,Hydrocele/Varicocele (Unilateral),Excision;ODC;4870000;1700000
11144;SRG II_Scrotum,Varicocele,Varicocelectomy (Palomo);ODC;4070000;1430000
11145;SRG II_Shoulder Fracture/Dislocation,,Open Reduction And Internal Fixation (3 Or More Part Fracture);ODC;10930000;3830000
11146;SRG II_Shoulder,,Acromioclavicular Joint Stabilisation/Reconstruction;ODC;10930000;3830000
11147;SRG II_Shoulder,,Therapeutic Arthroscopy;ODC;15080000;5280000
11148;SRG II_Shoulder,Shoulder Soft Tissue Injury,Decompression Alone (Open/Laparoscopy);ODC;14140000;4950000
11149;SRG II_Shoulder,Shoulder Soft Tissue Injury,Decompression with Cuff Repair (Open/Laparoscopy);ODC;15830000;5540000
11150;SRG II_Shoulder,Shoulder Soft Tissue Injury,MIS Repair With Superior Labrum From Anterior To Posterior (Slap) Repair/Rotator Cuff Repair;ODC;18100000;6330000
11151;SRG II_Shoulder,Shoulder Soft Tissue Injury,Open Bankart Repair With Superior Labrum From Anterior To Posterior (Slap) Repair/Rotator Cuff Repair;ODC;13960000;4890000
11152;SRG II_Shoulder,Various Lesions,Hemiarthroplasty;ODC;12580000;4400000
11153;SRG II_Sinuses,Nasal,Foreign Body/Other Lesions,Intranasal Operation/Removal Of Foreign Body;ODC;4070000;1430000
11154;SRG II_Sinuses,Nasal,Infection,Functional Sinuscopic Drainage Of Ethmoidal/ Maxillary Sinuses;ODC;8440000;2960000
11155;SRG II_Sinuses,Nasal,Infection,Functional Sinuscopic Ethmoidectomy (Bilateral);ODC;10530000;3680000
11156;SRG II_Sinuses,Nasal,Infection,Functional Sinuscopic Ethmoidectomy (Unilateral);ODC;7520000;2630000
11157;SRG II_Skin And Subcutaneous Tissue (Ear/Nose/Eyelid/Face),Complex Lacerations,Repair;ODC;5470000;1910000
11158;SRG II_Skin And Subcutaneous Tissue (Face And Neck),Scar (>3cm),Revision;ODC;3750000;1310000
11159;SRG II_Skin And Subcutaneous Tissue,Burns,Escharotomy (Extensive);ODC;1960000;690000
11160;SRG II_Skin And Subcutaneous Tissue,Burns,Escharotomy (Limited);ODC;980000;340000
11161;SRG II_Skin And Subcutaneous Tissue,Deep (>3cm)/Extensive Contaminated Wound,Debridement;ODC;4870000;1710000
11162;SRG II_Skin And Subcutaneous Tissue,Defect,Direct Flap (Cross Finger/Similar Flaps);ODC;7950000;2780000
11163;SRG II_Skin And Subcutaneous Tissue,Defect,Single Stage Local Flap (Complicated/Large);ODC;10220000;3580000
11164;SRG II_Skin And Subcutaneous Tissue,Hematoma/Carbuncle Cellulitis/Similar Lesion>3cm,Saucerisation/Incision with Drainage;ODC;3260000;1140000
11165;SRG II_Skin And Subcutaneous Tissue,Sinus (Shallow<3cm),Excision with/without Biopsy;ODC;1130000;400000
11166;SRG II_Skin And Subcutaneous Tissue,Tumor/Cyst/Ulcer/Scar,Excision Biopsy  (> 15mm diameter);ODC;1960000;690000
11167;SRG II_Skin And Subcutaneous Tissue,Wound,Debridement (<3cm);ODC;1090000;380000
11168;SRG II_Skin,Burns (2% To 5%),Excision;ODC;3200000;1120000
11169;SRG II_Skin,Burns (More Than 10%),Dressing;ODC;3750000;1310000
11170;SRG II_Skin,Keratoses/Warts/Tags/Similar Lesions,Excision (6 - 10 Lesions);ODC;1960000;690000
11171;SRG II_Skin,Keratoses/Warts/Tags/Similar Lesions,Excision (More Than10 Lesions);ODC;4070000;1430000
11172;SRG II_Skin,Keratoses/Warts/Tags/Similar Lesions,Excision (Not More Than 5 Lesions);ODC;980000;340000
11173;SRG II_Skin,Plantar Wart,Excision Or Vaporisation By Laser;ODC;980000;340000
11174;SRG II_Skull,Intracranial Hemorrhage,Osteoplastic Craniotomy/Extensive Craniectomy (Unilateral);ODC;40200000;14070000
11175;SRG II_Soft Tissue (Lower Limb),Contracture,Major Release;ODC;7690000;2690000
11176;SRG II_Soft Tissue (Lower Limb),Contracture,Minor Release;ODC;4070000;1430000
11177;SRG II_Soft Tissue (Lower Limb),Small Tumors (Benign),Excision Biopsy Under General Anesthesia;ODC;2500000;870000
11178;SRG II_Soft Tissue (Lower Limb),Tumors (Benign),Wide Excision Biopsy;ODC;6150000;2150000
11179;SRG II_Soft Tissue (Upper Limb),Tumors (Benign),Major Excision Biopsy;ODC;6150000;2150000
11180;SRG II_Soft Tissue (Upper Limb),Tumors (Malignant),Wide Excision Biopsy;ODC;7840000;2740000
11181;SRG II_Soft Tissue,Tumor (Malignant),Wide Excision Biopsy <7cm Other Than Upper/Lower Limbs;ODC;4870000;1710000
11182;SRG II_Spermatic Cord,Spermatocele/Epididymal Cyst,Excision;ODC;4870000;1700000
11183;SRG II_Spine (exclude Cervical Spine),Various Lesions,Interbody Fusion (Single Segment) with Anterior/Posterior Instrumentation;ODC;27140000;9500000
11184;SRG II_Spine,,Facet Joint Block (Injection Of Anaesthetic Or Therapeutic Substance) up to 3 Joints;ODC;11650000;4080000
11185;SRG II_Spine,,Removal Of Spine Implants without Other Procedures (Anterior Approach);ODC;13960000;4890000
11186;SRG II_Spine,,Vertebroplasty Or Kyphoplasty (Multiple Levels);ODC;20130000;7050000
11187;SRG II_Spine,,Vertebroplasty Or Kyphoplasty (Single Level);ODC;13420000;4700000
11188;SRG II_Spine,Fracture-Dislocation,Open Reduction And Stabilisation;ODC;18640000;6520000
11189;SRG II_Spine,Infection,Posterior Drainage,Debridement And Removal Of Implants,without Fusion Or Other Procedures;ODC;13960000;4890000
11190;SRG II_Spine,Percutaneous Disc Ablation,2 Or More Levels (Intradiscal Electrothermal Annuloplasty/IDET);ODC;16400000;5740000
11191;SRG II_Spine,Percutaneous Disc Ablation,Single Level (Intradiscal Electrothermal Annuloplasty/IDET);ODC;10930000;3830000
11192;SRG II_Spine,Syringomyelia,Laminectomy And Drainage;ODC;18640000;6520000
11193;SRG II_Spleen,Trauma,Splenectomy;ODC;10330000;3620000
11194;SRG II_Spleen,Various Non-Traumatic Lesions,Splenectomy (Open);ODC;8440000;2960000
11195;SRG II_Tendon Sheath (Upper Limb),De Quervain's (Bilateral),Release;ODC;9350000;3270000
11196;SRG II_Tendon Sheath (Upper Limb),De Quervain's (Unilateral),Release;ODC;7010000;2450000
11197;SRG II_Tendon Sheath (Upper Limb),Ganglion/Villo-Nodular Synovitis,Excision;ODC;4540000;1590000
11198;SRG II_Tendon Sheath And Subcutaneous Tissue,Ganglion/Large Bursa,Excision Biopsy (>3cm) ;ODC;4070000;1430000
11199;SRG II_Tendon Sheath And Subcutaneous Tissue,Ganglion/Small Bursa,Excision Biopsy (<3cm) ;ODC;3710000;1300000
11200;SRG II_Tendon-Achilles (Lower Limb),Disruption,Repair;ODC;7540000;2640000
11201;SRG II_Testis,Inguinal,Hydrocele,High Ligation Surgery;ODC;5350000;1870000
11202;SRG II_Testis,Undescended/Ectopic (Bilateral),Orchidopexy/Transplantation with Hernia Repair;ODC;9420000;3300000
11203;SRG II_Testis,Undescended/Ectopic (Unilateral),Orchidopexy/Transplantation with Hernia Repair;ODC;6730000;2360000
11204;SRG II_Testis,Variocoele,Spermatic Vein Embolisation;ODC;5700000;2000000
11205;SRG II_Testis,Various Lesions,Exploration/Repair;ODC;2690000;940000
11206;SRG II_Testis,Various Lesions,Orchidectomy (Simple - Laparoscopy);ODC;10230000;3580000
11207;SRG II_Testis,Various Lesions,Orchidectomy (Simple);ODC;7310000;2560000
11208;SRG II_Thorax,,Decortication (Laparoscopy);ODC;16200000;5670000
11209;SRG II_Thorax,Effusion/Fluid/Abscess Collection,Imaging Guided Percutaneous Aspiration/Diagnostic Tap;ODC;4320000;1510000
11210;SRG II_Thorax,Pleural Effusion,Aspiration;ODC;1430000;500000
11211;SRG II_Thorax,Pleural Effusion,Biopsy;ODC;1790000;630000
11212;SRG II_Thorax,Tumor (Mediastinal),Complex Resection;ODC;16740000;5860000
11213;SRG II_Thorax,Tumor (Mediastinal),Resection;ODC;13290000;4650000
11214;SRG II_Thorax,Various Lesions,Intercostal Drain (Insertion without Resection Of Rib);ODC;5420000;1900000
11215;SRG II_Thorax,Various Lesions,Thoracotomy (Exploration) with/without Biopsy;ODC;7680000;2690000
11216;SRG II_Thyroglossal Duct,Cyst Fistula,Excision;ODC;4570000;1600000
11217;SRG II_Thyroid,Various Lesions,Hemithyroidectomy/Partial Thyroidectomy;ODC;10240000;3580000
11218;SRG II_Thyroid,Various Lesions,Total/Subtotal Thyroidectomy;ODC;10290000;3600000
11219;SRG II_Thyroid,Various Lesions,Total/Subtotal Thyroidectomy with Neck Dissection (Unilateral);ODC;20480000;7170000
11220;SRG II_Tibia,Fracture,Open Reduction And Internal Fixation with Plates And Screws (Comminuted);ODC;14210000;4970000
11221;SRG II_Tibia,Fracture,Open Reduction and Internal Fixation with Plates And Screws (Simple);ODC;10930000;3830000
11222;SRG II_Tibia,Tibial Plateau,Tibia Plateau Unicondylar ORIF;ODC;10930000;3830000
11223;SRG II_Tongue,Tumor,Glossectomy with Radical Neck Dissection;ODC;10930000;3830000
11224;SRG II_Tongue,Tumor,Hemi-Glossectomy;ODC;5350000;1870000
11225;SRG II_Tongue,Tumor,Total Glossectomy;ODC;6030000;2110000
11226;SRG II_Tonsils,Abscess,Drainage;ODC;980000;340000
11227;SRG II_Tonsils,Various Lesions,Removal;ODC;5010000;1750000
11228;SRG II_Trachea,Tracheostomy,Revision And Reinsertion;ODC;6540000;2290000
11229;SRG II_Trachea,Various Lesions,Trachea Reconstruction;ODC;10150000;3550000
11230;SRG II_Trachea,Various Lesions,Tracheostomy;ODC;4730000;1650000
11231;SRG II_Upper Limb,Fracture/Dislocation,Manipulation And Reduction;ODC;3020000;1060000
11232;SRG II_Ureter,,Anastomosis End To End Ureter;ODC;6160000;2150000
11233;SRG II_Ureter,,Cystoscopy And Insertion Of Double J Stent;ODC;6160000;2150000
11234;SRG II_Ureter,,Extra Corporeal Shockwave Lithotripsy (ESWL) For Ureteric Stone;ODC;7690000;2690000
11235;SRG II_Ureter,,Ureteroscopy;ODC;4880000;1710000
11236;SRG II_Ureter,Calculus,Ureteroscopy And Lithotripsy with/without Ultrasound;ODC;8840000;3100000
11237;SRG II_Ureter,Calculus,Ureteroscopy And Lithotripsy with/without Ultrasound (Laser);ODC;12570000;4400000
11238;SRG II_Ureter,Various Lesions,Intestinal Conduit;ODC;11930000;4170000
11239;SRG II_Ureter,Various Lesions,Reimplantation (Bilateral);ODC;12570000;4400000
11240;SRG II_Ureter,Various Lesions,Reimplantation (Unilateral);ODC;8840000;3100000
11241;SRG II_Ureter,Various Lesions,Reimplantation,Laparoscopy (Unilateral);ODC;12570000;4400000
11242;SRG II_Ureter,Various Lesions,Ureterotomy/Insertion Of Double J Stent;ODC;6510000;2280000
11243;SRG II_Urethra,,Ureteroscopy;ODC;4070000;1430000
11244;SRG II_Urethra,Hypospadias,Meatoplasty;ODC;2250000;790000
11245;SRG II_Urethra,Injury,Repair/Urethroplasty Of Anterior Urethra;ODC;6510000;2280000
11246;SRG II_Urethra,Meatal Stenosis,Meatotomy;ODC;2340000;820000
11247;SRG II_Urethra,Various Lesions,Sachse Internal Urethrotomy;ODC;8840000;3100000
11248;SRG II_Urethra,Various Lesions,Staged Urethroplasty (Each Stage);ODC;8840000;3100000
11249;SRG II_Uterus,,Sub-Total/Total Hysterectomy with/without Salpingo-Oophorectomy;ODC;10190000;3570000
11250;SRG II_Uterus,Endometriosis,Hysterectomy with Salpingo-Oophorectomy;ODC;10930000;3830000
11251;SRG II_Uterus,Endometriosis,Hysterectomy without Salpingo-Oophorectomy;ODC;7690000;2690000
11252;SRG II_Uterus,Fibroids,Myomectomy (Complicated >5cm/Multiple >2/Challenging Location);ODC;9650000;3380000
11253;SRG II_Uterus,Fibroids,Myomectomy (Simple <5cm - Laparoscopy);ODC;11140000;3900000
11254;SRG II_Uterus,Fibroids,Myomectomy (Simple <5cm - Open);ODC;7950000;2780000
11255;SRG II_Uterus,Malignant Condition,Radical Hysterectomy with/without Lymphadenectomy;ODC;11980000;4190000
11256;SRG II_Uterus,Malignant Condition,Radical Hysterectomy with/without Lymphadenectomy (Laparoscopy);ODC;16770000;5870000
11257;SRG II_Uterus,Malignant Condition,Total Hysterectomy with/without Salpingo-Oophorectomy with/without Lymph Node Dissection (Open);ODC;10930000;3830000
11258;SRG II_Uterus,Pregnancy And Multiparity,Uncomplicated Caesarean Section And Tubal Ligation;ODC;7190000;2520000
11259;SRG II_Uterus,Pregnancy,Caesarean Section with Hysterectomy;ODC;12190000;4270000
11260;SRG II_Uterus,Pregnancy,Uncomplicated Caesarean Section;ODC;5980000;2090000
11261;SRG II_Uterus,Various Lesions,Curettage with/without Dilatation;ODC;1960000;690000
11262;SRG II_Uterus/Cervix,Hysteroscopy,Diagnostic with General Anesthesia;ODC;2200000;770000
11263;SRG II_Vas Deferens,,Vasovasostomy;ODC;8840000;3100000
11264;SRG II_Vas Deferens,Various Lesions,Varicocelectomy (Microsurgical);ODC;8840000;3100000
11265;SRG II_Vas Deferens,Various Lesions,Vasectomy;ODC;3640000;1270000
11266;SRG II_Vein,Arterio-Venous Fistula,Dissection And Ligation;ODC;2140000;750000
11267;SRG II_Vein,Bleeding Varicosities/Vascular Malformation,Image Guided Sclerotherapy Injection;ODC;6460000;2260000
11268;SRG II_Vein,Varicosity,High Ligation And Complete Stripping/Excision Of Long/Long And Short Saphenous Vein;ODC;8030000;2810000
11269;SRG II_Vulva,Abscess,Incision;ODC;1870000;650000
11270;SRG II_Vulva,Bartholin Cyst,Incision/Marsupialization with/without Use Of Laser;ODC;1870000;650000
11271;SRG II_Vulva,Malignant Condition,Radical Vulvectomy With Groin Dissection And With Or Without Skin Flap Closure;ODC;17150000;6000000
11272;SRG II_Wrist,Distal Or Radial Ulnar Joint (DRUJ) Instability,Complex Ligament Reconstruction;ODC;13960000;4890000
11273;SRG II_Wrist,Distal Radius Fracture,Open Reduction And Internal Fixation (ORIF) with Ulnar Head/Styloid Fixation/Tfcc Repair;ODC;10930000;3830000
11274;RPA Procedure;ODC;6800000;0
11275;PTCA 1 STENT;ED;14994000;4498200
11276;PTCA 2 STENT;ED;18027000;5408100
11277;PTCA 3 STENT;ED;22450000;6735000
11278;PTCA 1 STENT;BASIC;11350000;3405000
11279;PTCA 2 STENT;BASIC;13550000;4065000
11280;PTCA 3 STENT;BASIC;17025000;5107500
11281;PTCA 1 STENT;STANDARD;14994000;4498200
11282;PTCA 2 STENT;STANDARD;18027000;5408100
11283;PTCA 3 STENT;STANDARD;22450000;6735000
11284;PTCA 1 STENT;DELUXE;16500000;4950000
11285;PTCA 2 STENT;DELUXE;18700000;5610000
11286;PTCA 3 STENT;DELUXE;22450000;6735000
11287;PTCA 1 STENT;VIP;19457000;5837100
11288;PTCA 2 STENT;VIP;23437000;7031100
11289;PTCA 3 STENT;VIP;29185000;8755500
11290;CORONARY ANGIOGRAM;BASIC;4400000;1320000
11291;CORONARY ANGIOGRAM;STANDARD;5982000;1794600
11292;CORONARY ANGIOGRAM;DELUXE;7150000;2145000
11293;CORONARY ANGIOGRAM;VIP;7778000;2333400
11294;ABLASI 3D VIP;BASIC;65500000;22925000
11295;ABLASI 3D VIP;STANDARD;65500000;22925000
11296;ABLASI 3D VIP;DELUXE;65500000;22925000
11297;ABLASI 3D VIP;VIP;65500000;22925000
11298;ABLASI 3D DELUXE ;BASIC;60500000;18150000
11299;ABLASI 3D DELUXE ;STANDARD;60500000;18150000
11300;ABLASI 3D DELUXE ;DELUXE;60500000;18150000
11301;ABLASI 3D DELUXE ;VIP;60500000;18150000
0002_1;Doctor Operator;ED;0;0
0003_1;Doctor Operator;OPD;0;0
0004_1;Doctor Operator;ODC;0;0
0005_1;Doctor Operator;BASIC;0;0
0006_1;Doctor Operator;STANDARD;0;0
0007_1;Doctor Operator;DELUXE;0;0
0008_1;Doctor Operator;VIP;0;0
0009_1;Doctor Operator;VVIP;0;0
0010_1;Doctor Operator;SUITE;0;0
0011_1;Doctor Operator;PRESIDENTIAL SUITE;0;0
0012_1;PTA (PERCUTANEOUS TRANSLUMINAL ANGIOPLASTY);ED;18571500;0
0013_1;PTA (PERCUTANEOUS TRANSLUMINAL ANGIOPLASTY);OPD;14285800;0
0014_1;PTA (PERCUTANEOUS TRANSLUMINAL ANGIOPLASTY);ODC;14285800;0
0015_1;PTA (PERCUTANEOUS TRANSLUMINAL ANGIOPLASTY);BASIC;14285800;0
0016_1;PTA (PERCUTANEOUS TRANSLUMINAL ANGIOPLASTY);STANDARD;18571500;0
0017_1;PTA (PERCUTANEOUS TRANSLUMINAL ANGIOPLASTY);DELUXE;20000000;0
0018_1;PTA (PERCUTANEOUS TRANSLUMINAL ANGIOPLASTY);VIP;21428600;0
0019_1;PTA (PERCUTANEOUS TRANSLUMINAL ANGIOPLASTY);VVIP;22857200;0
0020_1;PTA (PERCUTANEOUS TRANSLUMINAL ANGIOPLASTY);SUITE;22857200;0
0021_1;PTA (PERCUTANEOUS TRANSLUMINAL ANGIOPLASTY);PRESIDENTIAL SUITE;22857200;0
0001_1;S-ODONTECTOMY A;BASIC;4708000;0
0002_2;S-ODONTECTOMY B;BASIC;5297000;0
0003_2;S-ODONTECTOMY C;BASIC;5885000;0
0004_2;S-ODONTECTOMY A;STANDARD;4708000;0
0005_2;S-ODONTECTOMY B;STANDARD;5297000;0
0006_2;S-ODONTECTOMY C;STANDARD;5885000;0
0007_2;S-ODONTECTOMY A;DELUXE;4708000;0
0008_2;S-ODONTECTOMY B;DELUXE;5297000;0
0009_2;S-ODONTECTOMY C;DELUXE;5885000;0
0010_2;S-ODONTECTOMY A;VIP;4708000;0
0011_2;S-ODONTECTOMY B;VIP;5297000;0
0012_2;S-ODONTECTOMY C;VIP;5885000;0
0013_2;S-ODONTECTOMY A;VVIP;4708000;0
0014_2;S-ODONTECTOMY B;VVIP;5297000;0
0015_2;S-ODONTECTOMY C;VVIP;5885000;0
0016_2;S-ODONTECTOMY A;SUITE;4708000;0
0017_2;S-ODONTECTOMY B;SUITE;5297000;0
0018_2;S-ODONTECTOMY C;SUITE;5885000;0
0019_2;S-ODONTECTOMY A;ED;4708000;0
0020_2;S-ODONTECTOMY B;ED;5297000;0
0021_2;S-ODONTECTOMY C;ED;5885000;0
0022_1;S-ODONTECTOMY A;OPD;4708000;0
0023_1;S-ODONTECTOMY B;OPD;5297000;0
0024_1;S-ODONTECTOMY C;OPD;5885000;0
